Command line invocation:
    /Applications/Xcode_16.2.app/Contents/Developer/usr/bin/xcodebuild -project AutoReframe.xcodeproj -scheme AutoReframe -configuration Release -sdk iphoneos -destination generic/platform=iOS -derivedDataPath build-device CODE_SIGNING_ALLOWED=NO build

User defaults from command line:
    IDEDerivedDataPathOverride = /Users/runner/work/Reframe/Reframe/App/build-device
    IDEPackageSupportUseBuiltinSCM = YES

Build settings from command line:
    CODE_SIGNING_ALLOWED = NO
    SDKROOT = iphoneos18.2

Resolve Package Graph


Resolved source packages:
  ReframeCore: /Users/runner/work/Reframe/Reframe/Packages/ReframeCore

Prepare packages

ComputeTargetDependencyGraph
note: Building targets in dependency order
note: Target dependency graph (5 targets)
    Target 'AutoReframe' in project 'AutoReframe'
        ➜ Explicit dependency on target 'TrackingKit' in project 'ReframeCore'
        ➜ Explicit dependency on target 'ReframeCore' in project 'ReframeCore'
    Target 'ReframeCore' in project 'ReframeCore'
        ➜ Explicit dependency on target 'ReframeCore' in project 'ReframeCore'
    Target 'TrackingKit' in project 'ReframeCore'
        ➜ Explicit dependency on target 'TrackingKit' in project 'ReframeCore'
        ➜ Explicit dependency on target 'ReframeCore' in project 'ReframeCore'
    Target 'TrackingKit' in project 'ReframeCore'
        ➜ Explicit dependency on target 'ReframeCore' in project 'ReframeCore'
    Target 'ReframeCore' in project 'ReframeCore' (no dependencies)

GatherProvisioningInputs

CreateBuildDescription

ExecuteExternalTool /Applications/Xcode_16.2.app/Contents/Developer/Toolchains/XcodeDefault.xctoolchain/usr/bin/swiftc --version

ExecuteExternalTool /Applications/Xcode_16.2.app/Contents/Developer/Toolchains/XcodeDefault.xctoolchain/usr/bin/clang -v -E -dM -isysroot /Applications/Xcode_16.2.app/Contents/Developer/Platforms/iPhoneOS.platform/Developer/SDKs/iPhoneOS18.2.sdk -x c -c /dev/null

ExecuteExternalTool /Applications/Xcode_16.2.app/Contents/Developer/Toolchains/XcodeDefault.xctoolchain/usr/bin/ld -version_details

Build description signature: 7f097770f5bce483a971903989fde8d0
Build description path: /Users/runner/work/Reframe/Reframe/App/build-device/Build/Intermediates.noindex/XCBuildData/7f097770f5bce483a971903989fde8d0.xcbuilddata
ClangStatCache /Applications/Xcode_16.2.app/Contents/Developer/Toolchains/XcodeDefault.xctoolchain/usr/bin/clang-stat-cache /Applications/Xcode_16.2.app/Contents/Developer/Platforms/iPhoneOS.platform/Developer/SDKs/iPhoneOS18.2.sdk /Users/runner/work/Reframe/Reframe/App/build-device/SDKStatCaches.noindex/iphoneos18.2-22C146-6f6929c68f51360d5ca70a73a7e0c2f9.sdkstatcache
    cd /Users/runner/work/Reframe/Reframe/App/AutoReframe.xcodeproj
    /Applications/Xcode_16.2.app/Contents/Developer/Toolchains/XcodeDefault.xctoolchain/usr/bin/clang-stat-cache /Applications/Xcode_16.2.app/Contents/Developer/Platforms/iPhoneOS.platform/Developer/SDKs/iPhoneOS18.2.sdk -o /Users/runner/work/Reframe/Reframe/App/build-device/SDKStatCaches.noindex/iphoneos18.2-22C146-6f6929c68f51360d5ca70a73a7e0c2f9.sdkstatcache

CreateBuildDirectory /Users/runner/work/Reframe/Reframe/App/build-device/Build/Intermediates.noindex
    cd /Users/runner/work/Reframe/Reframe/App/AutoReframe.xcodeproj
    builtin-create-build-directory /Users/runner/work/Reframe/Reframe/App/build-device/Build/Intermediates.noindex

CreateBuildDirectory /Users/runner/work/Reframe/Reframe/App/build-device/Build/Products
    cd /Users/runner/work/Reframe/Reframe/App/AutoReframe.xcodeproj
    builtin-create-build-directory /Users/runner/work/Reframe/Reframe/App/build-device/Build/Products

WriteAuxiliaryFile /Users/runner/work/Reframe/Reframe/App/build-device/Build/Intermediates.noindex/AutoReframe.build/Release-iphoneos/AutoReframe-80d5b118fb95dbd414767e04e4966aee-VFS-iphoneos/all-product-headers.yaml
    cd /Users/runner/work/Reframe/Reframe/App/AutoReframe.xcodeproj
    write-file /Users/runner/work/Reframe/Reframe/App/build-device/Build/Intermediates.noindex/AutoReframe.build/Release-iphoneos/AutoReframe-80d5b118fb95dbd414767e04e4966aee-VFS-iphoneos/all-product-headers.yaml

CreateBuildDirectory /Users/runner/work/Reframe/Reframe/App/build-device/Build/Products/Release-iphoneos
    cd /Users/runner/work/Reframe/Reframe/App/AutoReframe.xcodeproj
    builtin-create-build-directory /Users/runner/work/Reframe/Reframe/App/build-device/Build/Products/Release-iphoneos

CreateBuildDirectory /Users/runner/work/Reframe/Reframe/App/build-device/Build/Intermediates.noindex/EagerLinkingTBDs/Release-iphoneos
    cd /Users/runner/work/Reframe/Reframe/App/AutoReframe.xcodeproj
    builtin-create-build-directory /Users/runner/work/Reframe/Reframe/App/build-device/Build/Intermediates.noindex/EagerLinkingTBDs/Release-iphoneos

CreateBuildDirectory /Users/runner/work/Reframe/Reframe/App/build-device/Build/Products/Release-iphoneos/PackageFrameworks
    cd /Users/runner/work/Reframe/Reframe/App/AutoReframe.xcodeproj
    builtin-create-build-directory /Users/runner/work/Reframe/Reframe/App/build-device/Build/Products/Release-iphoneos/PackageFrameworks

WriteAuxiliaryFile /Users/runner/work/Reframe/Reframe/App/build-device/Build/Intermediates.noindex/ReframeCore.build/Release-iphoneos/TrackingKit.build/TrackingKit.modulemap (in target 'TrackingKit' from project 'ReframeCore')
    cd /Users/runner/work/Reframe/Reframe/Packages/ReframeCore
    write-file /Users/runner/work/Reframe/Reframe/App/build-device/Build/Intermediates.noindex/ReframeCore.build/Release-iphoneos/TrackingKit.build/TrackingKit.modulemap

WriteAuxiliaryFile /Users/runner/work/Reframe/Reframe/App/build-device/Build/Intermediates.noindex/ReframeCore.build/Release-iphoneos/TrackingKit.build/TrackingKit.DependencyMetadataFileList (in target 'TrackingKit' from project 'ReframeCore')
    cd /Users/runner/work/Reframe/Reframe/Packages/ReframeCore
    write-file /Users/runner/work/Reframe/Reframe/App/build-device/Build/Intermediates.noindex/ReframeCore.build/Release-iphoneos/TrackingKit.build/TrackingKit.DependencyMetadataFileList

WriteAuxiliaryFile /Users/runner/work/Reframe/Reframe/App/build-device/Build/Intermediates.noindex/ReframeCore.build/Release-iphoneos/TrackingKit.build/Objects-normal/arm64/TrackingKit_const_extract_protocols.json (in target 'TrackingKit' from project 'ReframeCore')
    cd /Users/runner/work/Reframe/Reframe/Packages/ReframeCore
    write-file /Users/runner/work/Reframe/Reframe/App/build-device/Build/Intermediates.noindex/ReframeCore.build/Release-iphoneos/TrackingKit.build/Objects-normal/arm64/TrackingKit_const_extract_protocols.json

WriteAuxiliaryFile /Users/runner/work/Reframe/Reframe/App/build-device/Build/Intermediates.noindex/ReframeCore.build/Release-iphoneos/TrackingKit.build/Objects-normal/arm64/TrackingKit.SwiftFileList (in target 'TrackingKit' from project 'ReframeCore')
    cd /Users/runner/work/Reframe/Reframe/Packages/ReframeCore
    write-file /Users/runner/work/Reframe/Reframe/App/build-device/Build/Intermediates.noindex/ReframeCore.build/Release-iphoneos/TrackingKit.build/Objects-normal/arm64/TrackingKit.SwiftFileList

WriteAuxiliaryFile /Users/runner/work/Reframe/Reframe/App/build-device/Build/Intermediates.noindex/ReframeCore.build/Release-iphoneos/TrackingKit.build/Objects-normal/arm64/TrackingKit.LinkFileList (in target 'TrackingKit' from project 'ReframeCore')
    cd /Users/runner/work/Reframe/Reframe/Packages/ReframeCore
    write-file /Users/runner/work/Reframe/Reframe/App/build-device/Build/Intermediates.noindex/ReframeCore.build/Release-iphoneos/TrackingKit.build/Objects-normal/arm64/TrackingKit.LinkFileList

WriteAuxiliaryFile /Users/runner/work/Reframe/Reframe/App/build-device/Build/Intermediates.noindex/ReframeCore.build/Release-iphoneos/TrackingKit.build/Objects-normal/arm64/TrackingKit-OutputFileMap.json (in target 'TrackingKit' from project 'ReframeCore')
    cd /Users/runner/work/Reframe/Reframe/Packages/ReframeCore
    write-file /Users/runner/work/Reframe/Reframe/App/build-device/Build/Intermediates.noindex/ReframeCore.build/Release-iphoneos/TrackingKit.build/Objects-normal/arm64/TrackingKit-OutputFileMap.json

WriteAuxiliaryFile /Users/runner/work/Reframe/Reframe/App/build-device/Build/Intermediates.noindex/ReframeCore.build/Release-iphoneos/ReframeCore.build/ReframeCore.modulemap (in target 'ReframeCore' from project 'ReframeCore')
    cd /Users/runner/work/Reframe/Reframe/Packages/ReframeCore
    write-file /Users/runner/work/Reframe/Reframe/App/build-device/Build/Intermediates.noindex/ReframeCore.build/Release-iphoneos/ReframeCore.build/ReframeCore.modulemap

WriteAuxiliaryFile /Users/runner/work/Reframe/Reframe/App/build-device/Build/Intermediates.noindex/ReframeCore.build/Release-iphoneos/ReframeCore.build/ReframeCore.DependencyMetadataFileList (in target 'ReframeCore' from project 'ReframeCore')
    cd /Users/runner/work/Reframe/Reframe/Packages/ReframeCore
    write-file /Users/runner/work/Reframe/Reframe/App/build-device/Build/Intermediates.noindex/ReframeCore.build/Release-iphoneos/ReframeCore.build/ReframeCore.DependencyMetadataFileList

WriteAuxiliaryFile /Users/runner/work/Reframe/Reframe/App/build-device/Build/Intermediates.noindex/ReframeCore.build/Release-iphoneos/ReframeCore.build/Objects-normal/arm64/ReframeCore_const_extract_protocols.json (in target 'ReframeCore' from project 'ReframeCore')
    cd /Users/runner/work/Reframe/Reframe/Packages/ReframeCore
    write-file /Users/runner/work/Reframe/Reframe/App/build-device/Build/Intermediates.noindex/ReframeCore.build/Release-iphoneos/ReframeCore.build/Objects-normal/arm64/ReframeCore_const_extract_protocols.json

WriteAuxiliaryFile /Users/runner/work/Reframe/Reframe/App/build-device/Build/Intermediates.noindex/ReframeCore.build/Release-iphoneos/ReframeCore.build/Objects-normal/arm64/ReframeCore.SwiftFileList (in target 'ReframeCore' from project 'ReframeCore')
    cd /Users/runner/work/Reframe/Reframe/Packages/ReframeCore
    write-file /Users/runner/work/Reframe/Reframe/App/build-device/Build/Intermediates.noindex/ReframeCore.build/Release-iphoneos/ReframeCore.build/Objects-normal/arm64/ReframeCore.SwiftFileList

WriteAuxiliaryFile /Users/runner/work/Reframe/Reframe/App/build-device/Build/Intermediates.noindex/ReframeCore.build/Release-iphoneos/ReframeCore.build/Objects-normal/arm64/ReframeCore.LinkFileList (in target 'ReframeCore' from project 'ReframeCore')
    cd /Users/runner/work/Reframe/Reframe/Packages/ReframeCore
    write-file /Users/runner/work/Reframe/Reframe/App/build-device/Build/Intermediates.noindex/ReframeCore.build/Release-iphoneos/ReframeCore.build/Objects-normal/arm64/ReframeCore.LinkFileList

WriteAuxiliaryFile /Users/runner/work/Reframe/Reframe/App/build-device/Build/Intermediates.noindex/ReframeCore.build/Release-iphoneos/ReframeCore.build/Objects-normal/arm64/ReframeCore-OutputFileMap.json (in target 'ReframeCore' from project 'ReframeCore')
    cd /Users/runner/work/Reframe/Reframe/Packages/ReframeCore
    write-file /Users/runner/work/Reframe/Reframe/App/build-device/Build/Intermediates.noindex/ReframeCore.build/Release-iphoneos/ReframeCore.build/Objects-normal/arm64/ReframeCore-OutputFileMap.json

WriteAuxiliaryFile /Users/runner/work/Reframe/Reframe/App/build-device/Build/Intermediates.noindex/AutoReframe.build/Release-iphoneos/AutoReframe.build/Objects-normal/arm64/AutoReframe_const_extract_protocols.json (in target 'AutoReframe' from project 'AutoReframe')
    cd /Users/runner/work/Reframe/Reframe/App
    write-file /Users/runner/work/Reframe/Reframe/App/build-device/Build/Intermediates.noindex/AutoReframe.build/Release-iphoneos/AutoReframe.build/Objects-normal/arm64/AutoReframe_const_extract_protocols.json

WriteAuxiliaryFile /Users/runner/work/Reframe/Reframe/App/build-device/Build/Intermediates.noindex/AutoReframe.build/Release-iphoneos/AutoReframe.build/Objects-normal/arm64/AutoReframe.SwiftFileList (in target 'AutoReframe' from project 'AutoReframe')
    cd /Users/runner/work/Reframe/Reframe/App
    write-file /Users/runner/work/Reframe/Reframe/App/build-device/Build/Intermediates.noindex/AutoReframe.build/Release-iphoneos/AutoReframe.build/Objects-normal/arm64/AutoReframe.SwiftFileList

WriteAuxiliaryFile /Users/runner/work/Reframe/Reframe/App/build-device/Build/Intermediates.noindex/AutoReframe.build/Release-iphoneos/AutoReframe.build/Objects-normal/arm64/AutoReframe.SwiftConstValuesFileList (in target 'AutoReframe' from project 'AutoReframe')
    cd /Users/runner/work/Reframe/Reframe/App
    write-file /Users/runner/work/Reframe/Reframe/App/build-device/Build/Intermediates.noindex/AutoReframe.build/Release-iphoneos/AutoReframe.build/Objects-normal/arm64/AutoReframe.SwiftConstValuesFileList

WriteAuxiliaryFile /Users/runner/work/Reframe/Reframe/App/build-device/Build/Intermediates.noindex/AutoReframe.build/Release-iphoneos/AutoReframe.build/Objects-normal/arm64/AutoReframe.LinkFileList (in target 'AutoReframe' from project 'AutoReframe')
    cd /Users/runner/work/Reframe/Reframe/App
    write-file /Users/runner/work/Reframe/Reframe/App/build-device/Build/Intermediates.noindex/AutoReframe.build/Release-iphoneos/AutoReframe.build/Objects-normal/arm64/AutoReframe.LinkFileList

WriteAuxiliaryFile /Users/runner/work/Reframe/Reframe/App/build-device/Build/Intermediates.noindex/AutoReframe.build/Release-iphoneos/AutoReframe.build/Objects-normal/arm64/AutoReframe-OutputFileMap.json (in target 'AutoReframe' from project 'AutoReframe')
    cd /Users/runner/work/Reframe/Reframe/App
    write-file /Users/runner/work/Reframe/Reframe/App/build-device/Build/Intermediates.noindex/AutoReframe.build/Release-iphoneos/AutoReframe.build/Objects-normal/arm64/AutoReframe-OutputFileMap.json

WriteAuxiliaryFile /Users/runner/work/Reframe/Reframe/App/build-device/Build/Intermediates.noindex/AutoReframe.build/Release-iphoneos/AutoReframe.build/AutoReframe.hmap (in target 'AutoReframe' from project 'AutoReframe')
    cd /Users/runner/work/Reframe/Reframe/App
    write-file /Users/runner/work/Reframe/Reframe/App/build-device/Build/Intermediates.noindex/AutoReframe.build/Release-iphoneos/AutoReframe.build/AutoReframe.hmap

WriteAuxiliaryFile /Users/runner/work/Reframe/Reframe/App/build-device/Build/Intermediates.noindex/AutoReframe.build/Release-iphoneos/AutoReframe.build/AutoReframe.DependencyMetadataFileList (in target 'AutoReframe' from project 'AutoReframe')
    cd /Users/runner/work/Reframe/Reframe/App
    write-file /Users/runner/work/Reframe/Reframe/App/build-device/Build/Intermediates.noindex/AutoReframe.build/Release-iphoneos/AutoReframe.build/AutoReframe.DependencyMetadataFileList

WriteAuxiliaryFile /Users/runner/work/Reframe/Reframe/App/build-device/Build/Intermediates.noindex/AutoReframe.build/Release-iphoneos/AutoReframe.build/AutoReframe-project-headers.hmap (in target 'AutoReframe' from project 'AutoReframe')
    cd /Users/runner/work/Reframe/Reframe/App
    write-file /Users/runner/work/Reframe/Reframe/App/build-device/Build/Intermediates.noindex/AutoReframe.build/Release-iphoneos/AutoReframe.build/AutoReframe-project-headers.hmap

WriteAuxiliaryFile /Users/runner/work/Reframe/Reframe/App/build-device/Build/Intermediates.noindex/AutoReframe.build/Release-iphoneos/AutoReframe.build/AutoReframe-own-target-headers.hmap (in target 'AutoReframe' from project 'AutoReframe')
    cd /Users/runner/work/Reframe/Reframe/App
    write-file /Users/runner/work/Reframe/Reframe/App/build-device/Build/Intermediates.noindex/AutoReframe.build/Release-iphoneos/AutoReframe.build/AutoReframe-own-target-headers.hmap

WriteAuxiliaryFile /Users/runner/work/Reframe/Reframe/App/build-device/Build/Intermediates.noindex/AutoReframe.build/Release-iphoneos/AutoReframe.build/AutoReframe-generated-files.hmap (in target 'AutoReframe' from project 'AutoReframe')
    cd /Users/runner/work/Reframe/Reframe/App
    write-file /Users/runner/work/Reframe/Reframe/App/build-device/Build/Intermediates.noindex/AutoReframe.build/Release-iphoneos/AutoReframe.build/AutoReframe-generated-files.hmap

WriteAuxiliaryFile /Users/runner/work/Reframe/Reframe/App/build-device/Build/Intermediates.noindex/AutoReframe.build/Release-iphoneos/AutoReframe.build/AutoReframe-all-target-headers.hmap (in target 'AutoReframe' from project 'AutoReframe')
    cd /Users/runner/work/Reframe/Reframe/App
    write-file /Users/runner/work/Reframe/Reframe/App/build-device/Build/Intermediates.noindex/AutoReframe.build/Release-iphoneos/AutoReframe.build/AutoReframe-all-target-headers.hmap

WriteAuxiliaryFile /Users/runner/work/Reframe/Reframe/App/build-device/Build/Intermediates.noindex/AutoReframe.build/Release-iphoneos/AutoReframe.build/AutoReframe-all-non-framework-target-headers.hmap (in target 'AutoReframe' from project 'AutoReframe')
    cd /Users/runner/work/Reframe/Reframe/App
    write-file /Users/runner/work/Reframe/Reframe/App/build-device/Build/Intermediates.noindex/AutoReframe.build/Release-iphoneos/AutoReframe.build/AutoReframe-all-non-framework-target-headers.hmap

MkDir /Users/runner/work/Reframe/Reframe/App/build-device/Build/Products/Release-iphoneos/AutoReframe.app (in target 'AutoReframe' from project 'AutoReframe')
    cd /Users/runner/work/Reframe/Reframe/App
    /bin/mkdir -p /Users/runner/work/Reframe/Reframe/App/build-device/Build/Products/Release-iphoneos/AutoReframe.app

Copy /Users/runner/work/Reframe/Reframe/App/build-device/Build/Intermediates.noindex/GeneratedModuleMaps-iphoneos/ReframeCore.modulemap /Users/runner/work/Reframe/Reframe/App/build-device/Build/Intermediates.noindex/ReframeCore.build/Release-iphoneos/ReframeCore.build/ReframeCore.modulemap (in target 'ReframeCore' from project 'ReframeCore')
    cd /Users/runner/work/Reframe/Reframe/Packages/ReframeCore
    builtin-copy -exclude .DS_Store -exclude CVS -exclude .svn -exclude .git -exclude .hg -strip-unsigned-binaries -strip-deterministic -strip-tool /Applications/Xcode_16.2.app/Contents/Developer/Toolchains/XcodeDefault.xctoolchain/usr/bin/strip -resolve-src-symlinks /Users/runner/work/Reframe/Reframe/App/build-device/Build/Intermediates.noindex/ReframeCore.build/Release-iphoneos/ReframeCore.build/ReframeCore.modulemap /Users/runner/work/Reframe/Reframe/App/build-device/Build/Intermediates.noindex/GeneratedModuleMaps-iphoneos

SwiftDriver ReframeCore normal arm64 com.apple.xcode.tools.swift.compiler (in target 'ReframeCore' from project 'ReframeCore')
    cd /Users/runner/work/Reframe/Reframe/App/AutoReframe.xcodeproj
    builtin-SwiftDriver -- /Applications/Xcode_16.2.app/Contents/Developer/Toolchains/XcodeDefault.xctoolchain/usr/bin/swiftc -module-name ReframeCore -O -whole-module-optimization -enforce-exclusivity\=checked @/Users/runner/work/Reframe/Reframe/App/build-device/Build/Intermediates.noindex/ReframeCore.build/Release-iphoneos/ReframeCore.build/Objects-normal/arm64/ReframeCore.SwiftFileList -DSWIFT_PACKAGE -DXcode -plugin-path /Applications/Xcode_16.2.app/Contents/Developer/Toolchains/XcodeDefault.xctoolchain/usr/lib/swift/host/plugins/testing -enable-experimental-feature DebugDescriptionMacro -sdk /Applications/Xcode_16.2.app/Contents/Developer/Platforms/iPhoneOS.platform/Developer/SDKs/iPhoneOS18.2.sdk -target arm64-apple-ios16.0 -g -module-cache-path /Users/runner/work/Reframe/Reframe/App/build-device/ModuleCache.noindex -Xfrontend -serialize-debugging-options -swift-version 5 -I /Users/runner/work/Reframe/Reframe/App/build-device/Build/Products/Release-iphoneos -I /Applications/Xcode_16.2.app/Contents/Developer/Platforms/iPhoneOS.platform/Developer/usr/lib -F /Users/runner/work/Reframe/Reframe/App/build-device/Build/Products/Release-iphoneos -F /Applications/Xcode_16.2.app/Contents/Developer/Platforms/iPhoneOS.platform/Developer/Library/Frameworks -F /Applications/Xcode_16.2.app/Contents/Developer/Platforms/iPhoneOS.platform/Developer/SDKs/iPhoneOS18.2.sdk/Developer/Library/Frameworks -c -num-threads 3 -Xcc -ivfsstatcache -Xcc /Users/runner/work/Reframe/Reframe/App/build-device/SDKStatCaches.noindex/iphoneos18.2-22C146-6f6929c68f51360d5ca70a73a7e0c2f9.sdkstatcache -output-file-map /Users/runner/work/Reframe/Reframe/App/build-device/Build/Intermediates.noindex/ReframeCore.build/Release-iphoneos/ReframeCore.build/Objects-normal/arm64/ReframeCore-OutputFileMap.json -use-frontend-parseable-output -save-temps -no-color-diagnostics -serialize-diagnostics -emit-dependencies -emit-module -emit-module-path /Users/runner/work/Reframe/Reframe/App/build-device/Build/Intermediates.noindex/ReframeCore.build/Release-iphoneos/ReframeCore.build/Objects-normal/arm64/ReframeCore.swiftmodule -validate-clang-modules-once -clang-build-session-file /Users/runner/work/Reframe/Reframe/App/build-device/ModuleCache.noindex/Session.modulevalidation -package-name reframecore -Xcc -I/Users/runner/work/Reframe/Reframe/App/build-device/Build/Intermediates.noindex/ReframeCore.build/Release-iphoneos/ReframeCore.build/swift-overrides.hmap -emit-const-values -Xfrontend -const-gather-protocols-file -Xfrontend /Users/runner/work/Reframe/Reframe/App/build-device/Build/Intermediates.noindex/ReframeCore.build/Release-iphoneos/ReframeCore.build/Objects-normal/arm64/ReframeCore_const_extract_protocols.json -Xcc -I/Users/runner/work/Reframe/Reframe/App/build-device/Build/Products/Release-iphoneos/include -Xcc -I/Users/runner/work/Reframe/Reframe/App/build-device/Build/Intermediates.noindex/ReframeCore.build/Release-iphoneos/ReframeCore.build/DerivedSources-normal/arm64 -Xcc -I/Users/runner/work/Reframe/Reframe/App/build-device/Build/Intermediates.noindex/ReframeCore.build/Release-iphoneos/ReframeCore.build/DerivedSources/arm64 -Xcc -I/Users/runner/work/Reframe/Reframe/App/build-device/Build/Intermediates.noindex/ReframeCore.build/Release-iphoneos/ReframeCore.build/DerivedSources -Xcc -DSWIFT_PACKAGE -emit-objc-header -emit-objc-header-path /Users/runner/work/Reframe/Reframe/App/build-device/Build/Intermediates.noindex/ReframeCore.build/Release-iphoneos/ReframeCore.build/Objects-normal/arm64/ReframeCore-Swift.h -working-directory /Users/runner/work/Reframe/Reframe/App/AutoReframe.xcodeproj -no-emit-module-separately-wmo

SwiftDriver\ Compilation ReframeCore normal arm64 com.apple.xcode.tools.swift.compiler (in target 'ReframeCore' from project 'ReframeCore')
    cd /Users/runner/work/Reframe/Reframe/App/AutoReframe.xcodeproj
    builtin-Swift-Compilation -- /Applications/Xcode_16.2.app/Contents/Developer/Toolchains/XcodeDefault.xctoolchain/usr/bin/swiftc -module-name ReframeCore -O -whole-module-optimization -enforce-exclusivity\=checked @/Users/runner/work/Reframe/Reframe/App/build-device/Build/Intermediates.noindex/ReframeCore.build/Release-iphoneos/ReframeCore.build/Objects-normal/arm64/ReframeCore.SwiftFileList -DSWIFT_PACKAGE -DXcode -plugin-path /Applications/Xcode_16.2.app/Contents/Developer/Toolchains/XcodeDefault.xctoolchain/usr/lib/swift/host/plugins/testing -enable-experimental-feature DebugDescriptionMacro -sdk /Applications/Xcode_16.2.app/Contents/Developer/Platforms/iPhoneOS.platform/Developer/SDKs/iPhoneOS18.2.sdk -target arm64-apple-ios16.0 -g -module-cache-path /Users/runner/work/Reframe/Reframe/App/build-device/ModuleCache.noindex -Xfrontend -serialize-debugging-options -swift-version 5 -I /Users/runner/work/Reframe/Reframe/App/build-device/Build/Products/Release-iphoneos -I /Applications/Xcode_16.2.app/Contents/Developer/Platforms/iPhoneOS.platform/Developer/usr/lib -F /Users/runner/work/Reframe/Reframe/App/build-device/Build/Products/Release-iphoneos -F /Applications/Xcode_16.2.app/Contents/Developer/Platforms/iPhoneOS.platform/Developer/Library/Frameworks -F /Applications/Xcode_16.2.app/Contents/Developer/Platforms/iPhoneOS.platform/Developer/SDKs/iPhoneOS18.2.sdk/Developer/Library/Frameworks -c -num-threads 3 -Xcc -ivfsstatcache -Xcc /Users/runner/work/Reframe/Reframe/App/build-device/SDKStatCaches.noindex/iphoneos18.2-22C146-6f6929c68f51360d5ca70a73a7e0c2f9.sdkstatcache -output-file-map /Users/runner/work/Reframe/Reframe/App/build-device/Build/Intermediates.noindex/ReframeCore.build/Release-iphoneos/ReframeCore.build/Objects-normal/arm64/ReframeCore-OutputFileMap.json -use-frontend-parseable-output -save-temps -no-color-diagnostics -serialize-diagnostics -emit-dependencies -emit-module -emit-module-path /Users/runner/work/Reframe/Reframe/App/build-device/Build/Intermediates.noindex/ReframeCore.build/Release-iphoneos/ReframeCore.build/Objects-normal/arm64/ReframeCore.swiftmodule -validate-clang-modules-once -clang-build-session-file /Users/runner/work/Reframe/Reframe/App/build-device/ModuleCache.noindex/Session.modulevalidation -package-name reframecore -Xcc -I/Users/runner/work/Reframe/Reframe/App/build-device/Build/Intermediates.noindex/ReframeCore.build/Release-iphoneos/ReframeCore.build/swift-overrides.hmap -emit-const-values -Xfrontend -const-gather-protocols-file -Xfrontend /Users/runner/work/Reframe/Reframe/App/build-device/Build/Intermediates.noindex/ReframeCore.build/Release-iphoneos/ReframeCore.build/Objects-normal/arm64/ReframeCore_const_extract_protocols.json -Xcc -I/Users/runner/work/Reframe/Reframe/App/build-device/Build/Products/Release-iphoneos/include -Xcc -I/Users/runner/work/Reframe/Reframe/App/build-device/Build/Intermediates.noindex/ReframeCore.build/Release-iphoneos/ReframeCore.build/DerivedSources-normal/arm64 -Xcc -I/Users/runner/work/Reframe/Reframe/App/build-device/Build/Intermediates.noindex/ReframeCore.build/Release-iphoneos/ReframeCore.build/DerivedSources/arm64 -Xcc -I/Users/runner/work/Reframe/Reframe/App/build-device/Build/Intermediates.noindex/ReframeCore.build/Release-iphoneos/ReframeCore.build/DerivedSources -Xcc -DSWIFT_PACKAGE -emit-objc-header -emit-objc-header-path /Users/runner/work/Reframe/Reframe/App/build-device/Build/Intermediates.noindex/ReframeCore.build/Release-iphoneos/ReframeCore.build/Objects-normal/arm64/ReframeCore-Swift.h -working-directory /Users/runner/work/Reframe/Reframe/App/AutoReframe.xcodeproj -no-emit-module-separately-wmo

SwiftCompile normal arm64 Compiling\ CompositionRules.swift,\ ReframeMetrics.swift,\ CropGeometry.swift,\ CropPoint.swift,\ ReframeSettings.swift,\ TrackingPoint.swift,\ ReframePipeline.swift,\ ReframeEngine.swift,\ CriticallyDampedSpring.swift,\ OneEuroFilter.swift /Users/runner/work/Reframe/Reframe/Packages/ReframeCore/Sources/ReframeCore/CompositionRules.swift /Users/runner/work/Reframe/Reframe/Packages/ReframeCore/Sources/ReframeCore/Metrics/ReframeMetrics.swift /Users/runner/work/Reframe/Reframe/Packages/ReframeCore/Sources/ReframeCore/Models/CropGeometry.swift /Users/runner/work/Reframe/Reframe/Packages/ReframeCore/Sources/ReframeCore/Models/CropPoint.swift /Users/runner/work/Reframe/Reframe/Packages/ReframeCore/Sources/ReframeCore/Models/ReframeSettings.swift /Users/runner/work/Reframe/Reframe/Packages/ReframeCore/Sources/ReframeCore/Models/TrackingPoint.swift /Users/runner/work/Reframe/Reframe/Packages/ReframeCore/Sources/ReframeCore/Pipeline/ReframePipeline.swift /Users/runner/work/Reframe/Reframe/Packages/ReframeCore/Sources/ReframeCore/ReframeEngine.swift /Users/runner/work/Reframe/Reframe/Packages/ReframeCore/Sources/ReframeCore/Smoothing/CriticallyDampedSpring.swift /Users/runner/work/Reframe/Reframe/Packages/ReframeCore/Sources/ReframeCore/Smoothing/OneEuroFilter.swift (in target 'ReframeCore' from project 'ReframeCore')
    cd /Users/runner/work/Reframe/Reframe/App/AutoReframe.xcodeproj
    builtin-swiftTaskExecution -- /Applications/Xcode_16.2.app/Contents/Developer/Toolchains/XcodeDefault.xctoolchain/usr/bin/swift-frontend -frontend -c /Users/runner/work/Reframe/Reframe/Packages/ReframeCore/Sources/ReframeCore/CompositionRules.swift /Users/runner/work/Reframe/Reframe/Packages/ReframeCore/Sources/ReframeCore/Metrics/ReframeMetrics.swift /Users/runner/work/Reframe/Reframe/Packages/ReframeCore/Sources/ReframeCore/Models/CropGeometry.swift /Users/runner/work/Reframe/Reframe/Packages/ReframeCore/Sources/ReframeCore/Models/CropPoint.swift /Users/runner/work/Reframe/Reframe/Packages/ReframeCore/Sources/ReframeCore/Models/ReframeSettings.swift /Users/runner/work/Reframe/Reframe/Packages/ReframeCore/Sources/ReframeCore/Models/TrackingPoint.swift /Users/runner/work/Reframe/Reframe/Packages/ReframeCore/Sources/ReframeCore/Pipeline/ReframePipeline.swift /Users/runner/work/Reframe/Reframe/Packages/ReframeCore/Sources/ReframeCore/ReframeEngine.swift /Users/runner/work/Reframe/Reframe/Packages/ReframeCore/Sources/ReframeCore/Smoothing/CriticallyDampedSpring.swift /Users/runner/work/Reframe/Reframe/Packages/ReframeCore/Sources/ReframeCore/Smoothing/OneEuroFilter.swift -supplementary-output-file-map /Users/runner/work/Reframe/Reframe/App/build-device/Build/Intermediates.noindex/ReframeCore.build/Release-iphoneos/ReframeCore.build/Objects-normal/arm64/supplementaryOutputs-1 -target arm64-apple-ios16.0 -Xllvm -aarch64-use-tbi -enable-objc-interop -stack-check -sdk /Applications/Xcode_16.2.app/Contents/Developer/Platforms/iPhoneOS.platform/Developer/SDKs/iPhoneOS18.2.sdk -I /Users/runner/work/Reframe/Reframe/App/build-device/Build/Products/Release-iphoneos -I /Applications/Xcode_16.2.app/Contents/Developer/Platforms/iPhoneOS.platform/Developer/usr/lib -F /Users/runner/work/Reframe/Reframe/App/build-device/Build/Products/Release-iphoneos -F /Applications/Xcode_16.2.app/Contents/Developer/Platforms/iPhoneOS.platform/Developer/Library/Frameworks -F /Applications/Xcode_16.2.app/Contents/Developer/Platforms/iPhoneOS.platform/Developer/SDKs/iPhoneOS18.2.sdk/Developer/Library/Frameworks -no-color-diagnostics -g -debug-info-format\=dwarf -dwarf-version\=4 -module-cache-path /Users/runner/work/Reframe/Reframe/App/build-device/ModuleCache.noindex -swift-version 5 -enforce-exclusivity\=checked -O -D SWIFT_PACKAGE -D Xcode -serialize-debugging-options -const-gather-protocols-file /Users/runner/work/Reframe/Reframe/App/build-device/Build/Intermediates.noindex/ReframeCore.build/Release-iphoneos/ReframeCore.build/Objects-normal/arm64/ReframeCore_const_extract_protocols.json -enable-experimental-feature DebugDescriptionMacro -empty-abi-descriptor -plugin-path /Applications/Xcode_16.2.app/Contents/Developer/Toolchains/XcodeDefault.xctoolchain/usr/lib/swift/host/plugins/testing -validate-clang-modules-once -clang-build-session-file /Users/runner/work/Reframe/Reframe/App/build-device/ModuleCache.noindex/Session.modulevalidation -Xcc -working-directory -Xcc /Users/runner/work/Reframe/Reframe/App/AutoReframe.xcodeproj -resource-dir /Applications/Xcode_16.2.app/Contents/Developer/Toolchains/XcodeDefault.xctoolchain/usr/lib/swift -file-compilation-dir /Users/runner/work/Reframe/Reframe/App/AutoReframe.xcodeproj -Xcc -ivfsstatcache -Xcc /Users/runner/work/Reframe/Reframe/App/build-device/SDKStatCaches.noindex/iphoneos18.2-22C146-6f6929c68f51360d5ca70a73a7e0c2f9.sdkstatcache -Xcc -I/Users/runner/work/Reframe/Reframe/App/build-device/Build/Intermediates.noindex/ReframeCore.build/Release-iphoneos/ReframeCore.build/swift-overrides.hmap -Xcc -I/Users/runner/work/Reframe/Reframe/App/build-device/Build/Products/Release-iphoneos/include -Xcc -I/Users/runner/work/Reframe/Reframe/App/build-device/Build/Intermediates.noindex/ReframeCore.build/Release-iphoneos/ReframeCore.build/DerivedSources-normal/arm64 -Xcc -I/Users/runner/work/Reframe/Reframe/App/build-device/Build/Intermediates.noindex/ReframeCore.build/Release-iphoneos/ReframeCore.build/DerivedSources/arm64 -Xcc -I/Users/runner/work/Reframe/Reframe/App/build-device/Build/Intermediates.noindex/ReframeCore.build/Release-iphoneos/ReframeCore.build/DerivedSources -Xcc -DSWIFT_PACKAGE -module-name ReframeCore -package-name reframecore -frontend-parseable-output -disable-clang-spi -target-sdk-version 18.2 -target-sdk-name iphoneos18.2 -external-plugin-path /Applications/Xcode_16.2.app/Contents/Developer/Platforms/iPhoneOS.platform/Developer/usr/lib/swift/host/plugins\#/Applications/Xcode_16.2.app/Contents/Developer/Platforms/iPhoneOS.platform/Developer/usr/bin/swift-plugin-server -external-plugin-path /Applications/Xcode_16.2.app/Contents/Developer/Platforms/iPhoneOS.platform/Developer/usr/local/lib/swift/host/plugins\#/Applications/Xcode_16.2.app/Contents/Developer/Platforms/iPhoneOS.platform/Developer/usr/bin/swift-plugin-server -plugin-path /Applications/Xcode_16.2.app/Contents/Developer/Toolchains/XcodeDefault.xctoolchain/usr/lib/swift/host/plugins -plugin-path /Applications/Xcode_16.2.app/Contents/Developer/Toolchains/XcodeDefault.xctoolchain/usr/local/lib/swift/host/plugins -enable-default-cmo -num-threads 3 -o /Users/runner/work/Reframe/Reframe/App/build-device/Build/Intermediates.noindex/ReframeCore.build/Release-iphoneos/ReframeCore.build/Objects-normal/arm64/CompositionRules.o -o /Users/runner/work/Reframe/Reframe/App/build-device/Build/Intermediates.noindex/ReframeCore.build/Release-iphoneos/ReframeCore.build/Objects-normal/arm64/ReframeMetrics.o -o /Users/runner/work/Reframe/Reframe/App/build-device/Build/Intermediates.noindex/ReframeCore.build/Release-iphoneos/ReframeCore.build/Objects-normal/arm64/CropGeometry.o -o /Users/runner/work/Reframe/Reframe/App/build-device/Build/Intermediates.noindex/ReframeCore.build/Release-iphoneos/ReframeCore.build/Objects-normal/arm64/CropPoint.o -o /Users/runner/work/Reframe/Reframe/App/build-device/Build/Intermediates.noindex/ReframeCore.build/Release-iphoneos/ReframeCore.build/Objects-normal/arm64/ReframeSettings.o -o /Users/runner/work/Reframe/Reframe/App/build-device/Build/Intermediates.noindex/ReframeCore.build/Release-iphoneos/ReframeCore.build/Objects-normal/arm64/TrackingPoint.o -o /Users/runner/work/Reframe/Reframe/App/build-device/Build/Intermediates.noindex/ReframeCore.build/Release-iphoneos/ReframeCore.build/Objects-normal/arm64/ReframePipeline.o -o /Users/runner/work/Reframe/Reframe/App/build-device/Build/Intermediates.noindex/ReframeCore.build/Release-iphoneos/ReframeCore.build/Objects-normal/arm64/ReframeEngine.o -o /Users/runner/work/Reframe/Reframe/App/build-device/Build/Intermediates.noindex/ReframeCore.build/Release-iphoneos/ReframeCore.build/Objects-normal/arm64/CriticallyDampedSpring.o -o /Users/runner/work/Reframe/Reframe/App/build-device/Build/Intermediates.noindex/ReframeCore.build/Release-iphoneos/ReframeCore.build/Objects-normal/arm64/OneEuroFilter.o -index-unit-output-path /ReframeCore.build/Release-iphoneos/ReframeCore.build/Objects-normal/arm64/CompositionRules.o -index-unit-output-path /ReframeCore.build/Release-iphoneos/ReframeCore.build/Objects-normal/arm64/ReframeMetrics.o -index-unit-output-path /ReframeCore.build/Release-iphoneos/ReframeCore.build/Objects-normal/arm64/CropGeometry.o -index-unit-output-path /ReframeCore.build/Release-iphoneos/ReframeCore.build/Objects-normal/arm64/CropPoint.o -index-unit-output-path /ReframeCore.build/Release-iphoneos/ReframeCore.build/Objects-normal/arm64/ReframeSettings.o -index-unit-output-path /ReframeCore.build/Release-iphoneos/ReframeCore.build/Objects-normal/arm64/TrackingPoint.o -index-unit-output-path /ReframeCore.build/Release-iphoneos/ReframeCore.build/Objects-normal/arm64/ReframePipeline.o -index-unit-output-path /ReframeCore.build/Release-iphoneos/ReframeCore.build/Objects-normal/arm64/ReframeEngine.o -index-unit-output-path /ReframeCore.build/Release-iphoneos/ReframeCore.build/Objects-normal/arm64/CriticallyDampedSpring.o -index-unit-output-path /ReframeCore.build/Release-iphoneos/ReframeCore.build/Objects-normal/arm64/OneEuroFilter.o

CompileSwift normal arm64 (in target 'ReframeCore' from project 'ReframeCore')
    cd /Users/runner/work/Reframe/Reframe/App/AutoReframe.xcodeproj
    /Applications/Xcode_16.2.app/Contents/Developer/Toolchains/XcodeDefault.xctoolchain/usr/bin/swift-frontend -c /Users/runner/work/Reframe/Reframe/Packages/ReframeCore/Sources/ReframeCore/CompositionRules.swift /Users/runner/work/Reframe/Reframe/Packages/ReframeCore/Sources/ReframeCore/Metrics/ReframeMetrics.swift /Users/runner/work/Reframe/Reframe/Packages/ReframeCore/Sources/ReframeCore/Models/CropGeometry.swift /Users/runner/work/Reframe/Reframe/Packages/ReframeCore/Sources/ReframeCore/Models/CropPoint.swift /Users/runner/work/Reframe/Reframe/Packages/ReframeCore/Sources/ReframeCore/Models/ReframeSettings.swift /Users/runner/work/Reframe/Reframe/Packages/ReframeCore/Sources/ReframeCore/Models/TrackingPoint.swift /Users/runner/work/Reframe/Reframe/Packages/ReframeCore/Sources/ReframeCore/Pipeline/ReframePipeline.swift /Users/runner/work/Reframe/Reframe/Packages/ReframeCore/Sources/ReframeCore/ReframeEngine.swift /Users/runner/work/Reframe/Reframe/Packages/ReframeCore/Sources/ReframeCore/Smoothing/CriticallyDampedSpring.swift /Users/runner/work/Reframe/Reframe/Packages/ReframeCore/Sources/ReframeCore/Smoothing/OneEuroFilter.swift -supplementary-output-file-map /Users/runner/work/Reframe/Reframe/App/build-device/Build/Intermediates.noindex/ReframeCore.build/Release-iphoneos/ReframeCore.build/Objects-normal/arm64/supplementaryOutputs-1 -target arm64-apple-ios16.0 -Xllvm -aarch64-use-tbi -enable-objc-interop -stack-check -sdk /Applications/Xcode_16.2.app/Contents/Developer/Platforms/iPhoneOS.platform/Developer/SDKs/iPhoneOS18.2.sdk -I /Users/runner/work/Reframe/Reframe/App/build-device/Build/Products/Release-iphoneos -I /Applications/Xcode_16.2.app/Contents/Developer/Platforms/iPhoneOS.platform/Developer/usr/lib -F /Users/runner/work/Reframe/Reframe/App/build-device/Build/Products/Release-iphoneos -F /Applications/Xcode_16.2.app/Contents/Developer/Platforms/iPhoneOS.platform/Developer/Library/Frameworks -F /Applications/Xcode_16.2.app/Contents/Developer/Platforms/iPhoneOS.platform/Developer/SDKs/iPhoneOS18.2.sdk/Developer/Library/Frameworks -no-color-diagnostics -g -debug-info-format\=dwarf -dwarf-version\=4 -module-cache-path /Users/runner/work/Reframe/Reframe/App/build-device/ModuleCache.noindex -swift-version 5 -enforce-exclusivity\=checked -O -D SWIFT_PACKAGE -D Xcode -serialize-debugging-options -const-gather-protocols-file /Users/runner/work/Reframe/Reframe/App/build-device/Build/Intermediates.noindex/ReframeCore.build/Release-iphoneos/ReframeCore.build/Objects-normal/arm64/ReframeCore_const_extract_protocols.json -enable-experimental-feature DebugDescriptionMacro -empty-abi-descriptor -plugin-path /Applications/Xcode_16.2.app/Contents/Developer/Toolchains/XcodeDefault.xctoolchain/usr/lib/swift/host/plugins/testing -validate-clang-modules-once -clang-build-session-file /Users/runner/work/Reframe/Reframe/App/build-device/ModuleCache.noindex/Session.modulevalidation -Xcc -working-directory -Xcc /Users/runner/work/Reframe/Reframe/App/AutoReframe.xcodeproj -resource-dir /Applications/Xcode_16.2.app/Contents/Developer/Toolchains/XcodeDefault.xctoolchain/usr/lib/swift -file-compilation-dir /Users/runner/work/Reframe/Reframe/App/AutoReframe.xcodeproj -Xcc -ivfsstatcache -Xcc /Users/runner/work/Reframe/Reframe/App/build-device/SDKStatCaches.noindex/iphoneos18.2-22C146-6f6929c68f51360d5ca70a73a7e0c2f9.sdkstatcache -Xcc -I/Users/runner/work/Reframe/Reframe/App/build-device/Build/Intermediates.noindex/ReframeCore.build/Release-iphoneos/ReframeCore.build/swift-overrides.hmap -Xcc -I/Users/runner/work/Reframe/Reframe/App/build-device/Build/Products/Release-iphoneos/include -Xcc -I/Users/runner/work/Reframe/Reframe/App/build-device/Build/Intermediates.noindex/ReframeCore.build/Release-iphoneos/ReframeCore.build/DerivedSources-normal/arm64 -Xcc -I/Users/runner/work/Reframe/Reframe/App/build-device/Build/Intermediates.noindex/ReframeCore.build/Release-iphoneos/ReframeCore.build/DerivedSources/arm64 -Xcc -I/Users/runner/work/Reframe/Reframe/App/build-device/Build/Intermediates.noindex/ReframeCore.build/Release-iphoneos/ReframeCore.build/DerivedSources -Xcc -DSWIFT_PACKAGE -module-name ReframeCore -package-name reframecore -frontend-parseable-output -disable-clang-spi -target-sdk-version 18.2 -target-sdk-name iphoneos18.2 -external-plugin-path /Applications/Xcode_16.2.app/Contents/Developer/Platforms/iPhoneOS.platform/Developer/usr/lib/swift/host/plugins\#/Applications/Xcode_16.2.app/Contents/Developer/Platforms/iPhoneOS.platform/Developer/usr/bin/swift-plugin-server -external-plugin-path /Applications/Xcode_16.2.app/Contents/Developer/Platforms/iPhoneOS.platform/Developer/usr/local/lib/swift/host/plugins\#/Applications/Xcode_16.2.app/Contents/Developer/Platforms/iPhoneOS.platform/Developer/usr/bin/swift-plugin-server -plugin-path /Applications/Xcode_16.2.app/Contents/Developer/Toolchains/XcodeDefault.xctoolchain/usr/lib/swift/host/plugins -plugin-path /Applications/Xcode_16.2.app/Contents/Developer/Toolchains/XcodeDefault.xctoolchain/usr/local/lib/swift/host/plugins -enable-default-cmo -num-threads 3 -o /Users/runner/work/Reframe/Reframe/App/build-device/Build/Intermediates.noindex/ReframeCore.build/Release-iphoneos/ReframeCore.build/Objects-normal/arm64/CompositionRules.o -o /Users/runner/work/Reframe/Reframe/App/build-device/Build/Intermediates.noindex/ReframeCore.build/Release-iphoneos/ReframeCore.build/Objects-normal/arm64/ReframeMetrics.o -o /Users/runner/work/Reframe/Reframe/App/build-device/Build/Intermediates.noindex/ReframeCore.build/Release-iphoneos/ReframeCore.build/Objects-normal/arm64/CropGeometry.o -o /Users/runner/work/Reframe/Reframe/App/build-device/Build/Intermediates.noindex/ReframeCore.build/Release-iphoneos/ReframeCore.build/Objects-normal/arm64/CropPoint.o -o /Users/runner/work/Reframe/Reframe/App/build-device/Build/Intermediates.noindex/ReframeCore.build/Release-iphoneos/ReframeCore.build/Objects-normal/arm64/ReframeSettings.o -o /Users/runner/work/Reframe/Reframe/App/build-device/Build/Intermediates.noindex/ReframeCore.build/Release-iphoneos/ReframeCore.build/Objects-normal/arm64/TrackingPoint.o -o /Users/runner/work/Reframe/Reframe/App/build-device/Build/Intermediates.noindex/ReframeCore.build/Release-iphoneos/ReframeCore.build/Objects-normal/arm64/ReframePipeline.o -o /Users/runner/work/Reframe/Reframe/App/build-device/Build/Intermediates.noindex/ReframeCore.build/Release-iphoneos/ReframeCore.build/Objects-normal/arm64/ReframeEngine.o -o /Users/runner/work/Reframe/Reframe/App/build-device/Build/Intermediates.noindex/ReframeCore.build/Release-iphoneos/ReframeCore.build/Objects-normal/arm64/CriticallyDampedSpring.o -o /Users/runner/work/Reframe/Reframe/App/build-device/Build/Intermediates.noindex/ReframeCore.build/Release-iphoneos/ReframeCore.build/Objects-normal/arm64/OneEuroFilter.o -index-unit-output-path /ReframeCore.build/Release-iphoneos/ReframeCore.build/Objects-normal/arm64/CompositionRules.o -index-unit-output-path /ReframeCore.build/Release-iphoneos/ReframeCore.build/Objects-normal/arm64/ReframeMetrics.o -index-unit-output-path /ReframeCore.build/Release-iphoneos/ReframeCore.build/Objects-normal/arm64/CropGeometry.o -index-unit-output-path /ReframeCore.build/Release-iphoneos/ReframeCore.build/Objects-normal/arm64/CropPoint.o -index-unit-output-path /ReframeCore.build/Release-iphoneos/ReframeCore.build/Objects-normal/arm64/ReframeSettings.o -index-unit-output-path /ReframeCore.build/Release-iphoneos/ReframeCore.build/Objects-normal/arm64/TrackingPoint.o -index-unit-output-path /ReframeCore.build/Release-iphoneos/ReframeCore.build/Objects-normal/arm64/ReframePipeline.o -index-unit-output-path /ReframeCore.build/Release-iphoneos/ReframeCore.build/Objects-normal/arm64/ReframeEngine.o -index-unit-output-path /ReframeCore.build/Release-iphoneos/ReframeCore.build/Objects-normal/arm64/CriticallyDampedSpring.o -index-unit-output-path /ReframeCore.build/Release-iphoneos/ReframeCore.build/Objects-normal/arm64/OneEuroFilter.o

SwiftDriverJobDiscovery normal arm64 Compiling CompositionRules.swift, ReframeMetrics.swift, CropGeometry.swift, CropPoint.swift, ReframeSettings.swift, TrackingPoint.swift, ReframePipeline.swift, ReframeEngine.swift, CriticallyDampedSpring.swift, OneEuroFilter.swift (in target 'ReframeCore' from project 'ReframeCore')

SwiftDriver\ Compilation\ Requirements ReframeCore normal arm64 com.apple.xcode.tools.swift.compiler (in target 'ReframeCore' from project 'ReframeCore')
    cd /Users/runner/work/Reframe/Reframe/App/AutoReframe.xcodeproj
    builtin-Swift-Compilation-Requirements -- /Applications/Xcode_16.2.app/Contents/Developer/Toolchains/XcodeDefault.xctoolchain/usr/bin/swiftc -module-name ReframeCore -O -whole-module-optimization -enforce-exclusivity\=checked @/Users/runner/work/Reframe/Reframe/App/build-device/Build/Intermediates.noindex/ReframeCore.build/Release-iphoneos/ReframeCore.build/Objects-normal/arm64/ReframeCore.SwiftFileList -DSWIFT_PACKAGE -DXcode -plugin-path /Applications/Xcode_16.2.app/Contents/Developer/Toolchains/XcodeDefault.xctoolchain/usr/lib/swift/host/plugins/testing -enable-experimental-feature DebugDescriptionMacro -sdk /Applications/Xcode_16.2.app/Contents/Developer/Platforms/iPhoneOS.platform/Developer/SDKs/iPhoneOS18.2.sdk -target arm64-apple-ios16.0 -g -module-cache-path /Users/runner/work/Reframe/Reframe/App/build-device/ModuleCache.noindex -Xfrontend -serialize-debugging-options -swift-version 5 -I /Users/runner/work/Reframe/Reframe/App/build-device/Build/Products/Release-iphoneos -I /Applications/Xcode_16.2.app/Contents/Developer/Platforms/iPhoneOS.platform/Developer/usr/lib -F /Users/runner/work/Reframe/Reframe/App/build-device/Build/Products/Release-iphoneos -F /Applications/Xcode_16.2.app/Contents/Developer/Platforms/iPhoneOS.platform/Developer/Library/Frameworks -F /Applications/Xcode_16.2.app/Contents/Developer/Platforms/iPhoneOS.platform/Developer/SDKs/iPhoneOS18.2.sdk/Developer/Library/Frameworks -c -num-threads 3 -Xcc -ivfsstatcache -Xcc /Users/runner/work/Reframe/Reframe/App/build-device/SDKStatCaches.noindex/iphoneos18.2-22C146-6f6929c68f51360d5ca70a73a7e0c2f9.sdkstatcache -output-file-map /Users/runner/work/Reframe/Reframe/App/build-device/Build/Intermediates.noindex/ReframeCore.build/Release-iphoneos/ReframeCore.build/Objects-normal/arm64/ReframeCore-OutputFileMap.json -use-frontend-parseable-output -save-temps -no-color-diagnostics -serialize-diagnostics -emit-dependencies -emit-module -emit-module-path /Users/runner/work/Reframe/Reframe/App/build-device/Build/Intermediates.noindex/ReframeCore.build/Release-iphoneos/ReframeCore.build/Objects-normal/arm64/ReframeCore.swiftmodule -validate-clang-modules-once -clang-build-session-file /Users/runner/work/Reframe/Reframe/App/build-device/ModuleCache.noindex/Session.modulevalidation -package-name reframecore -Xcc -I/Users/runner/work/Reframe/Reframe/App/build-device/Build/Intermediates.noindex/ReframeCore.build/Release-iphoneos/ReframeCore.build/swift-overrides.hmap -emit-const-values -Xfrontend -const-gather-protocols-file -Xfrontend /Users/runner/work/Reframe/Reframe/App/build-device/Build/Intermediates.noindex/ReframeCore.build/Release-iphoneos/ReframeCore.build/Objects-normal/arm64/ReframeCore_const_extract_protocols.json -Xcc -I/Users/runner/work/Reframe/Reframe/App/build-device/Build/Products/Release-iphoneos/include -Xcc -I/Users/runner/work/Reframe/Reframe/App/build-device/Build/Intermediates.noindex/ReframeCore.build/Release-iphoneos/ReframeCore.build/DerivedSources-normal/arm64 -Xcc -I/Users/runner/work/Reframe/Reframe/App/build-device/Build/Intermediates.noindex/ReframeCore.build/Release-iphoneos/ReframeCore.build/DerivedSources/arm64 -Xcc -I/Users/runner/work/Reframe/Reframe/App/build-device/Build/Intermediates.noindex/ReframeCore.build/Release-iphoneos/ReframeCore.build/DerivedSources -Xcc -DSWIFT_PACKAGE -emit-objc-header -emit-objc-header-path /Users/runner/work/Reframe/Reframe/App/build-device/Build/Intermediates.noindex/ReframeCore.build/Release-iphoneos/ReframeCore.build/Objects-normal/arm64/ReframeCore-Swift.h -working-directory /Users/runner/work/Reframe/Reframe/App/AutoReframe.xcodeproj -no-emit-module-separately-wmo

SwiftMergeGeneratedHeaders /Users/runner/work/Reframe/Reframe/App/build-device/Build/Intermediates.noindex/GeneratedModuleMaps-iphoneos/ReframeCore-Swift.h /Users/runner/work/Reframe/Reframe/App/build-device/Build/Intermediates.noindex/ReframeCore.build/Release-iphoneos/ReframeCore.build/Objects-normal/arm64/ReframeCore-Swift.h (in target 'ReframeCore' from project 'ReframeCore')
    cd /Users/runner/work/Reframe/Reframe/Packages/ReframeCore
    builtin-swiftHeaderTool -arch arm64 /Users/runner/work/Reframe/Reframe/App/build-device/Build/Intermediates.noindex/ReframeCore.build/Release-iphoneos/ReframeCore.build/Objects-normal/arm64/ReframeCore-Swift.h -o /Users/runner/work/Reframe/Reframe/App/build-device/Build/Intermediates.noindex/GeneratedModuleMaps-iphoneos/ReframeCore-Swift.h

Copy /Users/runner/work/Reframe/Reframe/App/build-device/Build/Products/Release-iphoneos/ReframeCore.swiftmodule/arm64-apple-ios.swiftmodule /Users/runner/work/Reframe/Reframe/App/build-device/Build/Intermediates.noindex/ReframeCore.build/Release-iphoneos/ReframeCore.build/Objects-normal/arm64/ReframeCore.swiftmodule (in target 'ReframeCore' from project 'ReframeCore')
    cd /Users/runner/work/Reframe/Reframe/Packages/ReframeCore
    builtin-copy -exclude .DS_Store -exclude CVS -exclude .svn -exclude .git -exclude .hg -strip-unsigned-binaries -strip-deterministic -strip-tool /Applications/Xcode_16.2.app/Contents/Developer/Toolchains/XcodeDefault.xctoolchain/usr/bin/strip -resolve-src-symlinks -rename /Users/runner/work/Reframe/Reframe/App/build-device/Build/Intermediates.noindex/ReframeCore.build/Release-iphoneos/ReframeCore.build/Objects-normal/arm64/ReframeCore.swiftmodule /Users/runner/work/Reframe/Reframe/App/build-device/Build/Products/Release-iphoneos/ReframeCore.swiftmodule/arm64-apple-ios.swiftmodule

Copy /Users/runner/work/Reframe/Reframe/App/build-device/Build/Products/Release-iphoneos/ReframeCore.swiftmodule/arm64-apple-ios.swiftdoc /Users/runner/work/Reframe/Reframe/App/build-device/Build/Intermediates.noindex/ReframeCore.build/Release-iphoneos/ReframeCore.build/Objects-normal/arm64/ReframeCore.swiftdoc (in target 'ReframeCore' from project 'ReframeCore')
    cd /Users/runner/work/Reframe/Reframe/Packages/ReframeCore
    builtin-copy -exclude .DS_Store -exclude CVS -exclude .svn -exclude .git -exclude .hg -strip-unsigned-binaries -strip-deterministic -strip-tool /Applications/Xcode_16.2.app/Contents/Developer/Toolchains/XcodeDefault.xctoolchain/usr/bin/strip -resolve-src-symlinks -rename /Users/runner/work/Reframe/Reframe/App/build-device/Build/Intermediates.noindex/ReframeCore.build/Release-iphoneos/ReframeCore.build/Objects-normal/arm64/ReframeCore.swiftdoc /Users/runner/work/Reframe/Reframe/App/build-device/Build/Products/Release-iphoneos/ReframeCore.swiftmodule/arm64-apple-ios.swiftdoc

Copy /Users/runner/work/Reframe/Reframe/App/build-device/Build/Products/Release-iphoneos/ReframeCore.swiftmodule/arm64-apple-ios.abi.json /Users/runner/work/Reframe/Reframe/App/build-device/Build/Intermediates.noindex/ReframeCore.build/Release-iphoneos/ReframeCore.build/Objects-normal/arm64/ReframeCore.abi.json (in target 'ReframeCore' from project 'ReframeCore')
    cd /Users/runner/work/Reframe/Reframe/Packages/ReframeCore
    builtin-copy -exclude .DS_Store -exclude CVS -exclude .svn -exclude .git -exclude .hg -strip-unsigned-binaries -strip-deterministic -strip-tool /Applications/Xcode_16.2.app/Contents/Developer/Toolchains/XcodeDefault.xctoolchain/usr/bin/strip -resolve-src-symlinks -rename /Users/runner/work/Reframe/Reframe/App/build-device/Build/Intermediates.noindex/ReframeCore.build/Release-iphoneos/ReframeCore.build/Objects-normal/arm64/ReframeCore.abi.json /Users/runner/work/Reframe/Reframe/App/build-device/Build/Products/Release-iphoneos/ReframeCore.swiftmodule/arm64-apple-ios.abi.json

Copy /Users/runner/work/Reframe/Reframe/App/build-device/Build/Products/Release-iphoneos/ReframeCore.swiftmodule/Project/arm64-apple-ios.swiftsourceinfo /Users/runner/work/Reframe/Reframe/App/build-device/Build/Intermediates.noindex/ReframeCore.build/Release-iphoneos/ReframeCore.build/Objects-normal/arm64/ReframeCore.swiftsourceinfo (in target 'ReframeCore' from project 'ReframeCore')
    cd /Users/runner/work/Reframe/Reframe/Packages/ReframeCore
    builtin-copy -exclude .DS_Store -exclude CVS -exclude .svn -exclude .git -exclude .hg -strip-unsigned-binaries -strip-deterministic -strip-tool /Applications/Xcode_16.2.app/Contents/Developer/Toolchains/XcodeDefault.xctoolchain/usr/bin/strip -resolve-src-symlinks -rename /Users/runner/work/Reframe/Reframe/App/build-device/Build/Intermediates.noindex/ReframeCore.build/Release-iphoneos/ReframeCore.build/Objects-normal/arm64/ReframeCore.swiftsourceinfo /Users/runner/work/Reframe/Reframe/App/build-device/Build/Products/Release-iphoneos/ReframeCore.swiftmodule/Project/arm64-apple-ios.swiftsourceinfo

Ld /Users/runner/work/Reframe/Reframe/App/build-device/Build/Products/Release-iphoneos/ReframeCore.o normal (in target 'ReframeCore' from project 'ReframeCore')
    cd /Users/runner/work/Reframe/Reframe/Packages/ReframeCore
    /Applications/Xcode_16.2.app/Contents/Developer/Toolchains/XcodeDefault.xctoolchain/usr/bin/clang -Xlinker -reproducible -target arm64-apple-ios16.0 -r -isysroot /Applications/Xcode_16.2.app/Contents/Developer/Platforms/iPhoneOS.platform/Developer/SDKs/iPhoneOS18.2.sdk -Os -L/Users/runner/work/Reframe/Reframe/App/build-device/Build/Intermediates.noindex/EagerLinkingTBDs/Release-iphoneos -L/Users/runner/work/Reframe/Reframe/App/build-device/Build/Products/Release-iphoneos -L/Applications/Xcode_16.2.app/Contents/Developer/Platforms/iPhoneOS.platform/Developer/usr/lib -F/Users/runner/work/Reframe/Reframe/App/build-device/Build/Intermediates.noindex/EagerLinkingTBDs/Release-iphoneos -F/Users/runner/work/Reframe/Reframe/App/build-device/Build/Products/Release-iphoneos -iframework /Applications/Xcode_16.2.app/Contents/Developer/Platforms/iPhoneOS.platform/Developer/Library/Frameworks -iframework /Applications/Xcode_16.2.app/Contents/Developer/Platforms/iPhoneOS.platform/Developer/SDKs/iPhoneOS18.2.sdk/Developer/Library/Frameworks -filelist /Users/runner/work/Reframe/Reframe/App/build-device/Build/Intermediates.noindex/ReframeCore.build/Release-iphoneos/ReframeCore.build/Objects-normal/arm64/ReframeCore.LinkFileList -nostdlib -Xlinker -object_path_lto -Xlinker /Users/runner/work/Reframe/Reframe/App/build-device/Build/Intermediates.noindex/ReframeCore.build/Release-iphoneos/ReframeCore.build/Objects-normal/arm64/ReframeCore_lto.o -fobjc-link-runtime -L/Applications/Xcode_16.2.app/Contents/Developer/Toolchains/XcodeDefault.xctoolchain/usr/lib/swift/iphoneos -L/usr/lib/swift -Xlinker -add_ast_path -Xlinker /Users/runner/work/Reframe/Reframe/App/build-device/Build/Intermediates.noindex/ReframeCore.build/Release-iphoneos/ReframeCore.build/Objects-normal/arm64/ReframeCore.swiftmodule -Xlinker -dependency_info -Xlinker /Users/runner/work/Reframe/Reframe/App/build-device/Build/Intermediates.noindex/ReframeCore.build/Release-iphoneos/ReframeCore.build/Objects-normal/arm64/ReframeCore_dependency_info.dat -o /Users/runner/work/Reframe/Reframe/App/build-device/Build/Products/Release-iphoneos/ReframeCore.o

Copy /Users/runner/work/Reframe/Reframe/App/build-device/Build/Intermediates.noindex/GeneratedModuleMaps-iphoneos/TrackingKit.modulemap /Users/runner/work/Reframe/Reframe/App/build-device/Build/Intermediates.noindex/ReframeCore.build/Release-iphoneos/TrackingKit.build/TrackingKit.modulemap (in target 'TrackingKit' from project 'ReframeCore')
    cd /Users/runner/work/Reframe/Reframe/Packages/ReframeCore
    builtin-copy -exclude .DS_Store -exclude CVS -exclude .svn -exclude .git -exclude .hg -strip-unsigned-binaries -strip-deterministic -strip-tool /Applications/Xcode_16.2.app/Contents/Developer/Toolchains/XcodeDefault.xctoolchain/usr/bin/strip -resolve-src-symlinks /Users/runner/work/Reframe/Reframe/App/build-device/Build/Intermediates.noindex/ReframeCore.build/Release-iphoneos/TrackingKit.build/TrackingKit.modulemap /Users/runner/work/Reframe/Reframe/App/build-device/Build/Intermediates.noindex/GeneratedModuleMaps-iphoneos

SwiftDriver TrackingKit normal arm64 com.apple.xcode.tools.swift.compiler (in target 'TrackingKit' from project 'ReframeCore')
    cd /Users/runner/work/Reframe/Reframe/App/AutoReframe.xcodeproj
    builtin-SwiftDriver -- /Applications/Xcode_16.2.app/Contents/Developer/Toolchains/XcodeDefault.xctoolchain/usr/bin/swiftc -module-name TrackingKit -O -whole-module-optimization -enforce-exclusivity\=checked @/Users/runner/work/Reframe/Reframe/App/build-device/Build/Intermediates.noindex/ReframeCore.build/Release-iphoneos/TrackingKit.build/Objects-normal/arm64/TrackingKit.SwiftFileList -DSWIFT_PACKAGE -DXcode -plugin-path /Applications/Xcode_16.2.app/Contents/Developer/Toolchains/XcodeDefault.xctoolchain/usr/lib/swift/host/plugins/testing -enable-experimental-feature DebugDescriptionMacro -sdk /Applications/Xcode_16.2.app/Contents/Developer/Platforms/iPhoneOS.platform/Developer/SDKs/iPhoneOS18.2.sdk -target arm64-apple-ios16.0 -g -module-cache-path /Users/runner/work/Reframe/Reframe/App/build-device/ModuleCache.noindex -Xfrontend -serialize-debugging-options -swift-version 5 -I /Users/runner/work/Reframe/Reframe/App/build-device/Build/Products/Release-iphoneos -I /Applications/Xcode_16.2.app/Contents/Developer/Platforms/iPhoneOS.platform/Developer/usr/lib -F /Users/runner/work/Reframe/Reframe/App/build-device/Build/Products/Release-iphoneos/PackageFrameworks -F /Users/runner/work/Reframe/Reframe/App/build-device/Build/Products/Release-iphoneos -F /Applications/Xcode_16.2.app/Contents/Developer/Platforms/iPhoneOS.platform/Developer/Library/Frameworks -F /Applications/Xcode_16.2.app/Contents/Developer/Platforms/iPhoneOS.platform/Developer/SDKs/iPhoneOS18.2.sdk/Developer/Library/Frameworks -c -num-threads 3 -Xcc -ivfsstatcache -Xcc /Users/runner/work/Reframe/Reframe/App/build-device/SDKStatCaches.noindex/iphoneos18.2-22C146-6f6929c68f51360d5ca70a73a7e0c2f9.sdkstatcache -output-file-map /Users/runner/work/Reframe/Reframe/App/build-device/Build/Intermediates.noindex/ReframeCore.build/Release-iphoneos/TrackingKit.build/Objects-normal/arm64/TrackingKit-OutputFileMap.json -use-frontend-parseable-output -save-temps -no-color-diagnostics -serialize-diagnostics -emit-dependencies -emit-module -emit-module-path /Users/runner/work/Reframe/Reframe/App/build-device/Build/Intermediates.noindex/ReframeCore.build/Release-iphoneos/TrackingKit.build/Objects-normal/arm64/TrackingKit.swiftmodule -validate-clang-modules-once -clang-build-session-file /Users/runner/work/Reframe/Reframe/App/build-device/ModuleCache.noindex/Session.modulevalidation -package-name reframecore -Xcc -I/Users/runner/work/Reframe/Reframe/App/build-device/Build/Intermediates.noindex/ReframeCore.build/Release-iphoneos/TrackingKit.build/swift-overrides.hmap -emit-const-values -Xfrontend -const-gather-protocols-file -Xfrontend /Users/runner/work/Reframe/Reframe/App/build-device/Build/Intermediates.noindex/ReframeCore.build/Release-iphoneos/TrackingKit.build/Objects-normal/arm64/TrackingKit_const_extract_protocols.json -Xcc -I/Users/runner/work/Reframe/Reframe/App/build-device/Build/Products/Release-iphoneos/include -Xcc -I/Users/runner/work/Reframe/Reframe/App/build-device/Build/Intermediates.noindex/ReframeCore.build/Release-iphoneos/TrackingKit.build/DerivedSources-normal/arm64 -Xcc -I/Users/runner/work/Reframe/Reframe/App/build-device/Build/Intermediates.noindex/ReframeCore.build/Release-iphoneos/TrackingKit.build/DerivedSources/arm64 -Xcc -I/Users/runner/work/Reframe/Reframe/App/build-device/Build/Intermediates.noindex/ReframeCore.build/Release-iphoneos/TrackingKit.build/DerivedSources -Xcc -DSWIFT_PACKAGE -emit-objc-header -emit-objc-header-path /Users/runner/work/Reframe/Reframe/App/build-device/Build/Intermediates.noindex/ReframeCore.build/Release-iphoneos/TrackingKit.build/Objects-normal/arm64/TrackingKit-Swift.h -working-directory /Users/runner/work/Reframe/Reframe/App/AutoReframe.xcodeproj -no-emit-module-separately-wmo

SwiftDriver\ Compilation TrackingKit normal arm64 com.apple.xcode.tools.swift.compiler (in target 'TrackingKit' from project 'ReframeCore')
    cd /Users/runner/work/Reframe/Reframe/App/AutoReframe.xcodeproj
    builtin-Swift-Compilation -- /Applications/Xcode_16.2.app/Contents/Developer/Toolchains/XcodeDefault.xctoolchain/usr/bin/swiftc -module-name TrackingKit -O -whole-module-optimization -enforce-exclusivity\=checked @/Users/runner/work/Reframe/Reframe/App/build-device/Build/Intermediates.noindex/ReframeCore.build/Release-iphoneos/TrackingKit.build/Objects-normal/arm64/TrackingKit.SwiftFileList -DSWIFT_PACKAGE -DXcode -plugin-path /Applications/Xcode_16.2.app/Contents/Developer/Toolchains/XcodeDefault.xctoolchain/usr/lib/swift/host/plugins/testing -enable-experimental-feature DebugDescriptionMacro -sdk /Applications/Xcode_16.2.app/Contents/Developer/Platforms/iPhoneOS.platform/Developer/SDKs/iPhoneOS18.2.sdk -target arm64-apple-ios16.0 -g -module-cache-path /Users/runner/work/Reframe/Reframe/App/build-device/ModuleCache.noindex -Xfrontend -serialize-debugging-options -swift-version 5 -I /Users/runner/work/Reframe/Reframe/App/build-device/Build/Products/Release-iphoneos -I /Applications/Xcode_16.2.app/Contents/Developer/Platforms/iPhoneOS.platform/Developer/usr/lib -F /Users/runner/work/Reframe/Reframe/App/build-device/Build/Products/Release-iphoneos/PackageFrameworks -F /Users/runner/work/Reframe/Reframe/App/build-device/Build/Products/Release-iphoneos -F /Applications/Xcode_16.2.app/Contents/Developer/Platforms/iPhoneOS.platform/Developer/Library/Frameworks -F /Applications/Xcode_16.2.app/Contents/Developer/Platforms/iPhoneOS.platform/Developer/SDKs/iPhoneOS18.2.sdk/Developer/Library/Frameworks -c -num-threads 3 -Xcc -ivfsstatcache -Xcc /Users/runner/work/Reframe/Reframe/App/build-device/SDKStatCaches.noindex/iphoneos18.2-22C146-6f6929c68f51360d5ca70a73a7e0c2f9.sdkstatcache -output-file-map /Users/runner/work/Reframe/Reframe/App/build-device/Build/Intermediates.noindex/ReframeCore.build/Release-iphoneos/TrackingKit.build/Objects-normal/arm64/TrackingKit-OutputFileMap.json -use-frontend-parseable-output -save-temps -no-color-diagnostics -serialize-diagnostics -emit-dependencies -emit-module -emit-module-path /Users/runner/work/Reframe/Reframe/App/build-device/Build/Intermediates.noindex/ReframeCore.build/Release-iphoneos/TrackingKit.build/Objects-normal/arm64/TrackingKit.swiftmodule -validate-clang-modules-once -clang-build-session-file /Users/runner/work/Reframe/Reframe/App/build-device/ModuleCache.noindex/Session.modulevalidation -package-name reframecore -Xcc -I/Users/runner/work/Reframe/Reframe/App/build-device/Build/Intermediates.noindex/ReframeCore.build/Release-iphoneos/TrackingKit.build/swift-overrides.hmap -emit-const-values -Xfrontend -const-gather-protocols-file -Xfrontend /Users/runner/work/Reframe/Reframe/App/build-device/Build/Intermediates.noindex/ReframeCore.build/Release-iphoneos/TrackingKit.build/Objects-normal/arm64/TrackingKit_const_extract_protocols.json -Xcc -I/Users/runner/work/Reframe/Reframe/App/build-device/Build/Products/Release-iphoneos/include -Xcc -I/Users/runner/work/Reframe/Reframe/App/build-device/Build/Intermediates.noindex/ReframeCore.build/Release-iphoneos/TrackingKit.build/DerivedSources-normal/arm64 -Xcc -I/Users/runner/work/Reframe/Reframe/App/build-device/Build/Intermediates.noindex/ReframeCore.build/Release-iphoneos/TrackingKit.build/DerivedSources/arm64 -Xcc -I/Users/runner/work/Reframe/Reframe/App/build-device/Build/Intermediates.noindex/ReframeCore.build/Release-iphoneos/TrackingKit.build/DerivedSources -Xcc -DSWIFT_PACKAGE -emit-objc-header -emit-objc-header-path /Users/runner/work/Reframe/Reframe/App/build-device/Build/Intermediates.noindex/ReframeCore.build/Release-iphoneos/TrackingKit.build/Objects-normal/arm64/TrackingKit-Swift.h -working-directory /Users/runner/work/Reframe/Reframe/App/AutoReframe.xcodeproj -no-emit-module-separately-wmo

SwiftCompile normal arm64 Compiling\ BoxMath.swift,\ DisplayMapping.swift,\ Timestamps.swift,\ VisionCoordinates.swift,\ CommandLineOptions.swift,\ TrackingReport.swift,\ RenderPlanning.swift,\ VerticalRenderer.swift,\ Observation.swift,\ SubjectSelector.swift,\ SubjectTracker.swift,\ TrackingSettings.swift,\ DebugVideoWriter.swift,\ PersonPreview.swift,\ TrackingPipeline.swift,\ VideoFrameReader.swift,\ VisionComponents.swift /Users/runner/work/Reframe/Reframe/Packages/ReframeCore/Sources/TrackingKit/Geometry/BoxMath.swift /Users/runner/work/Reframe/Reframe/Packages/ReframeCore/Sources/TrackingKit/Geometry/DisplayMapping.swift /Users/runner/work/Reframe/Reframe/Packages/ReframeCore/Sources/TrackingKit/Geometry/Timestamps.swift /Users/runner/work/Reframe/Reframe/Packages/ReframeCore/Sources/TrackingKit/Geometry/VisionCoordinates.swift /Users/runner/work/Reframe/Reframe/Packages/ReframeCore/Sources/TrackingKit/Output/CommandLineOptions.swift /Users/runner/work/Reframe/Reframe/Packages/ReframeCore/Sources/TrackingKit/Output/TrackingReport.swift /Users/runner/work/Reframe/Reframe/Packages/ReframeCore/Sources/TrackingKit/Render/RenderPlanning.swift /Users/runner/work/Reframe/Reframe/Packages/ReframeCore/Sources/TrackingKit/Render/VerticalRenderer.swift /Users/runner/work/Reframe/Reframe/Packages/ReframeCore/Sources/TrackingKit/Selection/Observation.swift /Users/runner/work/Reframe/Reframe/Packages/ReframeCore/Sources/TrackingKit/Selection/SubjectSelector.swift /Users/runner/work/Reframe/Reframe/Packages/ReframeCore/Sources/TrackingKit/Selection/SubjectTracker.swift /Users/runner/work/Reframe/Reframe/Packages/ReframeCore/Sources/TrackingKit/TrackingSettings.swift /Users/runner/work/Reframe/Reframe/Packages/ReframeCore/Sources/TrackingKit/Vision/DebugVideoWriter.swift /Users/runner/work/Reframe/Reframe/Packages/ReframeCore/Sources/TrackingKit/Vision/PersonPreview.swift /Users/runner/work/Reframe/Reframe/Packages/ReframeCore/Sources/TrackingKit/Vision/TrackingPipeline.swift /Users/runner/work/Reframe/Reframe/Packages/ReframeCore/Sources/TrackingKit/Vision/VideoFrameReader.swift /Users/runner/work/Reframe/Reframe/Packages/ReframeCore/Sources/TrackingKit/Vision/VisionComponents.swift (in target 'TrackingKit' from project 'ReframeCore')
    cd /Users/runner/work/Reframe/Reframe/App/AutoReframe.xcodeproj
    builtin-swiftTaskExecution -- /Applications/Xcode_16.2.app/Contents/Developer/Toolchains/XcodeDefault.xctoolchain/usr/bin/swift-frontend -frontend -c /Users/runner/work/Reframe/Reframe/Packages/ReframeCore/Sources/TrackingKit/Geometry/BoxMath.swift /Users/runner/work/Reframe/Reframe/Packages/ReframeCore/Sources/TrackingKit/Geometry/DisplayMapping.swift /Users/runner/work/Reframe/Reframe/Packages/ReframeCore/Sources/TrackingKit/Geometry/Timestamps.swift /Users/runner/work/Reframe/Reframe/Packages/ReframeCore/Sources/TrackingKit/Geometry/VisionCoordinates.swift /Users/runner/work/Reframe/Reframe/Packages/ReframeCore/Sources/TrackingKit/Output/CommandLineOptions.swift /Users/runner/work/Reframe/Reframe/Packages/ReframeCore/Sources/TrackingKit/Output/TrackingReport.swift /Users/runner/work/Reframe/Reframe/Packages/ReframeCore/Sources/TrackingKit/Render/RenderPlanning.swift /Users/runner/work/Reframe/Reframe/Packages/ReframeCore/Sources/TrackingKit/Render/VerticalRenderer.swift /Users/runner/work/Reframe/Reframe/Packages/ReframeCore/Sources/TrackingKit/Selection/Observation.swift /Users/runner/work/Reframe/Reframe/Packages/ReframeCore/Sources/TrackingKit/Selection/SubjectSelector.swift /Users/runner/work/Reframe/Reframe/Packages/ReframeCore/Sources/TrackingKit/Selection/SubjectTracker.swift /Users/runner/work/Reframe/Reframe/Packages/ReframeCore/Sources/TrackingKit/TrackingSettings.swift /Users/runner/work/Reframe/Reframe/Packages/ReframeCore/Sources/TrackingKit/Vision/DebugVideoWriter.swift /Users/runner/work/Reframe/Reframe/Packages/ReframeCore/Sources/TrackingKit/Vision/PersonPreview.swift /Users/runner/work/Reframe/Reframe/Packages/ReframeCore/Sources/TrackingKit/Vision/TrackingPipeline.swift /Users/runner/work/Reframe/Reframe/Packages/ReframeCore/Sources/TrackingKit/Vision/VideoFrameReader.swift /Users/runner/work/Reframe/Reframe/Packages/ReframeCore/Sources/TrackingKit/Vision/VisionComponents.swift -supplementary-output-file-map /Users/runner/work/Reframe/Reframe/App/build-device/Build/Intermediates.noindex/ReframeCore.build/Release-iphoneos/TrackingKit.build/Objects-normal/arm64/supplementaryOutputs-2 -target arm64-apple-ios16.0 -Xllvm -aarch64-use-tbi -enable-objc-interop -stack-check -sdk /Applications/Xcode_16.2.app/Contents/Developer/Platforms/iPhoneOS.platform/Developer/SDKs/iPhoneOS18.2.sdk -I /Users/runner/work/Reframe/Reframe/App/build-device/Build/Products/Release-iphoneos -I /Applications/Xcode_16.2.app/Contents/Developer/Platforms/iPhoneOS.platform/Developer/usr/lib -F /Users/runner/work/Reframe/Reframe/App/build-device/Build/Products/Release-iphoneos/PackageFrameworks -F /Users/runner/work/Reframe/Reframe/App/build-device/Build/Products/Release-iphoneos -F /Applications/Xcode_16.2.app/Contents/Developer/Platforms/iPhoneOS.platform/Developer/Library/Frameworks -F /Applications/Xcode_16.2.app/Contents/Developer/Platforms/iPhoneOS.platform/Developer/SDKs/iPhoneOS18.2.sdk/Developer/Library/Frameworks -no-color-diagnostics -g -debug-info-format\=dwarf -dwarf-version\=4 -module-cache-path /Users/runner/work/Reframe/Reframe/App/build-device/ModuleCache.noindex -swift-version 5 -enforce-exclusivity\=checked -O -D SWIFT_PACKAGE -D Xcode -serialize-debugging-options -const-gather-protocols-file /Users/runner/work/Reframe/Reframe/App/build-device/Build/Intermediates.noindex/ReframeCore.build/Release-iphoneos/TrackingKit.build/Objects-normal/arm64/TrackingKit_const_extract_protocols.json -enable-experimental-feature DebugDescriptionMacro -empty-abi-descriptor -plugin-path /Applications/Xcode_16.2.app/Contents/Developer/Toolchains/XcodeDefault.xctoolchain/usr/lib/swift/host/plugins/testing -validate-clang-modules-once -clang-build-session-file /Users/runner/work/Reframe/Reframe/App/build-device/ModuleCache.noindex/Session.modulevalidation -Xcc -working-directory -Xcc /Users/runner/work/Reframe/Reframe/App/AutoReframe.xcodeproj -resource-dir /Applications/Xcode_16.2.app/Contents/Developer/Toolchains/XcodeDefault.xctoolchain/usr/lib/swift -file-compilation-dir /Users/runner/work/Reframe/Reframe/App/AutoReframe.xcodeproj -Xcc -ivfsstatcache -Xcc /Users/runner/work/Reframe/Reframe/App/build-device/SDKStatCaches.noindex/iphoneos18.2-22C146-6f6929c68f51360d5ca70a73a7e0c2f9.sdkstatcache -Xcc -I/Users/runner/work/Reframe/Reframe/App/build-device/Build/Intermediates.noindex/ReframeCore.build/Release-iphoneos/TrackingKit.build/swift-overrides.hmap -Xcc -I/Users/runner/work/Reframe/Reframe/App/build-device/Build/Products/Release-iphoneos/include -Xcc -I/Users/runner/work/Reframe/Reframe/App/build-device/Build/Intermediates.noindex/ReframeCore.build/Release-iphoneos/TrackingKit.build/DerivedSources-normal/arm64 -Xcc -I/Users/runner/work/Reframe/Reframe/App/build-device/Build/Intermediates.noindex/ReframeCore.build/Release-iphoneos/TrackingKit.build/DerivedSources/arm64 -Xcc -I/Users/runner/work/Reframe/Reframe/App/build-device/Build/Intermediates.noindex/ReframeCore.build/Release-iphoneos/TrackingKit.build/DerivedSources -Xcc -DSWIFT_PACKAGE -module-name TrackingKit -package-name reframecore -frontend-parseable-output -disable-clang-spi -target-sdk-version 18.2 -target-sdk-name iphoneos18.2 -external-plugin-path /Applications/Xcode_16.2.app/Contents/Developer/Platforms/iPhoneOS.platform/Developer/usr/lib/swift/host/plugins\#/Applications/Xcode_16.2.app/Contents/Developer/Platforms/iPhoneOS.platform/Developer/usr/bin/swift-plugin-server -external-plugin-path /Applications/Xcode_16.2.app/Contents/Developer/Platforms/iPhoneOS.platform/Developer/usr/local/lib/swift/host/plugins\#/Applications/Xcode_16.2.app/Contents/Developer/Platforms/iPhoneOS.platform/Developer/usr/bin/swift-plugin-server -plugin-path /Applications/Xcode_16.2.app/Contents/Developer/Toolchains/XcodeDefault.xctoolchain/usr/lib/swift/host/plugins -plugin-path /Applications/Xcode_16.2.app/Contents/Developer/Toolchains/XcodeDefault.xctoolchain/usr/local/lib/swift/host/plugins -enable-default-cmo -num-threads 3 -o /Users/runner/work/Reframe/Reframe/App/build-device/Build/Intermediates.noindex/ReframeCore.build/Release-iphoneos/TrackingKit.build/Objects-normal/arm64/BoxMath.o -o /Users/runner/work/Reframe/Reframe/App/build-device/Build/Intermediates.noindex/ReframeCore.build/Release-iphoneos/TrackingKit.build/Objects-normal/arm64/DisplayMapping.o -o /Users/runner/work/Reframe/Reframe/App/build-device/Build/Intermediates.noindex/ReframeCore.build/Release-iphoneos/TrackingKit.build/Objects-normal/arm64/Timestamps.o -o /Users/runner/work/Reframe/Reframe/App/build-device/Build/Intermediates.noindex/ReframeCore.build/Release-iphoneos/TrackingKit.build/Objects-normal/arm64/VisionCoordinates.o -o /Users/runner/work/Reframe/Reframe/App/build-device/Build/Intermediates.noindex/ReframeCore.build/Release-iphoneos/TrackingKit.build/Objects-normal/arm64/CommandLineOptions.o -o /Users/runner/work/Reframe/Reframe/App/build-device/Build/Intermediates.noindex/ReframeCore.build/Release-iphoneos/TrackingKit.build/Objects-normal/arm64/TrackingReport.o -o /Users/runner/work/Reframe/Reframe/App/build-device/Build/Intermediates.noindex/ReframeCore.build/Release-iphoneos/TrackingKit.build/Objects-normal/arm64/RenderPlanning.o -o /Users/runner/work/Reframe/Reframe/App/build-device/Build/Intermediates.noindex/ReframeCore.build/Release-iphoneos/TrackingKit.build/Objects-normal/arm64/VerticalRenderer.o -o /Users/runner/work/Reframe/Reframe/App/build-device/Build/Intermediates.noindex/ReframeCore.build/Release-iphoneos/TrackingKit.build/Objects-normal/arm64/Observation.o -o /Users/runner/work/Reframe/Reframe/App/build-device/Build/Intermediates.noindex/ReframeCore.build/Release-iphoneos/TrackingKit.build/Objects-normal/arm64/SubjectSelector.o -o /Users/runner/work/Reframe/Reframe/App/build-device/Build/Intermediates.noindex/ReframeCore.build/Release-iphoneos/TrackingKit.build/Objects-normal/arm64/SubjectTracker.o -o /Users/runner/work/Reframe/Reframe/App/build-device/Build/Intermediates.noindex/ReframeCore.build/Release-iphoneos/TrackingKit.build/Objects-normal/arm64/TrackingSettings.o -o /Users/runner/work/Reframe/Reframe/App/build-device/Build/Intermediates.noindex/ReframeCore.build/Release-iphoneos/TrackingKit.build/Objects-normal/arm64/DebugVideoWriter.o -o /Users/runner/work/Reframe/Reframe/App/build-device/Build/Intermediates.noindex/ReframeCore.build/Release-iphoneos/TrackingKit.build/Objects-normal/arm64/PersonPreview.o -o /Users/runner/work/Reframe/Reframe/App/build-device/Build/Intermediates.noindex/ReframeCore.build/Release-iphoneos/TrackingKit.build/Objects-normal/arm64/TrackingPipeline.o -o /Users/runner/work/Reframe/Reframe/App/build-device/Build/Intermediates.noindex/ReframeCore.build/Release-iphoneos/TrackingKit.build/Objects-normal/arm64/VideoFrameReader.o -o /Users/runner/work/Reframe/Reframe/App/build-device/Build/Intermediates.noindex/ReframeCore.build/Release-iphoneos/TrackingKit.build/Objects-normal/arm64/VisionComponents.o -index-unit-output-path /ReframeCore.build/Release-iphoneos/TrackingKit.build/Objects-normal/arm64/BoxMath.o -index-unit-output-path /ReframeCore.build/Release-iphoneos/TrackingKit.build/Objects-normal/arm64/DisplayMapping.o -index-unit-output-path /ReframeCore.build/Release-iphoneos/TrackingKit.build/Objects-normal/arm64/Timestamps.o -index-unit-output-path /ReframeCore.build/Release-iphoneos/TrackingKit.build/Objects-normal/arm64/VisionCoordinates.o -index-unit-output-path /ReframeCore.build/Release-iphoneos/TrackingKit.build/Objects-normal/arm64/CommandLineOptions.o -index-unit-output-path /ReframeCore.build/Release-iphoneos/TrackingKit.build/Objects-normal/arm64/TrackingReport.o -index-unit-output-path /ReframeCore.build/Release-iphoneos/TrackingKit.build/Objects-normal/arm64/RenderPlanning.o -index-unit-output-path /ReframeCore.build/Release-iphoneos/TrackingKit.build/Objects-normal/arm64/VerticalRenderer.o -index-unit-output-path /ReframeCore.build/Release-iphoneos/TrackingKit.build/Objects-normal/arm64/Observation.o -index-unit-output-path /ReframeCore.build/Release-iphoneos/TrackingKit.build/Objects-normal/arm64/SubjectSelector.o -index-unit-output-path /ReframeCore.build/Release-iphoneos/TrackingKit.build/Objects-normal/arm64/SubjectTracker.o -index-unit-output-path /ReframeCore.build/Release-iphoneos/TrackingKit.build/Objects-normal/arm64/TrackingSettings.o -index-unit-output-path /ReframeCore.build/Release-iphoneos/TrackingKit.build/Objects-normal/arm64/DebugVideoWriter.o -index-unit-output-path /ReframeCore.build/Release-iphoneos/TrackingKit.build/Objects-normal/arm64/PersonPreview.o -index-unit-output-path /ReframeCore.build/Release-iphoneos/TrackingKit.build/Objects-normal/arm64/TrackingPipeline.o -index-unit-output-path /ReframeCore.build/Release-iphoneos/TrackingKit.build/Objects-normal/arm64/VideoFrameReader.o -index-unit-output-path /ReframeCore.build/Release-iphoneos/TrackingKit.build/Objects-normal/arm64/VisionComponents.o

CompileSwift normal arm64 (in target 'TrackingKit' from project 'ReframeCore')
    cd /Users/runner/work/Reframe/Reframe/App/AutoReframe.xcodeproj
    /Applications/Xcode_16.2.app/Contents/Developer/Toolchains/XcodeDefault.xctoolchain/usr/bin/swift-frontend -c /Users/runner/work/Reframe/Reframe/Packages/ReframeCore/Sources/TrackingKit/Geometry/BoxMath.swift /Users/runner/work/Reframe/Reframe/Packages/ReframeCore/Sources/TrackingKit/Geometry/DisplayMapping.swift /Users/runner/work/Reframe/Reframe/Packages/ReframeCore/Sources/TrackingKit/Geometry/Timestamps.swift /Users/runner/work/Reframe/Reframe/Packages/ReframeCore/Sources/TrackingKit/Geometry/VisionCoordinates.swift /Users/runner/work/Reframe/Reframe/Packages/ReframeCore/Sources/TrackingKit/Output/CommandLineOptions.swift /Users/runner/work/Reframe/Reframe/Packages/ReframeCore/Sources/TrackingKit/Output/TrackingReport.swift /Users/runner/work/Reframe/Reframe/Packages/ReframeCore/Sources/TrackingKit/Render/RenderPlanning.swift /Users/runner/work/Reframe/Reframe/Packages/ReframeCore/Sources/TrackingKit/Render/VerticalRenderer.swift /Users/runner/work/Reframe/Reframe/Packages/ReframeCore/Sources/TrackingKit/Selection/Observation.swift /Users/runner/work/Reframe/Reframe/Packages/ReframeCore/Sources/TrackingKit/Selection/SubjectSelector.swift /Users/runner/work/Reframe/Reframe/Packages/ReframeCore/Sources/TrackingKit/Selection/SubjectTracker.swift /Users/runner/work/Reframe/Reframe/Packages/ReframeCore/Sources/TrackingKit/TrackingSettings.swift /Users/runner/work/Reframe/Reframe/Packages/ReframeCore/Sources/TrackingKit/Vision/DebugVideoWriter.swift /Users/runner/work/Reframe/Reframe/Packages/ReframeCore/Sources/TrackingKit/Vision/PersonPreview.swift /Users/runner/work/Reframe/Reframe/Packages/ReframeCore/Sources/TrackingKit/Vision/TrackingPipeline.swift /Users/runner/work/Reframe/Reframe/Packages/ReframeCore/Sources/TrackingKit/Vision/VideoFrameReader.swift /Users/runner/work/Reframe/Reframe/Packages/ReframeCore/Sources/TrackingKit/Vision/VisionComponents.swift -supplementary-output-file-map /Users/runner/work/Reframe/Reframe/App/build-device/Build/Intermediates.noindex/ReframeCore.build/Release-iphoneos/TrackingKit.build/Objects-normal/arm64/supplementaryOutputs-2 -target arm64-apple-ios16.0 -Xllvm -aarch64-use-tbi -enable-objc-interop -stack-check -sdk /Applications/Xcode_16.2.app/Contents/Developer/Platforms/iPhoneOS.platform/Developer/SDKs/iPhoneOS18.2.sdk -I /Users/runner/work/Reframe/Reframe/App/build-device/Build/Products/Release-iphoneos -I /Applications/Xcode_16.2.app/Contents/Developer/Platforms/iPhoneOS.platform/Developer/usr/lib -F /Users/runner/work/Reframe/Reframe/App/build-device/Build/Products/Release-iphoneos/PackageFrameworks -F /Users/runner/work/Reframe/Reframe/App/build-device/Build/Products/Release-iphoneos -F /Applications/Xcode_16.2.app/Contents/Developer/Platforms/iPhoneOS.platform/Developer/Library/Frameworks -F /Applications/Xcode_16.2.app/Contents/Developer/Platforms/iPhoneOS.platform/Developer/SDKs/iPhoneOS18.2.sdk/Developer/Library/Frameworks -no-color-diagnostics -g -debug-info-format\=dwarf -dwarf-version\=4 -module-cache-path /Users/runner/work/Reframe/Reframe/App/build-device/ModuleCache.noindex -swift-version 5 -enforce-exclusivity\=checked -O -D SWIFT_PACKAGE -D Xcode -serialize-debugging-options -const-gather-protocols-file /Users/runner/work/Reframe/Reframe/App/build-device/Build/Intermediates.noindex/ReframeCore.build/Release-iphoneos/TrackingKit.build/Objects-normal/arm64/TrackingKit_const_extract_protocols.json -enable-experimental-feature DebugDescriptionMacro -empty-abi-descriptor -plugin-path /Applications/Xcode_16.2.app/Contents/Developer/Toolchains/XcodeDefault.xctoolchain/usr/lib/swift/host/plugins/testing -validate-clang-modules-once -clang-build-session-file /Users/runner/work/Reframe/Reframe/App/build-device/ModuleCache.noindex/Session.modulevalidation -Xcc -working-directory -Xcc /Users/runner/work/Reframe/Reframe/App/AutoReframe.xcodeproj -resource-dir /Applications/Xcode_16.2.app/Contents/Developer/Toolchains/XcodeDefault.xctoolchain/usr/lib/swift -file-compilation-dir /Users/runner/work/Reframe/Reframe/App/AutoReframe.xcodeproj -Xcc -ivfsstatcache -Xcc /Users/runner/work/Reframe/Reframe/App/build-device/SDKStatCaches.noindex/iphoneos18.2-22C146-6f6929c68f51360d5ca70a73a7e0c2f9.sdkstatcache -Xcc -I/Users/runner/work/Reframe/Reframe/App/build-device/Build/Intermediates.noindex/ReframeCore.build/Release-iphoneos/TrackingKit.build/swift-overrides.hmap -Xcc -I/Users/runner/work/Reframe/Reframe/App/build-device/Build/Products/Release-iphoneos/include -Xcc -I/Users/runner/work/Reframe/Reframe/App/build-device/Build/Intermediates.noindex/ReframeCore.build/Release-iphoneos/TrackingKit.build/DerivedSources-normal/arm64 -Xcc -I/Users/runner/work/Reframe/Reframe/App/build-device/Build/Intermediates.noindex/ReframeCore.build/Release-iphoneos/TrackingKit.build/DerivedSources/arm64 -Xcc -I/Users/runner/work/Reframe/Reframe/App/build-device/Build/Intermediates.noindex/ReframeCore.build/Release-iphoneos/TrackingKit.build/DerivedSources -Xcc -DSWIFT_PACKAGE -module-name TrackingKit -package-name reframecore -frontend-parseable-output -disable-clang-spi -target-sdk-version 18.2 -target-sdk-name iphoneos18.2 -external-plugin-path /Applications/Xcode_16.2.app/Contents/Developer/Platforms/iPhoneOS.platform/Developer/usr/lib/swift/host/plugins\#/Applications/Xcode_16.2.app/Contents/Developer/Platforms/iPhoneOS.platform/Developer/usr/bin/swift-plugin-server -external-plugin-path /Applications/Xcode_16.2.app/Contents/Developer/Platforms/iPhoneOS.platform/Developer/usr/local/lib/swift/host/plugins\#/Applications/Xcode_16.2.app/Contents/Developer/Platforms/iPhoneOS.platform/Developer/usr/bin/swift-plugin-server -plugin-path /Applications/Xcode_16.2.app/Contents/Developer/Toolchains/XcodeDefault.xctoolchain/usr/lib/swift/host/plugins -plugin-path /Applications/Xcode_16.2.app/Contents/Developer/Toolchains/XcodeDefault.xctoolchain/usr/local/lib/swift/host/plugins -enable-default-cmo -num-threads 3 -o /Users/runner/work/Reframe/Reframe/App/build-device/Build/Intermediates.noindex/ReframeCore.build/Release-iphoneos/TrackingKit.build/Objects-normal/arm64/BoxMath.o -o /Users/runner/work/Reframe/Reframe/App/build-device/Build/Intermediates.noindex/ReframeCore.build/Release-iphoneos/TrackingKit.build/Objects-normal/arm64/DisplayMapping.o -o /Users/runner/work/Reframe/Reframe/App/build-device/Build/Intermediates.noindex/ReframeCore.build/Release-iphoneos/TrackingKit.build/Objects-normal/arm64/Timestamps.o -o /Users/runner/work/Reframe/Reframe/App/build-device/Build/Intermediates.noindex/ReframeCore.build/Release-iphoneos/TrackingKit.build/Objects-normal/arm64/VisionCoordinates.o -o /Users/runner/work/Reframe/Reframe/App/build-device/Build/Intermediates.noindex/ReframeCore.build/Release-iphoneos/TrackingKit.build/Objects-normal/arm64/CommandLineOptions.o -o /Users/runner/work/Reframe/Reframe/App/build-device/Build/Intermediates.noindex/ReframeCore.build/Release-iphoneos/TrackingKit.build/Objects-normal/arm64/TrackingReport.o -o /Users/runner/work/Reframe/Reframe/App/build-device/Build/Intermediates.noindex/ReframeCore.build/Release-iphoneos/TrackingKit.build/Objects-normal/arm64/RenderPlanning.o -o /Users/runner/work/Reframe/Reframe/App/build-device/Build/Intermediates.noindex/ReframeCore.build/Release-iphoneos/TrackingKit.build/Objects-normal/arm64/VerticalRenderer.o -o /Users/runner/work/Reframe/Reframe/App/build-device/Build/Intermediates.noindex/ReframeCore.build/Release-iphoneos/TrackingKit.build/Objects-normal/arm64/Observation.o -o /Users/runner/work/Reframe/Reframe/App/build-device/Build/Intermediates.noindex/ReframeCore.build/Release-iphoneos/TrackingKit.build/Objects-normal/arm64/SubjectSelector.o -o /Users/runner/work/Reframe/Reframe/App/build-device/Build/Intermediates.noindex/ReframeCore.build/Release-iphoneos/TrackingKit.build/Objects-normal/arm64/SubjectTracker.o -o /Users/runner/work/Reframe/Reframe/App/build-device/Build/Intermediates.noindex/ReframeCore.build/Release-iphoneos/TrackingKit.build/Objects-normal/arm64/TrackingSettings.o -o /Users/runner/work/Reframe/Reframe/App/build-device/Build/Intermediates.noindex/ReframeCore.build/Release-iphoneos/TrackingKit.build/Objects-normal/arm64/DebugVideoWriter.o -o /Users/runner/work/Reframe/Reframe/App/build-device/Build/Intermediates.noindex/ReframeCore.build/Release-iphoneos/TrackingKit.build/Objects-normal/arm64/PersonPreview.o -o /Users/runner/work/Reframe/Reframe/App/build-device/Build/Intermediates.noindex/ReframeCore.build/Release-iphoneos/TrackingKit.build/Objects-normal/arm64/TrackingPipeline.o -o /Users/runner/work/Reframe/Reframe/App/build-device/Build/Intermediates.noindex/ReframeCore.build/Release-iphoneos/TrackingKit.build/Objects-normal/arm64/VideoFrameReader.o -o /Users/runner/work/Reframe/Reframe/App/build-device/Build/Intermediates.noindex/ReframeCore.build/Release-iphoneos/TrackingKit.build/Objects-normal/arm64/VisionComponents.o -index-unit-output-path /ReframeCore.build/Release-iphoneos/TrackingKit.build/Objects-normal/arm64/BoxMath.o -index-unit-output-path /ReframeCore.build/Release-iphoneos/TrackingKit.build/Objects-normal/arm64/DisplayMapping.o -index-unit-output-path /ReframeCore.build/Release-iphoneos/TrackingKit.build/Objects-normal/arm64/Timestamps.o -index-unit-output-path /ReframeCore.build/Release-iphoneos/TrackingKit.build/Objects-normal/arm64/VisionCoordinates.o -index-unit-output-path /ReframeCore.build/Release-iphoneos/TrackingKit.build/Objects-normal/arm64/CommandLineOptions.o -index-unit-output-path /ReframeCore.build/Release-iphoneos/TrackingKit.build/Objects-normal/arm64/TrackingReport.o -index-unit-output-path /ReframeCore.build/Release-iphoneos/TrackingKit.build/Objects-normal/arm64/RenderPlanning.o -index-unit-output-path /ReframeCore.build/Release-iphoneos/TrackingKit.build/Objects-normal/arm64/VerticalRenderer.o -index-unit-output-path /ReframeCore.build/Release-iphoneos/TrackingKit.build/Objects-normal/arm64/Observation.o -index-unit-output-path /ReframeCore.build/Release-iphoneos/TrackingKit.build/Objects-normal/arm64/SubjectSelector.o -index-unit-output-path /ReframeCore.build/Release-iphoneos/TrackingKit.build/Objects-normal/arm64/SubjectTracker.o -index-unit-output-path /ReframeCore.build/Release-iphoneos/TrackingKit.build/Objects-normal/arm64/TrackingSettings.o -index-unit-output-path /ReframeCore.build/Release-iphoneos/TrackingKit.build/Objects-normal/arm64/DebugVideoWriter.o -index-unit-output-path /ReframeCore.build/Release-iphoneos/TrackingKit.build/Objects-normal/arm64/PersonPreview.o -index-unit-output-path /ReframeCore.build/Release-iphoneos/TrackingKit.build/Objects-normal/arm64/TrackingPipeline.o -index-unit-output-path /ReframeCore.build/Release-iphoneos/TrackingKit.build/Objects-normal/arm64/VideoFrameReader.o -index-unit-output-path /ReframeCore.build/Release-iphoneos/TrackingKit.build/Objects-normal/arm64/VisionComponents.o
/Users/runner/work/Reframe/Reframe/Packages/ReframeCore/Sources/TrackingKit/Render/VerticalRenderer.swift:250:19: warning: capture of 'videoInput' with non-sendable type 'AVAssetWriterInput' in a `@Sendable` closure
            while videoInput.isReadyForMoreMediaData {
                  ^
AVFoundation.AVAssetWriterInput:2:12: note: class 'AVAssetWriterInput' does not conform to the 'Sendable' protocol
open class AVAssetWriterInput : NSObject {
           ^
/Users/runner/work/Reframe/Reframe/Packages/ReframeCore/Sources/TrackingKit/Render/VerticalRenderer.swift:3:1: warning: add '@preconcurrency' to suppress 'Sendable'-related warnings from module 'AVFoundation'
import AVFoundation
^
@preconcurrency 
/Users/runner/work/Reframe/Reframe/Packages/ReframeCore/Sources/TrackingKit/Render/VerticalRenderer.swift:254:40: warning: capture of 'videoOutput' with non-sendable type 'AVAssetReaderTrackOutput' in a `@Sendable` closure
                    guard let sample = videoOutput.copyNextSampleBuffer() else { finished = true; return }
                                       ^
AVFoundation.AVAssetReaderTrackOutput:2:12: note: class 'AVAssetReaderTrackOutput' does not conform to the 'Sendable' protocol
open class AVAssetReaderTrackOutput : AVAssetReaderOutput {
           ^
/Users/runner/work/Reframe/Reframe/Packages/ReframeCore/Sources/TrackingKit/Render/VerticalRenderer.swift:273:38: warning: capture of 'adaptor' with non-sendable type 'AVAssetWriterInputPixelBufferAdaptor' in a `@Sendable` closure
                    guard let pool = adaptor.pixelBufferPool else {
                                     ^
AVFoundation.AVAssetWriterInputPixelBufferAdaptor:2:12: note: class 'AVAssetWriterInputPixelBufferAdaptor' does not conform to the 'Sendable' protocol
open class AVAssetWriterInputPixelBufferAdaptor : NSObject {
           ^
/Users/runner/work/Reframe/Reframe/Packages/ReframeCore/Sources/TrackingKit/Render/VerticalRenderer.swift:281:21: warning: capture of 'ciContext' with non-sendable type 'CIContext' in a `@Sendable` closure
                    ciContext.render(image, to: outBuffer, bounds: outBounds, colorSpace: colorSpace)
                    ^
CoreImage.CIContext:2:12: note: class 'CIContext' does not conform to the 'Sendable' protocol
open class CIContext : NSObject {
           ^
/Users/runner/work/Reframe/Reframe/Packages/ReframeCore/Sources/TrackingKit/Render/VerticalRenderer.swift:4:1: warning: add '@preconcurrency' to suppress 'Sendable'-related warnings from module 'CoreImage'
import CoreImage
^
@preconcurrency 
/Users/runner/work/Reframe/Reframe/Packages/ReframeCore/Sources/TrackingKit/Render/VerticalRenderer.swift:283:61: warning: capture of 'writer' with non-sendable type 'AVAssetWriter' in a `@Sendable` closure
                        state.fail(RenderError.writerFailed(writer.error.map { "\($0)" } ?? "append de vídeo falhou"))
AVFoundation.AVAssetWriter:2:12: note: class 'AVAssetWriter' does not conform to the 'Sendable' protocol
open class AVAssetWriter : NSObject {
           ^
/Users/runner/work/Reframe/Reframe/Packages/ReframeCore/Sources/TrackingKit/Render/VerticalRenderer.swift:297:23: warning: capture of 'audioInput' with non-sendable type 'AVAssetWriterInput' in a `@Sendable` closure
                while audioInput.isReadyForMoreMediaData {
                      ^
AVFoundation.AVAssetWriterInput:2:12: note: class 'AVAssetWriterInput' does not conform to the 'Sendable' protocol
open class AVAssetWriterInput : NSObject {
           ^
/Users/runner/work/Reframe/Reframe/Packages/ReframeCore/Sources/TrackingKit/Render/VerticalRenderer.swift:299:40: warning: capture of 'audioOutput' with non-sendable type 'AVAssetReaderTrackOutput' in a `@Sendable` closure
                    guard let sample = audioOutput.copyNextSampleBuffer() else {
                                       ^
AVFoundation.AVAssetReaderTrackOutput:2:12: note: class 'AVAssetReaderTrackOutput' does not conform to the 'Sendable' protocol
open class AVAssetReaderTrackOutput : AVAssetReaderOutput {
           ^
/Users/runner/work/Reframe/Reframe/Packages/ReframeCore/Sources/TrackingKit/Render/VerticalRenderer.swift:303:61: warning: capture of 'writer' with non-sendable type 'AVAssetWriter' in a `@Sendable` closure
                        state.fail(RenderError.writerFailed(writer.error.map { "\($0)" } ?? "append de áudio falhou"))
AVFoundation.AVAssetWriter:2:12: note: class 'AVAssetWriter' does not conform to the 'Sendable' protocol
open class AVAssetWriter : NSObject {
           ^

RegisterExecutionPolicyException /Users/runner/work/Reframe/Reframe/App/build-device/Build/Products/Release-iphoneos/ReframeCore.o (in target 'ReframeCore' from project 'ReframeCore')
    cd /Users/runner/work/Reframe/Reframe/Packages/ReframeCore
    builtin-RegisterExecutionPolicyException /Users/runner/work/Reframe/Reframe/App/build-device/Build/Products/Release-iphoneos/ReframeCore.o

SwiftDriverJobDiscovery normal arm64 Compiling BoxMath.swift, DisplayMapping.swift, Timestamps.swift, VisionCoordinates.swift, CommandLineOptions.swift, TrackingReport.swift, RenderPlanning.swift, VerticalRenderer.swift, Observation.swift, SubjectSelector.swift, SubjectTracker.swift, TrackingSettings.swift, DebugVideoWriter.swift, PersonPreview.swift, TrackingPipeline.swift, VideoFrameReader.swift, VisionComponents.swift (in target 'TrackingKit' from project 'ReframeCore')

SwiftDriver\ Compilation\ Requirements TrackingKit normal arm64 com.apple.xcode.tools.swift.compiler (in target 'TrackingKit' from project 'ReframeCore')
    cd /Users/runner/work/Reframe/Reframe/App/AutoReframe.xcodeproj
    builtin-Swift-Compilation-Requirements -- /Applications/Xcode_16.2.app/Contents/Developer/Toolchains/XcodeDefault.xctoolchain/usr/bin/swiftc -module-name TrackingKit -O -whole-module-optimization -enforce-exclusivity\=checked @/Users/runner/work/Reframe/Reframe/App/build-device/Build/Intermediates.noindex/ReframeCore.build/Release-iphoneos/TrackingKit.build/Objects-normal/arm64/TrackingKit.SwiftFileList -DSWIFT_PACKAGE -DXcode -plugin-path /Applications/Xcode_16.2.app/Contents/Developer/Toolchains/XcodeDefault.xctoolchain/usr/lib/swift/host/plugins/testing -enable-experimental-feature DebugDescriptionMacro -sdk /Applications/Xcode_16.2.app/Contents/Developer/Platforms/iPhoneOS.platform/Developer/SDKs/iPhoneOS18.2.sdk -target arm64-apple-ios16.0 -g -module-cache-path /Users/runner/work/Reframe/Reframe/App/build-device/ModuleCache.noindex -Xfrontend -serialize-debugging-options -swift-version 5 -I /Users/runner/work/Reframe/Reframe/App/build-device/Build/Products/Release-iphoneos -I /Applications/Xcode_16.2.app/Contents/Developer/Platforms/iPhoneOS.platform/Developer/usr/lib -F /Users/runner/work/Reframe/Reframe/App/build-device/Build/Products/Release-iphoneos/PackageFrameworks -F /Users/runner/work/Reframe/Reframe/App/build-device/Build/Products/Release-iphoneos -F /Applications/Xcode_16.2.app/Contents/Developer/Platforms/iPhoneOS.platform/Developer/Library/Frameworks -F /Applications/Xcode_16.2.app/Contents/Developer/Platforms/iPhoneOS.platform/Developer/SDKs/iPhoneOS18.2.sdk/Developer/Library/Frameworks -c -num-threads 3 -Xcc -ivfsstatcache -Xcc /Users/runner/work/Reframe/Reframe/App/build-device/SDKStatCaches.noindex/iphoneos18.2-22C146-6f6929c68f51360d5ca70a73a7e0c2f9.sdkstatcache -output-file-map /Users/runner/work/Reframe/Reframe/App/build-device/Build/Intermediates.noindex/ReframeCore.build/Release-iphoneos/TrackingKit.build/Objects-normal/arm64/TrackingKit-OutputFileMap.json -use-frontend-parseable-output -save-temps -no-color-diagnostics -serialize-diagnostics -emit-dependencies -emit-module -emit-module-path /Users/runner/work/Reframe/Reframe/App/build-device/Build/Intermediates.noindex/ReframeCore.build/Release-iphoneos/TrackingKit.build/Objects-normal/arm64/TrackingKit.swiftmodule -validate-clang-modules-once -clang-build-session-file /Users/runner/work/Reframe/Reframe/App/build-device/ModuleCache.noindex/Session.modulevalidation -package-name reframecore -Xcc -I/Users/runner/work/Reframe/Reframe/App/build-device/Build/Intermediates.noindex/ReframeCore.build/Release-iphoneos/TrackingKit.build/swift-overrides.hmap -emit-const-values -Xfrontend -const-gather-protocols-file -Xfrontend /Users/runner/work/Reframe/Reframe/App/build-device/Build/Intermediates.noindex/ReframeCore.build/Release-iphoneos/TrackingKit.build/Objects-normal/arm64/TrackingKit_const_extract_protocols.json -Xcc -I/Users/runner/work/Reframe/Reframe/App/build-device/Build/Products/Release-iphoneos/include -Xcc -I/Users/runner/work/Reframe/Reframe/App/build-device/Build/Intermediates.noindex/ReframeCore.build/Release-iphoneos/TrackingKit.build/DerivedSources-normal/arm64 -Xcc -I/Users/runner/work/Reframe/Reframe/App/build-device/Build/Intermediates.noindex/ReframeCore.build/Release-iphoneos/TrackingKit.build/DerivedSources/arm64 -Xcc -I/Users/runner/work/Reframe/Reframe/App/build-device/Build/Intermediates.noindex/ReframeCore.build/Release-iphoneos/TrackingKit.build/DerivedSources -Xcc -DSWIFT_PACKAGE -emit-objc-header -emit-objc-header-path /Users/runner/work/Reframe/Reframe/App/build-device/Build/Intermediates.noindex/ReframeCore.build/Release-iphoneos/TrackingKit.build/Objects-normal/arm64/TrackingKit-Swift.h -working-directory /Users/runner/work/Reframe/Reframe/App/AutoReframe.xcodeproj -no-emit-module-separately-wmo

SwiftMergeGeneratedHeaders /Users/runner/work/Reframe/Reframe/App/build-device/Build/Intermediates.noindex/GeneratedModuleMaps-iphoneos/TrackingKit-Swift.h /Users/runner/work/Reframe/Reframe/App/build-device/Build/Intermediates.noindex/ReframeCore.build/Release-iphoneos/TrackingKit.build/Objects-normal/arm64/TrackingKit-Swift.h (in target 'TrackingKit' from project 'ReframeCore')
    cd /Users/runner/work/Reframe/Reframe/Packages/ReframeCore
    builtin-swiftHeaderTool -arch arm64 /Users/runner/work/Reframe/Reframe/App/build-device/Build/Intermediates.noindex/ReframeCore.build/Release-iphoneos/TrackingKit.build/Objects-normal/arm64/TrackingKit-Swift.h -o /Users/runner/work/Reframe/Reframe/App/build-device/Build/Intermediates.noindex/GeneratedModuleMaps-iphoneos/TrackingKit-Swift.h

Copy /Users/runner/work/Reframe/Reframe/App/build-device/Build/Products/Release-iphoneos/TrackingKit.swiftmodule/arm64-apple-ios.swiftmodule /Users/runner/work/Reframe/Reframe/App/build-device/Build/Intermediates.noindex/ReframeCore.build/Release-iphoneos/TrackingKit.build/Objects-normal/arm64/TrackingKit.swiftmodule (in target 'TrackingKit' from project 'ReframeCore')
    cd /Users/runner/work/Reframe/Reframe/Packages/ReframeCore
    builtin-copy -exclude .DS_Store -exclude CVS -exclude .svn -exclude .git -exclude .hg -strip-unsigned-binaries -strip-deterministic -strip-tool /Applications/Xcode_16.2.app/Contents/Developer/Toolchains/XcodeDefault.xctoolchain/usr/bin/strip -resolve-src-symlinks -rename /Users/runner/work/Reframe/Reframe/App/build-device/Build/Intermediates.noindex/ReframeCore.build/Release-iphoneos/TrackingKit.build/Objects-normal/arm64/TrackingKit.swiftmodule /Users/runner/work/Reframe/Reframe/App/build-device/Build/Products/Release-iphoneos/TrackingKit.swiftmodule/arm64-apple-ios.swiftmodule

Copy /Users/runner/work/Reframe/Reframe/App/build-device/Build/Products/Release-iphoneos/TrackingKit.swiftmodule/arm64-apple-ios.swiftdoc /Users/runner/work/Reframe/Reframe/App/build-device/Build/Intermediates.noindex/ReframeCore.build/Release-iphoneos/TrackingKit.build/Objects-normal/arm64/TrackingKit.swiftdoc (in target 'TrackingKit' from project 'ReframeCore')
    cd /Users/runner/work/Reframe/Reframe/Packages/ReframeCore
    builtin-copy -exclude .DS_Store -exclude CVS -exclude .svn -exclude .git -exclude .hg -strip-unsigned-binaries -strip-deterministic -strip-tool /Applications/Xcode_16.2.app/Contents/Developer/Toolchains/XcodeDefault.xctoolchain/usr/bin/strip -resolve-src-symlinks -rename /Users/runner/work/Reframe/Reframe/App/build-device/Build/Intermediates.noindex/ReframeCore.build/Release-iphoneos/TrackingKit.build/Objects-normal/arm64/TrackingKit.swiftdoc /Users/runner/work/Reframe/Reframe/App/build-device/Build/Products/Release-iphoneos/TrackingKit.swiftmodule/arm64-apple-ios.swiftdoc

Copy /Users/runner/work/Reframe/Reframe/App/build-device/Build/Products/Release-iphoneos/TrackingKit.swiftmodule/arm64-apple-ios.abi.json /Users/runner/work/Reframe/Reframe/App/build-device/Build/Intermediates.noindex/ReframeCore.build/Release-iphoneos/TrackingKit.build/Objects-normal/arm64/TrackingKit.abi.json (in target 'TrackingKit' from project 'ReframeCore')
    cd /Users/runner/work/Reframe/Reframe/Packages/ReframeCore
    builtin-copy -exclude .DS_Store -exclude CVS -exclude .svn -exclude .git -exclude .hg -strip-unsigned-binaries -strip-deterministic -strip-tool /Applications/Xcode_16.2.app/Contents/Developer/Toolchains/XcodeDefault.xctoolchain/usr/bin/strip -resolve-src-symlinks -rename /Users/runner/work/Reframe/Reframe/App/build-device/Build/Intermediates.noindex/ReframeCore.build/Release-iphoneos/TrackingKit.build/Objects-normal/arm64/TrackingKit.abi.json /Users/runner/work/Reframe/Reframe/App/build-device/Build/Products/Release-iphoneos/TrackingKit.swiftmodule/arm64-apple-ios.abi.json

Copy /Users/runner/work/Reframe/Reframe/App/build-device/Build/Products/Release-iphoneos/TrackingKit.swiftmodule/Project/arm64-apple-ios.swiftsourceinfo /Users/runner/work/Reframe/Reframe/App/build-device/Build/Intermediates.noindex/ReframeCore.build/Release-iphoneos/TrackingKit.build/Objects-normal/arm64/TrackingKit.swiftsourceinfo (in target 'TrackingKit' from project 'ReframeCore')
    cd /Users/runner/work/Reframe/Reframe/Packages/ReframeCore
    builtin-copy -exclude .DS_Store -exclude CVS -exclude .svn -exclude .git -exclude .hg -strip-unsigned-binaries -strip-deterministic -strip-tool /Applications/Xcode_16.2.app/Contents/Developer/Toolchains/XcodeDefault.xctoolchain/usr/bin/strip -resolve-src-symlinks -rename /Users/runner/work/Reframe/Reframe/App/build-device/Build/Intermediates.noindex/ReframeCore.build/Release-iphoneos/TrackingKit.build/Objects-normal/arm64/TrackingKit.swiftsourceinfo /Users/runner/work/Reframe/Reframe/App/build-device/Build/Products/Release-iphoneos/TrackingKit.swiftmodule/Project/arm64-apple-ios.swiftsourceinfo

Ld /Users/runner/work/Reframe/Reframe/App/build-device/Build/Products/Release-iphoneos/TrackingKit.o normal (in target 'TrackingKit' from project 'ReframeCore')
    cd /Users/runner/work/Reframe/Reframe/Packages/ReframeCore
    /Applications/Xcode_16.2.app/Contents/Developer/Toolchains/XcodeDefault.xctoolchain/usr/bin/clang -Xlinker -reproducible -target arm64-apple-ios16.0 -r -isysroot /Applications/Xcode_16.2.app/Contents/Developer/Platforms/iPhoneOS.platform/Developer/SDKs/iPhoneOS18.2.sdk -Os -L/Users/runner/work/Reframe/Reframe/App/build-device/Build/Intermediates.noindex/EagerLinkingTBDs/Release-iphoneos -L/Users/runner/work/Reframe/Reframe/App/build-device/Build/Products/Release-iphoneos -L/Applications/Xcode_16.2.app/Contents/Developer/Platforms/iPhoneOS.platform/Developer/usr/lib -F/Users/runner/work/Reframe/Reframe/App/build-device/Build/Intermediates.noindex/EagerLinkingTBDs/Release-iphoneos -F/Users/runner/work/Reframe/Reframe/App/build-device/Build/Products/Release-iphoneos/PackageFrameworks -F/Users/runner/work/Reframe/Reframe/App/build-device/Build/Products/Release-iphoneos -iframework /Applications/Xcode_16.2.app/Contents/Developer/Platforms/iPhoneOS.platform/Developer/Library/Frameworks -iframework /Applications/Xcode_16.2.app/Contents/Developer/Platforms/iPhoneOS.platform/Developer/SDKs/iPhoneOS18.2.sdk/Developer/Library/Frameworks -filelist /Users/runner/work/Reframe/Reframe/App/build-device/Build/Intermediates.noindex/ReframeCore.build/Release-iphoneos/TrackingKit.build/Objects-normal/arm64/TrackingKit.LinkFileList -nostdlib -Xlinker -object_path_lto -Xlinker /Users/runner/work/Reframe/Reframe/App/build-device/Build/Intermediates.noindex/ReframeCore.build/Release-iphoneos/TrackingKit.build/Objects-normal/arm64/TrackingKit_lto.o -fobjc-link-runtime -L/Applications/Xcode_16.2.app/Contents/Developer/Toolchains/XcodeDefault.xctoolchain/usr/lib/swift/iphoneos -L/usr/lib/swift -Xlinker -add_ast_path -Xlinker /Users/runner/work/Reframe/Reframe/App/build-device/Build/Intermediates.noindex/ReframeCore.build/Release-iphoneos/TrackingKit.build/Objects-normal/arm64/TrackingKit.swiftmodule -Xlinker -dependency_info -Xlinker /Users/runner/work/Reframe/Reframe/App/build-device/Build/Intermediates.noindex/ReframeCore.build/Release-iphoneos/TrackingKit.build/Objects-normal/arm64/TrackingKit_dependency_info.dat -o /Users/runner/work/Reframe/Reframe/App/build-device/Build/Products/Release-iphoneos/TrackingKit.o

SwiftDriver AutoReframe normal arm64 com.apple.xcode.tools.swift.compiler (in target 'AutoReframe' from project 'AutoReframe')
    cd /Users/runner/work/Reframe/Reframe/App
    builtin-SwiftDriver -- /Applications/Xcode_16.2.app/Contents/Developer/Toolchains/XcodeDefault.xctoolchain/usr/bin/swiftc -module-name AutoReframe -O -whole-module-optimization -enforce-exclusivity\=checked @/Users/runner/work/Reframe/Reframe/App/build-device/Build/Intermediates.noindex/AutoReframe.build/Release-iphoneos/AutoReframe.build/Objects-normal/arm64/AutoReframe.SwiftFileList -enable-bare-slash-regex -enable-experimental-feature DebugDescriptionMacro -sdk /Applications/Xcode_16.2.app/Contents/Developer/Platforms/iPhoneOS.platform/Developer/SDKs/iPhoneOS18.2.sdk -target arm64-apple-ios16.0 -g -module-cache-path /Users/runner/work/Reframe/Reframe/App/build-device/ModuleCache.noindex -Xfrontend -serialize-debugging-options -swift-version 5 -I /Users/runner/work/Reframe/Reframe/App/build-device/Build/Products/Release-iphoneos -F /Users/runner/work/Reframe/Reframe/App/build-device/Build/Products/Release-iphoneos/PackageFrameworks -F /Users/runner/work/Reframe/Reframe/App/build-device/Build/Products/Release-iphoneos/PackageFrameworks -F /Users/runner/work/Reframe/Reframe/App/build-device/Build/Products/Release-iphoneos -c -num-threads 3 -Xcc -ivfsstatcache -Xcc /Users/runner/work/Reframe/Reframe/App/build-device/SDKStatCaches.noindex/iphoneos18.2-22C146-6f6929c68f51360d5ca70a73a7e0c2f9.sdkstatcache -output-file-map /Users/runner/work/Reframe/Reframe/App/build-device/Build/Intermediates.noindex/AutoReframe.build/Release-iphoneos/AutoReframe.build/Objects-normal/arm64/AutoReframe-OutputFileMap.json -use-frontend-parseable-output -save-temps -no-color-diagnostics -serialize-diagnostics -emit-dependencies -emit-module -emit-module-path /Users/runner/work/Reframe/Reframe/App/build-device/Build/Intermediates.noindex/AutoReframe.build/Release-iphoneos/AutoReframe.build/Objects-normal/arm64/AutoReframe.swiftmodule -validate-clang-modules-once -clang-build-session-file /Users/runner/work/Reframe/Reframe/App/build-device/ModuleCache.noindex/Session.modulevalidation -Xcc -I/Users/runner/work/Reframe/Reframe/App/build-device/Build/Intermediates.noindex/AutoReframe.build/Release-iphoneos/AutoReframe.build/swift-overrides.hmap -emit-const-values -Xfrontend -const-gather-protocols-file -Xfrontend /Users/runner/work/Reframe/Reframe/App/build-device/Build/Intermediates.noindex/AutoReframe.build/Release-iphoneos/AutoReframe.build/Objects-normal/arm64/AutoReframe_const_extract_protocols.json -Xcc -iquote -Xcc /Users/runner/work/Reframe/Reframe/App/build-device/Build/Intermediates.noindex/AutoReframe.build/Release-iphoneos/AutoReframe.build/AutoReframe-generated-files.hmap -Xcc -I/Users/runner/work/Reframe/Reframe/App/build-device/Build/Intermediates.noindex/AutoReframe.build/Release-iphoneos/AutoReframe.build/AutoReframe-own-target-headers.hmap -Xcc -I/Users/runner/work/Reframe/Reframe/App/build-device/Build/Intermediates.noindex/AutoReframe.build/Release-iphoneos/AutoReframe.build/AutoReframe-all-non-framework-target-headers.hmap -Xcc -ivfsoverlay -Xcc /Users/runner/work/Reframe/Reframe/App/build-device/Build/Intermediates.noindex/AutoReframe.build/Release-iphoneos/AutoReframe-80d5b118fb95dbd414767e04e4966aee-VFS-iphoneos/all-product-headers.yaml -Xcc -iquote -Xcc /Users/runner/work/Reframe/Reframe/App/build-device/Build/Intermediates.noindex/AutoReframe.build/Release-iphoneos/AutoReframe.build/AutoReframe-project-headers.hmap -Xcc -I/Users/runner/work/Reframe/Reframe/App/build-device/Build/Products/Release-iphoneos/include -Xcc -I/Users/runner/work/Reframe/Reframe/App/build-device/Build/Intermediates.noindex/AutoReframe.build/Release-iphoneos/AutoReframe.build/DerivedSources-normal/arm64 -Xcc -I/Users/runner/work/Reframe/Reframe/App/build-device/Build/Intermediates.noindex/AutoReframe.build/Release-iphoneos/AutoReframe.build/DerivedSources/arm64 -Xcc -I/Users/runner/work/Reframe/Reframe/App/build-device/Build/Intermediates.noindex/AutoReframe.build/Release-iphoneos/AutoReframe.build/DerivedSources -emit-objc-header -emit-objc-header-path /Users/runner/work/Reframe/Reframe/App/build-device/Build/Intermediates.noindex/AutoReframe.build/Release-iphoneos/AutoReframe.build/Objects-normal/arm64/AutoReframe-Swift.h -working-directory /Users/runner/work/Reframe/Reframe/App -no-emit-module-separately-wmo

SwiftDriver\ Compilation AutoReframe normal arm64 com.apple.xcode.tools.swift.compiler (in target 'AutoReframe' from project 'AutoReframe')
    cd /Users/runner/work/Reframe/Reframe/App
    builtin-Swift-Compilation -- /Applications/Xcode_16.2.app/Contents/Developer/Toolchains/XcodeDefault.xctoolchain/usr/bin/swiftc -module-name AutoReframe -O -whole-module-optimization -enforce-exclusivity\=checked @/Users/runner/work/Reframe/Reframe/App/build-device/Build/Intermediates.noindex/AutoReframe.build/Release-iphoneos/AutoReframe.build/Objects-normal/arm64/AutoReframe.SwiftFileList -enable-bare-slash-regex -enable-experimental-feature DebugDescriptionMacro -sdk /Applications/Xcode_16.2.app/Contents/Developer/Platforms/iPhoneOS.platform/Developer/SDKs/iPhoneOS18.2.sdk -target arm64-apple-ios16.0 -g -module-cache-path /Users/runner/work/Reframe/Reframe/App/build-device/ModuleCache.noindex -Xfrontend -serialize-debugging-options -swift-version 5 -I /Users/runner/work/Reframe/Reframe/App/build-device/Build/Products/Release-iphoneos -F /Users/runner/work/Reframe/Reframe/App/build-device/Build/Products/Release-iphoneos/PackageFrameworks -F /Users/runner/work/Reframe/Reframe/App/build-device/Build/Products/Release-iphoneos/PackageFrameworks -F /Users/runner/work/Reframe/Reframe/App/build-device/Build/Products/Release-iphoneos -c -num-threads 3 -Xcc -ivfsstatcache -Xcc /Users/runner/work/Reframe/Reframe/App/build-device/SDKStatCaches.noindex/iphoneos18.2-22C146-6f6929c68f51360d5ca70a73a7e0c2f9.sdkstatcache -output-file-map /Users/runner/work/Reframe/Reframe/App/build-device/Build/Intermediates.noindex/AutoReframe.build/Release-iphoneos/AutoReframe.build/Objects-normal/arm64/AutoReframe-OutputFileMap.json -use-frontend-parseable-output -save-temps -no-color-diagnostics -serialize-diagnostics -emit-dependencies -emit-module -emit-module-path /Users/runner/work/Reframe/Reframe/App/build-device/Build/Intermediates.noindex/AutoReframe.build/Release-iphoneos/AutoReframe.build/Objects-normal/arm64/AutoReframe.swiftmodule -validate-clang-modules-once -clang-build-session-file /Users/runner/work/Reframe/Reframe/App/build-device/ModuleCache.noindex/Session.modulevalidation -Xcc -I/Users/runner/work/Reframe/Reframe/App/build-device/Build/Intermediates.noindex/AutoReframe.build/Release-iphoneos/AutoReframe.build/swift-overrides.hmap -emit-const-values -Xfrontend -const-gather-protocols-file -Xfrontend /Users/runner/work/Reframe/Reframe/App/build-device/Build/Intermediates.noindex/AutoReframe.build/Release-iphoneos/AutoReframe.build/Objects-normal/arm64/AutoReframe_const_extract_protocols.json -Xcc -iquote -Xcc /Users/runner/work/Reframe/Reframe/App/build-device/Build/Intermediates.noindex/AutoReframe.build/Release-iphoneos/AutoReframe.build/AutoReframe-generated-files.hmap -Xcc -I/Users/runner/work/Reframe/Reframe/App/build-device/Build/Intermediates.noindex/AutoReframe.build/Release-iphoneos/AutoReframe.build/AutoReframe-own-target-headers.hmap -Xcc -I/Users/runner/work/Reframe/Reframe/App/build-device/Build/Intermediates.noindex/AutoReframe.build/Release-iphoneos/AutoReframe.build/AutoReframe-all-non-framework-target-headers.hmap -Xcc -ivfsoverlay -Xcc /Users/runner/work/Reframe/Reframe/App/build-device/Build/Intermediates.noindex/AutoReframe.build/Release-iphoneos/AutoReframe-80d5b118fb95dbd414767e04e4966aee-VFS-iphoneos/all-product-headers.yaml -Xcc -iquote -Xcc /Users/runner/work/Reframe/Reframe/App/build-device/Build/Intermediates.noindex/AutoReframe.build/Release-iphoneos/AutoReframe.build/AutoReframe-project-headers.hmap -Xcc -I/Users/runner/work/Reframe/Reframe/App/build-device/Build/Products/Release-iphoneos/include -Xcc -I/Users/runner/work/Reframe/Reframe/App/build-device/Build/Intermediates.noindex/AutoReframe.build/Release-iphoneos/AutoReframe.build/DerivedSources-normal/arm64 -Xcc -I/Users/runner/work/Reframe/Reframe/App/build-device/Build/Intermediates.noindex/AutoReframe.build/Release-iphoneos/AutoReframe.build/DerivedSources/arm64 -Xcc -I/Users/runner/work/Reframe/Reframe/App/build-device/Build/Intermediates.noindex/AutoReframe.build/Release-iphoneos/AutoReframe.build/DerivedSources -emit-objc-header -emit-objc-header-path /Users/runner/work/Reframe/Reframe/App/build-device/Build/Intermediates.noindex/AutoReframe.build/Release-iphoneos/AutoReframe.build/Objects-normal/arm64/AutoReframe-Swift.h -working-directory /Users/runner/work/Reframe/Reframe/App -no-emit-module-separately-wmo

SwiftCompile normal arm64 Compiling\ AutoReframeApp.swift,\ CameraService.swift,\ CameraView.swift,\ ContentView.swift,\ Options.swift,\ ProcessingModel.swift,\ VideoFile.swift /Users/runner/work/Reframe/Reframe/App/AutoReframe/AutoReframeApp.swift /Users/runner/work/Reframe/Reframe/App/AutoReframe/CameraService.swift /Users/runner/work/Reframe/Reframe/App/AutoReframe/CameraView.swift /Users/runner/work/Reframe/Reframe/App/AutoReframe/ContentView.swift /Users/runner/work/Reframe/Reframe/App/AutoReframe/Options.swift /Users/runner/work/Reframe/Reframe/App/AutoReframe/ProcessingModel.swift /Users/runner/work/Reframe/Reframe/App/AutoReframe/VideoFile.swift (in target 'AutoReframe' from project 'AutoReframe')
    cd /Users/runner/work/Reframe/Reframe/App
    builtin-swiftTaskExecution -- /Applications/Xcode_16.2.app/Contents/Developer/Toolchains/XcodeDefault.xctoolchain/usr/bin/swift-frontend -frontend -c /Users/runner/work/Reframe/Reframe/App/AutoReframe/AutoReframeApp.swift /Users/runner/work/Reframe/Reframe/App/AutoReframe/CameraService.swift /Users/runner/work/Reframe/Reframe/App/AutoReframe/CameraView.swift /Users/runner/work/Reframe/Reframe/App/AutoReframe/ContentView.swift /Users/runner/work/Reframe/Reframe/App/AutoReframe/Options.swift /Users/runner/work/Reframe/Reframe/App/AutoReframe/ProcessingModel.swift /Users/runner/work/Reframe/Reframe/App/AutoReframe/VideoFile.swift -supplementary-output-file-map /Users/runner/work/Reframe/Reframe/App/build-device/Build/Intermediates.noindex/AutoReframe.build/Release-iphoneos/AutoReframe.build/Objects-normal/arm64/supplementaryOutputs-3 -target arm64-apple-ios16.0 -Xllvm -aarch64-use-tbi -enable-objc-interop -stack-check -sdk /Applications/Xcode_16.2.app/Contents/Developer/Platforms/iPhoneOS.platform/Developer/SDKs/iPhoneOS18.2.sdk -I /Users/runner/work/Reframe/Reframe/App/build-device/Build/Products/Release-iphoneos -F /Users/runner/work/Reframe/Reframe/App/build-device/Build/Products/Release-iphoneos/PackageFrameworks -F /Users/runner/work/Reframe/Reframe/App/build-device/Build/Products/Release-iphoneos/PackageFrameworks -F /Users/runner/work/Reframe/Reframe/App/build-device/Build/Products/Release-iphoneos -no-color-diagnostics -g -debug-info-format\=dwarf -dwarf-version\=4 -module-cache-path /Users/runner/work/Reframe/Reframe/App/build-device/ModuleCache.noindex -swift-version 5 -enforce-exclusivity\=checked -O -serialize-debugging-options -const-gather-protocols-file /Users/runner/work/Reframe/Reframe/App/build-device/Build/Intermediates.noindex/AutoReframe.build/Release-iphoneos/AutoReframe.build/Objects-normal/arm64/AutoReframe_const_extract_protocols.json -enable-experimental-feature DebugDescriptionMacro -enable-bare-slash-regex -empty-abi-descriptor -validate-clang-modules-once -clang-build-session-file /Users/runner/work/Reframe/Reframe/App/build-device/ModuleCache.noindex/Session.modulevalidation -Xcc -working-directory -Xcc /Users/runner/work/Reframe/Reframe/App -resource-dir /Applications/Xcode_16.2.app/Contents/Developer/Toolchains/XcodeDefault.xctoolchain/usr/lib/swift -file-compilation-dir /Users/runner/work/Reframe/Reframe/App -Xcc -ivfsstatcache -Xcc /Users/runner/work/Reframe/Reframe/App/build-device/SDKStatCaches.noindex/iphoneos18.2-22C146-6f6929c68f51360d5ca70a73a7e0c2f9.sdkstatcache -Xcc -I/Users/runner/work/Reframe/Reframe/App/build-device/Build/Intermediates.noindex/AutoReframe.build/Release-iphoneos/AutoReframe.build/swift-overrides.hmap -Xcc -iquote -Xcc /Users/runner/work/Reframe/Reframe/App/build-device/Build/Intermediates.noindex/AutoReframe.build/Release-iphoneos/AutoReframe.build/AutoReframe-generated-files.hmap -Xcc -I/Users/runner/work/Reframe/Reframe/App/build-device/Build/Intermediates.noindex/AutoReframe.build/Release-iphoneos/AutoReframe.build/AutoReframe-own-target-headers.hmap -Xcc -I/Users/runner/work/Reframe/Reframe/App/build-device/Build/Intermediates.noindex/AutoReframe.build/Release-iphoneos/AutoReframe.build/AutoReframe-all-non-framework-target-headers.hmap -Xcc -ivfsoverlay -Xcc /Users/runner/work/Reframe/Reframe/App/build-device/Build/Intermediates.noindex/AutoReframe.build/Release-iphoneos/AutoReframe-80d5b118fb95dbd414767e04e4966aee-VFS-iphoneos/all-product-headers.yaml -Xcc -iquote -Xcc /Users/runner/work/Reframe/Reframe/App/build-device/Build/Intermediates.noindex/AutoReframe.build/Release-iphoneos/AutoReframe.build/AutoReframe-project-headers.hmap -Xcc -I/Users/runner/work/Reframe/Reframe/App/build-device/Build/Products/Release-iphoneos/include -Xcc -I/Users/runner/work/Reframe/Reframe/App/build-device/Build/Intermediates.noindex/AutoReframe.build/Release-iphoneos/AutoReframe.build/DerivedSources-normal/arm64 -Xcc -I/Users/runner/work/Reframe/Reframe/App/build-device/Build/Intermediates.noindex/AutoReframe.build/Release-iphoneos/AutoReframe.build/DerivedSources/arm64 -Xcc -I/Users/runner/work/Reframe/Reframe/App/build-device/Build/Intermediates.noindex/AutoReframe.build/Release-iphoneos/AutoReframe.build/DerivedSources -module-name AutoReframe -frontend-parseable-output -disable-clang-spi -target-sdk-version 18.2 -target-sdk-name iphoneos18.2 -external-plugin-path /Applications/Xcode_16.2.app/Contents/Developer/Platforms/iPhoneOS.platform/Developer/usr/lib/swift/host/plugins\#/Applications/Xcode_16.2.app/Contents/Developer/Platforms/iPhoneOS.platform/Developer/usr/bin/swift-plugin-server -external-plugin-path /Applications/Xcode_16.2.app/Contents/Developer/Platforms/iPhoneOS.platform/Developer/usr/local/lib/swift/host/plugins\#/Applications/Xcode_16.2.app/Contents/Developer/Platforms/iPhoneOS.platform/Developer/usr/bin/swift-plugin-server -plugin-path /Applications/Xcode_16.2.app/Contents/Developer/Toolchains/XcodeDefault.xctoolchain/usr/lib/swift/host/plugins -plugin-path /Applications/Xcode_16.2.app/Contents/Developer/Toolchains/XcodeDefault.xctoolchain/usr/local/lib/swift/host/plugins -enable-default-cmo -num-threads 3 -o /Users/runner/work/Reframe/Reframe/App/build-device/Build/Intermediates.noindex/AutoReframe.build/Release-iphoneos/AutoReframe.build/Objects-normal/arm64/AutoReframeApp.o -o /Users/runner/work/Reframe/Reframe/App/build-device/Build/Intermediates.noindex/AutoReframe.build/Release-iphoneos/AutoReframe.build/Objects-normal/arm64/CameraService.o -o /Users/runner/work/Reframe/Reframe/App/build-device/Build/Intermediates.noindex/AutoReframe.build/Release-iphoneos/AutoReframe.build/Objects-normal/arm64/CameraView.o -o /Users/runner/work/Reframe/Reframe/App/build-device/Build/Intermediates.noindex/AutoReframe.build/Release-iphoneos/AutoReframe.build/Objects-normal/arm64/ContentView.o -o /Users/runner/work/Reframe/Reframe/App/build-device/Build/Intermediates.noindex/AutoReframe.build/Release-iphoneos/AutoReframe.build/Objects-normal/arm64/Options.o -o /Users/runner/work/Reframe/Reframe/App/build-device/Build/Intermediates.noindex/AutoReframe.build/Release-iphoneos/AutoReframe.build/Objects-normal/arm64/ProcessingModel.o -o /Users/runner/work/Reframe/Reframe/App/build-device/Build/Intermediates.noindex/AutoReframe.build/Release-iphoneos/AutoReframe.build/Objects-normal/arm64/VideoFile.o -index-unit-output-path /AutoReframe.build/Release-iphoneos/AutoReframe.build/Objects-normal/arm64/AutoReframeApp.o -index-unit-output-path /AutoReframe.build/Release-iphoneos/AutoReframe.build/Objects-normal/arm64/CameraService.o -index-unit-output-path /AutoReframe.build/Release-iphoneos/AutoReframe.build/Objects-normal/arm64/CameraView.o -index-unit-output-path /AutoReframe.build/Release-iphoneos/AutoReframe.build/Objects-normal/arm64/ContentView.o -index-unit-output-path /AutoReframe.build/Release-iphoneos/AutoReframe.build/Objects-normal/arm64/Options.o -index-unit-output-path /AutoReframe.build/Release-iphoneos/AutoReframe.build/Objects-normal/arm64/ProcessingModel.o -index-unit-output-path /AutoReframe.build/Release-iphoneos/AutoReframe.build/Objects-normal/arm64/VideoFile.o

CompileSwift normal arm64 (in target 'AutoReframe' from project 'AutoReframe')
    cd /Users/runner/work/Reframe/Reframe/App
    /Applications/Xcode_16.2.app/Contents/Developer/Toolchains/XcodeDefault.xctoolchain/usr/bin/swift-frontend -c /Users/runner/work/Reframe/Reframe/App/AutoReframe/AutoReframeApp.swift /Users/runner/work/Reframe/Reframe/App/AutoReframe/CameraService.swift /Users/runner/work/Reframe/Reframe/App/AutoReframe/CameraView.swift /Users/runner/work/Reframe/Reframe/App/AutoReframe/ContentView.swift /Users/runner/work/Reframe/Reframe/App/AutoReframe/Options.swift /Users/runner/work/Reframe/Reframe/App/AutoReframe/ProcessingModel.swift /Users/runner/work/Reframe/Reframe/App/AutoReframe/VideoFile.swift -supplementary-output-file-map /Users/runner/work/Reframe/Reframe/App/build-device/Build/Intermediates.noindex/AutoReframe.build/Release-iphoneos/AutoReframe.build/Objects-normal/arm64/supplementaryOutputs-3 -target arm64-apple-ios16.0 -Xllvm -aarch64-use-tbi -enable-objc-interop -stack-check -sdk /Applications/Xcode_16.2.app/Contents/Developer/Platforms/iPhoneOS.platform/Developer/SDKs/iPhoneOS18.2.sdk -I /Users/runner/work/Reframe/Reframe/App/build-device/Build/Products/Release-iphoneos -F /Users/runner/work/Reframe/Reframe/App/build-device/Build/Products/Release-iphoneos/PackageFrameworks -F /Users/runner/work/Reframe/Reframe/App/build-device/Build/Products/Release-iphoneos/PackageFrameworks -F /Users/runner/work/Reframe/Reframe/App/build-device/Build/Products/Release-iphoneos -no-color-diagnostics -g -debug-info-format\=dwarf -dwarf-version\=4 -module-cache-path /Users/runner/work/Reframe/Reframe/App/build-device/ModuleCache.noindex -swift-version 5 -enforce-exclusivity\=checked -O -serialize-debugging-options -const-gather-protocols-file /Users/runner/work/Reframe/Reframe/App/build-device/Build/Intermediates.noindex/AutoReframe.build/Release-iphoneos/AutoReframe.build/Objects-normal/arm64/AutoReframe_const_extract_protocols.json -enable-experimental-feature DebugDescriptionMacro -enable-bare-slash-regex -empty-abi-descriptor -validate-clang-modules-once -clang-build-session-file /Users/runner/work/Reframe/Reframe/App/build-device/ModuleCache.noindex/Session.modulevalidation -Xcc -working-directory -Xcc /Users/runner/work/Reframe/Reframe/App -resource-dir /Applications/Xcode_16.2.app/Contents/Developer/Toolchains/XcodeDefault.xctoolchain/usr/lib/swift -file-compilation-dir /Users/runner/work/Reframe/Reframe/App -Xcc -ivfsstatcache -Xcc /Users/runner/work/Reframe/Reframe/App/build-device/SDKStatCaches.noindex/iphoneos18.2-22C146-6f6929c68f51360d5ca70a73a7e0c2f9.sdkstatcache -Xcc -I/Users/runner/work/Reframe/Reframe/App/build-device/Build/Intermediates.noindex/AutoReframe.build/Release-iphoneos/AutoReframe.build/swift-overrides.hmap -Xcc -iquote -Xcc /Users/runner/work/Reframe/Reframe/App/build-device/Build/Intermediates.noindex/AutoReframe.build/Release-iphoneos/AutoReframe.build/AutoReframe-generated-files.hmap -Xcc -I/Users/runner/work/Reframe/Reframe/App/build-device/Build/Intermediates.noindex/AutoReframe.build/Release-iphoneos/AutoReframe.build/AutoReframe-own-target-headers.hmap -Xcc -I/Users/runner/work/Reframe/Reframe/App/build-device/Build/Intermediates.noindex/AutoReframe.build/Release-iphoneos/AutoReframe.build/AutoReframe-all-non-framework-target-headers.hmap -Xcc -ivfsoverlay -Xcc /Users/runner/work/Reframe/Reframe/App/build-device/Build/Intermediates.noindex/AutoReframe.build/Release-iphoneos/AutoReframe-80d5b118fb95dbd414767e04e4966aee-VFS-iphoneos/all-product-headers.yaml -Xcc -iquote -Xcc /Users/runner/work/Reframe/Reframe/App/build-device/Build/Intermediates.noindex/AutoReframe.build/Release-iphoneos/AutoReframe.build/AutoReframe-project-headers.hmap -Xcc -I/Users/runner/work/Reframe/Reframe/App/build-device/Build/Products/Release-iphoneos/include -Xcc -I/Users/runner/work/Reframe/Reframe/App/build-device/Build/Intermediates.noindex/AutoReframe.build/Release-iphoneos/AutoReframe.build/DerivedSources-normal/arm64 -Xcc -I/Users/runner/work/Reframe/Reframe/App/build-device/Build/Intermediates.noindex/AutoReframe.build/Release-iphoneos/AutoReframe.build/DerivedSources/arm64 -Xcc -I/Users/runner/work/Reframe/Reframe/App/build-device/Build/Intermediates.noindex/AutoReframe.build/Release-iphoneos/AutoReframe.build/DerivedSources -module-name AutoReframe -frontend-parseable-output -disable-clang-spi -target-sdk-version 18.2 -target-sdk-name iphoneos18.2 -external-plugin-path /Applications/Xcode_16.2.app/Contents/Developer/Platforms/iPhoneOS.platform/Developer/usr/lib/swift/host/plugins\#/Applications/Xcode_16.2.app/Contents/Developer/Platforms/iPhoneOS.platform/Developer/usr/bin/swift-plugin-server -external-plugin-path /Applications/Xcode_16.2.app/Contents/Developer/Platforms/iPhoneOS.platform/Developer/usr/local/lib/swift/host/plugins\#/Applications/Xcode_16.2.app/Contents/Developer/Platforms/iPhoneOS.platform/Developer/usr/bin/swift-plugin-server -plugin-path /Applications/Xcode_16.2.app/Contents/Developer/Toolchains/XcodeDefault.xctoolchain/usr/lib/swift/host/plugins -plugin-path /Applications/Xcode_16.2.app/Contents/Developer/Toolchains/XcodeDefault.xctoolchain/usr/local/lib/swift/host/plugins -enable-default-cmo -num-threads 3 -o /Users/runner/work/Reframe/Reframe/App/build-device/Build/Intermediates.noindex/AutoReframe.build/Release-iphoneos/AutoReframe.build/Objects-normal/arm64/AutoReframeApp.o -o /Users/runner/work/Reframe/Reframe/App/build-device/Build/Intermediates.noindex/AutoReframe.build/Release-iphoneos/AutoReframe.build/Objects-normal/arm64/CameraService.o -o /Users/runner/work/Reframe/Reframe/App/build-device/Build/Intermediates.noindex/AutoReframe.build/Release-iphoneos/AutoReframe.build/Objects-normal/arm64/CameraView.o -o /Users/runner/work/Reframe/Reframe/App/build-device/Build/Intermediates.noindex/AutoReframe.build/Release-iphoneos/AutoReframe.build/Objects-normal/arm64/ContentView.o -o /Users/runner/work/Reframe/Reframe/App/build-device/Build/Intermediates.noindex/AutoReframe.build/Release-iphoneos/AutoReframe.build/Objects-normal/arm64/Options.o -o /Users/runner/work/Reframe/Reframe/App/build-device/Build/Intermediates.noindex/AutoReframe.build/Release-iphoneos/AutoReframe.build/Objects-normal/arm64/ProcessingModel.o -o /Users/runner/work/Reframe/Reframe/App/build-device/Build/Intermediates.noindex/AutoReframe.build/Release-iphoneos/AutoReframe.build/Objects-normal/arm64/VideoFile.o -index-unit-output-path /AutoReframe.build/Release-iphoneos/AutoReframe.build/Objects-normal/arm64/AutoReframeApp.o -index-unit-output-path /AutoReframe.build/Release-iphoneos/AutoReframe.build/Objects-normal/arm64/CameraService.o -index-unit-output-path /AutoReframe.build/Release-iphoneos/AutoReframe.build/Objects-normal/arm64/CameraView.o -index-unit-output-path /AutoReframe.build/Release-iphoneos/AutoReframe.build/Objects-normal/arm64/ContentView.o -index-unit-output-path /AutoReframe.build/Release-iphoneos/AutoReframe.build/Objects-normal/arm64/Options.o -index-unit-output-path /AutoReframe.build/Release-iphoneos/AutoReframe.build/Objects-normal/arm64/ProcessingModel.o -index-unit-output-path /AutoReframe.build/Release-iphoneos/AutoReframe.build/Objects-normal/arm64/VideoFile.o
/Users/runner/work/Reframe/Reframe/App/AutoReframe/CameraService.swift:48:32: warning: capture of 'self' with non-sendable type 'CameraService' in a `@Sendable` closure
            self.queue.async { self.configureAndStart() }
                               ^
/Users/runner/work/Reframe/Reframe/App/AutoReframe/CameraService.swift:6:13: note: class 'CameraService' does not conform to the 'Sendable' protocol
final class CameraService: NSObject, ObservableObject, AVCaptureFileOutputRecordingDelegate {
            ^

RegisterExecutionPolicyException /Users/runner/work/Reframe/Reframe/App/build-device/Build/Products/Release-iphoneos/TrackingKit.o (in target 'TrackingKit' from project 'ReframeCore')
    cd /Users/runner/work/Reframe/Reframe/Packages/ReframeCore
    builtin-RegisterExecutionPolicyException /Users/runner/work/Reframe/Reframe/App/build-device/Build/Products/Release-iphoneos/TrackingKit.o

ProcessInfoPlistFile /Users/runner/work/Reframe/Reframe/App/build-device/Build/Products/Release-iphoneos/AutoReframe.app/Info.plist /Users/runner/work/Reframe/Reframe/App/AutoReframe/Info.plist (in target 'AutoReframe' from project 'AutoReframe')
    cd /Users/runner/work/Reframe/Reframe/App
    builtin-infoPlistUtility /Users/runner/work/Reframe/Reframe/App/AutoReframe/Info.plist -producttype com.apple.product-type.application -genpkginfo /Users/runner/work/Reframe/Reframe/App/build-device/Build/Products/Release-iphoneos/AutoReframe.app/PkgInfo -expandbuildsettings -format binary -platform iphoneos -requiredArchitecture arm64 -o /Users/runner/work/Reframe/Reframe/App/build-device/Build/Products/Release-iphoneos/AutoReframe.app/Info.plist

SwiftDriverJobDiscovery normal arm64 Compiling AutoReframeApp.swift, CameraService.swift, CameraView.swift, ContentView.swift, Options.swift, ProcessingModel.swift, VideoFile.swift (in target 'AutoReframe' from project 'AutoReframe')

SwiftDriver\ Compilation\ Requirements AutoReframe normal arm64 com.apple.xcode.tools.swift.compiler (in target 'AutoReframe' from project 'AutoReframe')
    cd /Users/runner/work/Reframe/Reframe/App
    builtin-Swift-Compilation-Requirements -- /Applications/Xcode_16.2.app/Contents/Developer/Toolchains/XcodeDefault.xctoolchain/usr/bin/swiftc -module-name AutoReframe -O -whole-module-optimization -enforce-exclusivity\=checked @/Users/runner/work/Reframe/Reframe/App/build-device/Build/Intermediates.noindex/AutoReframe.build/Release-iphoneos/AutoReframe.build/Objects-normal/arm64/AutoReframe.SwiftFileList -enable-bare-slash-regex -enable-experimental-feature DebugDescriptionMacro -sdk /Applications/Xcode_16.2.app/Contents/Developer/Platforms/iPhoneOS.platform/Developer/SDKs/iPhoneOS18.2.sdk -target arm64-apple-ios16.0 -g -module-cache-path /Users/runner/work/Reframe/Reframe/App/build-device/ModuleCache.noindex -Xfrontend -serialize-debugging-options -swift-version 5 -I /Users/runner/work/Reframe/Reframe/App/build-device/Build/Products/Release-iphoneos -F /Users/runner/work/Reframe/Reframe/App/build-device/Build/Products/Release-iphoneos/PackageFrameworks -F /Users/runner/work/Reframe/Reframe/App/build-device/Build/Products/Release-iphoneos/PackageFrameworks -F /Users/runner/work/Reframe/Reframe/App/build-device/Build/Products/Release-iphoneos -c -num-threads 3 -Xcc -ivfsstatcache -Xcc /Users/runner/work/Reframe/Reframe/App/build-device/SDKStatCaches.noindex/iphoneos18.2-22C146-6f6929c68f51360d5ca70a73a7e0c2f9.sdkstatcache -output-file-map /Users/runner/work/Reframe/Reframe/App/build-device/Build/Intermediates.noindex/AutoReframe.build/Release-iphoneos/AutoReframe.build/Objects-normal/arm64/AutoReframe-OutputFileMap.json -use-frontend-parseable-output -save-temps -no-color-diagnostics -serialize-diagnostics -emit-dependencies -emit-module -emit-module-path /Users/runner/work/Reframe/Reframe/App/build-device/Build/Intermediates.noindex/AutoReframe.build/Release-iphoneos/AutoReframe.build/Objects-normal/arm64/AutoReframe.swiftmodule -validate-clang-modules-once -clang-build-session-file /Users/runner/work/Reframe/Reframe/App/build-device/ModuleCache.noindex/Session.modulevalidation -Xcc -I/Users/runner/work/Reframe/Reframe/App/build-device/Build/Intermediates.noindex/AutoReframe.build/Release-iphoneos/AutoReframe.build/swift-overrides.hmap -emit-const-values -Xfrontend -const-gather-protocols-file -Xfrontend /Users/runner/work/Reframe/Reframe/App/build-device/Build/Intermediates.noindex/AutoReframe.build/Release-iphoneos/AutoReframe.build/Objects-normal/arm64/AutoReframe_const_extract_protocols.json -Xcc -iquote -Xcc /Users/runner/work/Reframe/Reframe/App/build-device/Build/Intermediates.noindex/AutoReframe.build/Release-iphoneos/AutoReframe.build/AutoReframe-generated-files.hmap -Xcc -I/Users/runner/work/Reframe/Reframe/App/build-device/Build/Intermediates.noindex/AutoReframe.build/Release-iphoneos/AutoReframe.build/AutoReframe-own-target-headers.hmap -Xcc -I/Users/runner/work/Reframe/Reframe/App/build-device/Build/Intermediates.noindex/AutoReframe.build/Release-iphoneos/AutoReframe.build/AutoReframe-all-non-framework-target-headers.hmap -Xcc -ivfsoverlay -Xcc /Users/runner/work/Reframe/Reframe/App/build-device/Build/Intermediates.noindex/AutoReframe.build/Release-iphoneos/AutoReframe-80d5b118fb95dbd414767e04e4966aee-VFS-iphoneos/all-product-headers.yaml -Xcc -iquote -Xcc /Users/runner/work/Reframe/Reframe/App/build-device/Build/Intermediates.noindex/AutoReframe.build/Release-iphoneos/AutoReframe.build/AutoReframe-project-headers.hmap -Xcc -I/Users/runner/work/Reframe/Reframe/App/build-device/Build/Products/Release-iphoneos/include -Xcc -I/Users/runner/work/Reframe/Reframe/App/build-device/Build/Intermediates.noindex/AutoReframe.build/Release-iphoneos/AutoReframe.build/DerivedSources-normal/arm64 -Xcc -I/Users/runner/work/Reframe/Reframe/App/build-device/Build/Intermediates.noindex/AutoReframe.build/Release-iphoneos/AutoReframe.build/DerivedSources/arm64 -Xcc -I/Users/runner/work/Reframe/Reframe/App/build-device/Build/Intermediates.noindex/AutoReframe.build/Release-iphoneos/AutoReframe.build/DerivedSources -emit-objc-header -emit-objc-header-path /Users/runner/work/Reframe/Reframe/App/build-device/Build/Intermediates.noindex/AutoReframe.build/Release-iphoneos/AutoReframe.build/Objects-normal/arm64/AutoReframe-Swift.h -working-directory /Users/runner/work/Reframe/Reframe/App -no-emit-module-separately-wmo

Copy /Users/runner/work/Reframe/Reframe/App/build-device/Build/Products/Release-iphoneos/AutoReframe.swiftmodule/arm64-apple-ios.swiftmodule /Users/runner/work/Reframe/Reframe/App/build-device/Build/Intermediates.noindex/AutoReframe.build/Release-iphoneos/AutoReframe.build/Objects-normal/arm64/AutoReframe.swiftmodule (in target 'AutoReframe' from project 'AutoReframe')
    cd /Users/runner/work/Reframe/Reframe/App
    builtin-copy -exclude .DS_Store -exclude CVS -exclude .svn -exclude .git -exclude .hg -resolve-src-symlinks -rename /Users/runner/work/Reframe/Reframe/App/build-device/Build/Intermediates.noindex/AutoReframe.build/Release-iphoneos/AutoReframe.build/Objects-normal/arm64/AutoReframe.swiftmodule /Users/runner/work/Reframe/Reframe/App/build-device/Build/Products/Release-iphoneos/AutoReframe.swiftmodule/arm64-apple-ios.swiftmodule

Copy /Users/runner/work/Reframe/Reframe/App/build-device/Build/Products/Release-iphoneos/AutoReframe.swiftmodule/arm64-apple-ios.swiftdoc /Users/runner/work/Reframe/Reframe/App/build-device/Build/Intermediates.noindex/AutoReframe.build/Release-iphoneos/AutoReframe.build/Objects-normal/arm64/AutoReframe.swiftdoc (in target 'AutoReframe' from project 'AutoReframe')
    cd /Users/runner/work/Reframe/Reframe/App
    builtin-copy -exclude .DS_Store -exclude CVS -exclude .svn -exclude .git -exclude .hg -resolve-src-symlinks -rename /Users/runner/work/Reframe/Reframe/App/build-device/Build/Intermediates.noindex/AutoReframe.build/Release-iphoneos/AutoReframe.build/Objects-normal/arm64/AutoReframe.swiftdoc /Users/runner/work/Reframe/Reframe/App/build-device/Build/Products/Release-iphoneos/AutoReframe.swiftmodule/arm64-apple-ios.swiftdoc

SwiftMergeGeneratedHeaders /Users/runner/work/Reframe/Reframe/App/build-device/Build/Intermediates.noindex/AutoReframe.build/Release-iphoneos/AutoReframe.build/DerivedSources/AutoReframe-Swift.h /Users/runner/work/Reframe/Reframe/App/build-device/Build/Intermediates.noindex/AutoReframe.build/Release-iphoneos/AutoReframe.build/Objects-normal/arm64/AutoReframe-Swift.h (in target 'AutoReframe' from project 'AutoReframe')
    cd /Users/runner/work/Reframe/Reframe/App
    builtin-swiftHeaderTool -arch arm64 /Users/runner/work/Reframe/Reframe/App/build-device/Build/Intermediates.noindex/AutoReframe.build/Release-iphoneos/AutoReframe.build/Objects-normal/arm64/AutoReframe-Swift.h -o /Users/runner/work/Reframe/Reframe/App/build-device/Build/Intermediates.noindex/AutoReframe.build/Release-iphoneos/AutoReframe.build/DerivedSources/AutoReframe-Swift.h

Copy /Users/runner/work/Reframe/Reframe/App/build-device/Build/Products/Release-iphoneos/AutoReframe.swiftmodule/arm64-apple-ios.abi.json /Users/runner/work/Reframe/Reframe/App/build-device/Build/Intermediates.noindex/AutoReframe.build/Release-iphoneos/AutoReframe.build/Objects-normal/arm64/AutoReframe.abi.json (in target 'AutoReframe' from project 'AutoReframe')
    cd /Users/runner/work/Reframe/Reframe/App
    builtin-copy -exclude .DS_Store -exclude CVS -exclude .svn -exclude .git -exclude .hg -resolve-src-symlinks -rename /Users/runner/work/Reframe/Reframe/App/build-device/Build/Intermediates.noindex/AutoReframe.build/Release-iphoneos/AutoReframe.build/Objects-normal/arm64/AutoReframe.abi.json /Users/runner/work/Reframe/Reframe/App/build-device/Build/Products/Release-iphoneos/AutoReframe.swiftmodule/arm64-apple-ios.abi.json

Copy /Users/runner/work/Reframe/Reframe/App/build-device/Build/Products/Release-iphoneos/AutoReframe.swiftmodule/Project/arm64-apple-ios.swiftsourceinfo /Users/runner/work/Reframe/Reframe/App/build-device/Build/Intermediates.noindex/AutoReframe.build/Release-iphoneos/AutoReframe.build/Objects-normal/arm64/AutoReframe.swiftsourceinfo (in target 'AutoReframe' from project 'AutoReframe')
    cd /Users/runner/work/Reframe/Reframe/App
    builtin-copy -exclude .DS_Store -exclude CVS -exclude .svn -exclude .git -exclude .hg -resolve-src-symlinks -rename /Users/runner/work/Reframe/Reframe/App/build-device/Build/Intermediates.noindex/AutoReframe.build/Release-iphoneos/AutoReframe.build/Objects-normal/arm64/AutoReframe.swiftsourceinfo /Users/runner/work/Reframe/Reframe/App/build-device/Build/Products/Release-iphoneos/AutoReframe.swiftmodule/Project/arm64-apple-ios.swiftsourceinfo

Ld /Users/runner/work/Reframe/Reframe/App/build-device/Build/Products/Release-iphoneos/AutoReframe.app/AutoReframe normal (in target 'AutoReframe' from project 'AutoReframe')
    cd /Users/runner/work/Reframe/Reframe/App
    /Applications/Xcode_16.2.app/Contents/Developer/Toolchains/XcodeDefault.xctoolchain/usr/bin/clang -Xlinker -reproducible -target arm64-apple-ios16.0 -isysroot /Applications/Xcode_16.2.app/Contents/Developer/Platforms/iPhoneOS.platform/Developer/SDKs/iPhoneOS18.2.sdk -Os -L/Users/runner/work/Reframe/Reframe/App/build-device/Build/Intermediates.noindex/EagerLinkingTBDs/Release-iphoneos -L/Users/runner/work/Reframe/Reframe/App/build-device/Build/Products/Release-iphoneos -F/Users/runner/work/Reframe/Reframe/App/build-device/Build/Intermediates.noindex/EagerLinkingTBDs/Release-iphoneos -F/Users/runner/work/Reframe/Reframe/App/build-device/Build/Products/Release-iphoneos/PackageFrameworks -F/Users/runner/work/Reframe/Reframe/App/build-device/Build/Products/Release-iphoneos/PackageFrameworks -F/Users/runner/work/Reframe/Reframe/App/build-device/Build/Products/Release-iphoneos -filelist /Users/runner/work/Reframe/Reframe/App/build-device/Build/Intermediates.noindex/AutoReframe.build/Release-iphoneos/AutoReframe.build/Objects-normal/arm64/AutoReframe.LinkFileList -Xlinker -rpath -Xlinker @executable_path/Frameworks -dead_strip -Xlinker -object_path_lto -Xlinker /Users/runner/work/Reframe/Reframe/App/build-device/Build/Intermediates.noindex/AutoReframe.build/Release-iphoneos/AutoReframe.build/Objects-normal/arm64/AutoReframe_lto.o -fobjc-link-runtime -L/Applications/Xcode_16.2.app/Contents/Developer/Toolchains/XcodeDefault.xctoolchain/usr/lib/swift/iphoneos -L/usr/lib/swift -Xlinker -add_ast_path -Xlinker /Users/runner/work/Reframe/Reframe/App/build-device/Build/Intermediates.noindex/AutoReframe.build/Release-iphoneos/AutoReframe.build/Objects-normal/arm64/AutoReframe.swiftmodule -Wl,-no_warn_duplicate_libraries -Wl,-no_warn_duplicate_libraries -Xlinker -dependency_info -Xlinker /Users/runner/work/Reframe/Reframe/App/build-device/Build/Intermediates.noindex/AutoReframe.build/Release-iphoneos/AutoReframe.build/Objects-normal/arm64/AutoReframe_dependency_info.dat -o /Users/runner/work/Reframe/Reframe/App/build-device/Build/Products/Release-iphoneos/AutoReframe.app/AutoReframe -Xlinker -add_ast_path -Xlinker /Users/runner/work/Reframe/Reframe/App/build-device/Build/Intermediates.noindex/ReframeCore.build/Release-iphoneos/TrackingKit.build/Objects-normal/arm64/TrackingKit.swiftmodule -Xlinker -add_ast_path -Xlinker /Users/runner/work/Reframe/Reframe/App/build-device/Build/Intermediates.noindex/ReframeCore.build/Release-iphoneos/ReframeCore.build/Objects-normal/arm64/ReframeCore.swiftmodule

ExtractAppIntentsMetadata (in target 'AutoReframe' from project 'AutoReframe')
    cd /Users/runner/work/Reframe/Reframe/App
    /Applications/Xcode_16.2.app/Contents/Developer/Toolchains/XcodeDefault.xctoolchain/usr/bin/appintentsmetadataprocessor --output /Users/runner/work/Reframe/Reframe/App/build-device/Build/Products/Release-iphoneos/AutoReframe.app --toolchain-dir /Applications/Xcode_16.2.app/Contents/Developer/Toolchains/XcodeDefault.xctoolchain --module-name AutoReframe --sdk-root /Applications/Xcode_16.2.app/Contents/Developer/Platforms/iPhoneOS.platform/Developer/SDKs/iPhoneOS18.2.sdk --xcode-version 16C5032a --platform-family iOS --deployment-target 16.0 --bundle-identifier app.autoreframe.AutoReframe --target-triple arm64-apple-ios16.0 --binary-file /Users/runner/work/Reframe/Reframe/App/build-device/Build/Products/Release-iphoneos/AutoReframe.app/AutoReframe --dependency-file /Users/runner/work/Reframe/Reframe/App/build-device/Build/Intermediates.noindex/AutoReframe.build/Release-iphoneos/AutoReframe.build/Objects-normal/arm64/AutoReframe_dependency_info.dat --stringsdata-file /Users/runner/work/Reframe/Reframe/App/build-device/Build/Intermediates.noindex/AutoReframe.build/Release-iphoneos/AutoReframe.build/Objects-normal/arm64/ExtractedAppShortcutsMetadata.stringsdata --source-file-list /Users/runner/work/Reframe/Reframe/App/build-device/Build/Intermediates.noindex/AutoReframe.build/Release-iphoneos/AutoReframe.build/Objects-normal/arm64/AutoReframe.SwiftFileList --metadata-file-list /Users/runner/work/Reframe/Reframe/App/build-device/Build/Intermediates.noindex/AutoReframe.build/Release-iphoneos/AutoReframe.build/AutoReframe.DependencyMetadataFileList --swift-const-vals-list /Users/runner/work/Reframe/Reframe/App/build-device/Build/Intermediates.noindex/AutoReframe.build/Release-iphoneos/AutoReframe.build/Objects-normal/arm64/AutoReframe.SwiftConstValuesFileList --compile-time-extraction --deployment-aware-processing --validate-assistant-intents
note: Metadata extraction skipped. No AppIntents.framework dependency found. (in target 'AutoReframe' from project 'AutoReframe')

CopySwiftLibs /Users/runner/work/Reframe/Reframe/App/build-device/Build/Products/Release-iphoneos/AutoReframe.app (in target 'AutoReframe' from project 'AutoReframe')
    cd /Users/runner/work/Reframe/Reframe/App
    builtin-swiftStdLibTool --copy --verbose --scan-executable /Users/runner/work/Reframe/Reframe/App/build-device/Build/Products/Release-iphoneos/AutoReframe.app/AutoReframe --scan-folder /Users/runner/work/Reframe/Reframe/App/build-device/Build/Products/Release-iphoneos/AutoReframe.app/Frameworks --scan-folder /Users/runner/work/Reframe/Reframe/App/build-device/Build/Products/Release-iphoneos/AutoReframe.app/PlugIns --scan-folder /Users/runner/work/Reframe/Reframe/App/build-device/Build/Products/Release-iphoneos/AutoReframe.app/SystemExtensions --scan-folder /Users/runner/work/Reframe/Reframe/App/build-device/Build/Products/Release-iphoneos/AutoReframe.app/Extensions --platform iphoneos --toolchain /Applications/Xcode_16.2.app/Contents/Developer/Toolchains/XcodeDefault.xctoolchain --destination /Users/runner/work/Reframe/Reframe/App/build-device/Build/Products/Release-iphoneos/AutoReframe.app/Frameworks --strip-bitcode --strip-bitcode-tool /Applications/Xcode_16.2.app/Contents/Developer/Toolchains/XcodeDefault.xctoolchain/usr/bin/bitcode_strip --emit-dependency-info /Users/runner/work/Reframe/Reframe/App/build-device/Build/Intermediates.noindex/AutoReframe.build/Release-iphoneos/AutoReframe.build/SwiftStdLibToolInputDependencies.dep --filter-for-swift-os
Ignoring --strip-bitcode because --sign was not passed

GenerateDSYMFile /Users/runner/work/Reframe/Reframe/App/build-device/Build/Products/Release-iphoneos/AutoReframe.app.dSYM /Users/runner/work/Reframe/Reframe/App/build-device/Build/Products/Release-iphoneos/AutoReframe.app/AutoReframe (in target 'AutoReframe' from project 'AutoReframe')
    cd /Users/runner/work/Reframe/Reframe/App
    /Applications/Xcode_16.2.app/Contents/Developer/Toolchains/XcodeDefault.xctoolchain/usr/bin/dsymutil /Users/runner/work/Reframe/Reframe/App/build-device/Build/Products/Release-iphoneos/AutoReframe.app/AutoReframe -o /Users/runner/work/Reframe/Reframe/App/build-device/Build/Products/Release-iphoneos/AutoReframe.app.dSYM

AppIntentsSSUTraining (in target 'AutoReframe' from project 'AutoReframe')
    cd /Users/runner/work/Reframe/Reframe/App
    /Applications/Xcode_16.2.app/Contents/Developer/Toolchains/XcodeDefault.xctoolchain/usr/bin/appintentsnltrainingprocessor --infoplist-path /Users/runner/work/Reframe/Reframe/App/build-device/Build/Products/Release-iphoneos/AutoReframe.app/Info.plist --temp-dir-path /Users/runner/work/Reframe/Reframe/App/build-device/Build/Intermediates.noindex/AutoReframe.build/Release-iphoneos/AutoReframe.build/ssu --bundle-id app.autoreframe.AutoReframe --product-path /Users/runner/work/Reframe/Reframe/App/build-device/Build/Products/Release-iphoneos/AutoReframe.app --extracted-metadata-path /Users/runner/work/Reframe/Reframe/App/build-device/Build/Products/Release-iphoneos/AutoReframe.app/Metadata.appintents --archive-ssu-assets
2026-10-09 09:43:25.338 appintentsnltrainingprocessor[14882:43643] Parsing options for appintentsnltrainingprocessor
2026-10-09 09:43:25.340 appintentsnltrainingprocessor[14882:43643] No AppShortcuts found - Skipping.

RegisterExecutionPolicyException /Users/runner/work/Reframe/Reframe/App/build-device/Build/Products/Release-iphoneos/AutoReframe.app (in target 'AutoReframe' from project 'AutoReframe')
    cd /Users/runner/work/Reframe/Reframe/App
    builtin-RegisterExecutionPolicyException /Users/runner/work/Reframe/Reframe/App/build-device/Build/Products/Release-iphoneos/AutoReframe.app

Validate /Users/runner/work/Reframe/Reframe/App/build-device/Build/Products/Release-iphoneos/AutoReframe.app (in target 'AutoReframe' from project 'AutoReframe')
    cd /Users/runner/work/Reframe/Reframe/App
    builtin-validationUtility /Users/runner/work/Reframe/Reframe/App/build-device/Build/Products/Release-iphoneos/AutoReframe.app -infoplist-subpath Info.plist

Touch /Users/runner/work/Reframe/Reframe/App/build-device/Build/Products/Release-iphoneos/AutoReframe.app (in target 'AutoReframe' from project 'AutoReframe')
    cd /Users/runner/work/Reframe/Reframe/App
    /usr/bin/touch -c /Users/runner/work/Reframe/Reframe/App/build-device/Build/Products/Release-iphoneos/AutoReframe.app

note: Disabling previews because SWIFT_VERSION is set and SWIFT_OPTIMIZATION_LEVEL=-Owholemodule, expected -Onone (in target 'TrackingKit' from project 'ReframeCore')
note: Disabling previews because SWIFT_VERSION is set and SWIFT_OPTIMIZATION_LEVEL=-Owholemodule, expected -Onone (in target 'ReframeCore' from project 'ReframeCore')
note: Disabling previews because SWIFT_VERSION is set and SWIFT_OPTIMIZATION_LEVEL=-O, expected -Onone (in target 'AutoReframe' from project 'AutoReframe')
** BUILD SUCCEEDED **

