Command line invocation:
    /Applications/Xcode_16.2.app/Contents/Developer/usr/bin/xcodebuild -project AutoReframe.xcodeproj -scheme AutoReframe -configuration Debug -sdk iphonesimulator -destination "generic/platform=iOS Simulator" -derivedDataPath build CODE_SIGNING_ALLOWED=NO build

User defaults from command line:
    IDEDerivedDataPathOverride = /Users/runner/work/Reframe/Reframe/App/build
    IDEPackageSupportUseBuiltinSCM = YES

Build settings from command line:
    CODE_SIGNING_ALLOWED = NO
    SDKROOT = iphonesimulator18.2

Resolve Package Graph


Resolved source packages:
  ReframeCore: /Users/runner/work/Reframe/Reframe/Packages/ReframeCore

Prepare packages

ComputeTargetDependencyGraph
note: Building targets in dependency order
note: Target dependency graph (5 targets)
    Target 'AutoReframe' in project 'AutoReframe'
        ➜ Explicit dependency on target 'TrackingKit' in project 'ReframeCore'
        ➜ Explicit dependency on target 'ReframeCore' in project 'ReframeCore'
    Target 'ReframeCore' in project 'ReframeCore'
        ➜ Explicit dependency on target 'ReframeCore' in project 'ReframeCore'
    Target 'TrackingKit' in project 'ReframeCore'
        ➜ Explicit dependency on target 'TrackingKit' in project 'ReframeCore'
        ➜ Explicit dependency on target 'ReframeCore' in project 'ReframeCore'
    Target 'TrackingKit' in project 'ReframeCore'
        ➜ Explicit dependency on target 'ReframeCore' in project 'ReframeCore'
    Target 'ReframeCore' in project 'ReframeCore' (no dependencies)

GatherProvisioningInputs

CreateBuildDescription

ExecuteExternalTool /Applications/Xcode_16.2.app/Contents/Developer/Toolchains/XcodeDefault.xctoolchain/usr/bin/swiftc --version

ExecuteExternalTool /Applications/Xcode_16.2.app/Contents/Developer/Toolchains/XcodeDefault.xctoolchain/usr/bin/clang -v -E -dM -isysroot /Applications/Xcode_16.2.app/Contents/Developer/Platforms/iPhoneSimulator.platform/Developer/SDKs/iPhoneSimulator18.2.sdk -x c -c /dev/null

ExecuteExternalTool /Applications/Xcode_16.2.app/Contents/Developer/Toolchains/XcodeDefault.xctoolchain/usr/bin/ld -version_details

Build description signature: a995e05f6627a0dd2585a5855de505bb
Build description path: /Users/runner/work/Reframe/Reframe/App/build/Build/Intermediates.noindex/XCBuildData/a995e05f6627a0dd2585a5855de505bb.xcbuilddata
CreateBuildDirectory /Users/runner/work/Reframe/Reframe/App/build/Build/Products
    cd /Users/runner/work/Reframe/Reframe/App/AutoReframe.xcodeproj
    builtin-create-build-directory /Users/runner/work/Reframe/Reframe/App/build/Build/Products

ClangStatCache /Applications/Xcode_16.2.app/Contents/Developer/Toolchains/XcodeDefault.xctoolchain/usr/bin/clang-stat-cache /Applications/Xcode_16.2.app/Contents/Developer/Platforms/iPhoneSimulator.platform/Developer/SDKs/iPhoneSimulator18.2.sdk /Users/runner/work/Reframe/Reframe/App/build/SDKStatCaches.noindex/iphonesimulator18.2-22C146-16b5fc1f628d844b188c57a1ba9d6a81.sdkstatcache
    cd /Users/runner/work/Reframe/Reframe/App/AutoReframe.xcodeproj
    /Applications/Xcode_16.2.app/Contents/Developer/Toolchains/XcodeDefault.xctoolchain/usr/bin/clang-stat-cache /Applications/Xcode_16.2.app/Contents/Developer/Platforms/iPhoneSimulator.platform/Developer/SDKs/iPhoneSimulator18.2.sdk -o /Users/runner/work/Reframe/Reframe/App/build/SDKStatCaches.noindex/iphonesimulator18.2-22C146-16b5fc1f628d844b188c57a1ba9d6a81.sdkstatcache

CreateBuildDirectory /Users/runner/work/Reframe/Reframe/App/build/Build/Intermediates.noindex
    cd /Users/runner/work/Reframe/Reframe/App/AutoReframe.xcodeproj
    builtin-create-build-directory /Users/runner/work/Reframe/Reframe/App/build/Build/Intermediates.noindex

WriteAuxiliaryFile /Users/runner/work/Reframe/Reframe/App/build/Build/Intermediates.noindex/AutoReframe.build/Debug-iphonesimulator/AutoReframe-80d5b118fb95dbd414767e04e4966aee-VFS-iphonesimulator/all-product-headers.yaml
    cd /Users/runner/work/Reframe/Reframe/App/AutoReframe.xcodeproj
    write-file /Users/runner/work/Reframe/Reframe/App/build/Build/Intermediates.noindex/AutoReframe.build/Debug-iphonesimulator/AutoReframe-80d5b118fb95dbd414767e04e4966aee-VFS-iphonesimulator/all-product-headers.yaml

CreateBuildDirectory /Users/runner/work/Reframe/Reframe/App/build/Build/Products/Debug-iphonesimulator
    cd /Users/runner/work/Reframe/Reframe/App/AutoReframe.xcodeproj
    builtin-create-build-directory /Users/runner/work/Reframe/Reframe/App/build/Build/Products/Debug-iphonesimulator

CreateBuildDirectory /Users/runner/work/Reframe/Reframe/App/build/Build/Intermediates.noindex/EagerLinkingTBDs/Debug-iphonesimulator
    cd /Users/runner/work/Reframe/Reframe/App/AutoReframe.xcodeproj
    builtin-create-build-directory /Users/runner/work/Reframe/Reframe/App/build/Build/Intermediates.noindex/EagerLinkingTBDs/Debug-iphonesimulator

CreateBuildDirectory /Users/runner/work/Reframe/Reframe/App/build/Build/Products/Debug-iphonesimulator/PackageFrameworks
    cd /Users/runner/work/Reframe/Reframe/App/AutoReframe.xcodeproj
    builtin-create-build-directory /Users/runner/work/Reframe/Reframe/App/build/Build/Products/Debug-iphonesimulator/PackageFrameworks

WriteAuxiliaryFile /Users/runner/work/Reframe/Reframe/App/build/Build/Intermediates.noindex/ReframeCore.build/Debug-iphonesimulator/TrackingKit.build/TrackingKit.modulemap (in target 'TrackingKit' from project 'ReframeCore')
    cd /Users/runner/work/Reframe/Reframe/Packages/ReframeCore
    write-file /Users/runner/work/Reframe/Reframe/App/build/Build/Intermediates.noindex/ReframeCore.build/Debug-iphonesimulator/TrackingKit.build/TrackingKit.modulemap

WriteAuxiliaryFile /Users/runner/work/Reframe/Reframe/App/build/Build/Intermediates.noindex/ReframeCore.build/Debug-iphonesimulator/TrackingKit.build/TrackingKit.DependencyMetadataFileList (in target 'TrackingKit' from project 'ReframeCore')
    cd /Users/runner/work/Reframe/Reframe/Packages/ReframeCore
    write-file /Users/runner/work/Reframe/Reframe/App/build/Build/Intermediates.noindex/ReframeCore.build/Debug-iphonesimulator/TrackingKit.build/TrackingKit.DependencyMetadataFileList

WriteAuxiliaryFile /Users/runner/work/Reframe/Reframe/App/build/Build/Intermediates.noindex/ReframeCore.build/Debug-iphonesimulator/TrackingKit.build/Objects-normal/x86_64/TrackingKit_const_extract_protocols.json (in target 'TrackingKit' from project 'ReframeCore')
    cd /Users/runner/work/Reframe/Reframe/Packages/ReframeCore
    write-file /Users/runner/work/Reframe/Reframe/App/build/Build/Intermediates.noindex/ReframeCore.build/Debug-iphonesimulator/TrackingKit.build/Objects-normal/x86_64/TrackingKit_const_extract_protocols.json

WriteAuxiliaryFile /Users/runner/work/Reframe/Reframe/App/build/Build/Intermediates.noindex/ReframeCore.build/Debug-iphonesimulator/TrackingKit.build/Objects-normal/x86_64/TrackingKit.SwiftFileList (in target 'TrackingKit' from project 'ReframeCore')
    cd /Users/runner/work/Reframe/Reframe/Packages/ReframeCore
    write-file /Users/runner/work/Reframe/Reframe/App/build/Build/Intermediates.noindex/ReframeCore.build/Debug-iphonesimulator/TrackingKit.build/Objects-normal/x86_64/TrackingKit.SwiftFileList

WriteAuxiliaryFile /Users/runner/work/Reframe/Reframe/App/build/Build/Intermediates.noindex/ReframeCore.build/Debug-iphonesimulator/TrackingKit.build/Objects-normal/x86_64/TrackingKit.LinkFileList (in target 'TrackingKit' from project 'ReframeCore')
    cd /Users/runner/work/Reframe/Reframe/Packages/ReframeCore
    write-file /Users/runner/work/Reframe/Reframe/App/build/Build/Intermediates.noindex/ReframeCore.build/Debug-iphonesimulator/TrackingKit.build/Objects-normal/x86_64/TrackingKit.LinkFileList

WriteAuxiliaryFile /Users/runner/work/Reframe/Reframe/App/build/Build/Intermediates.noindex/ReframeCore.build/Debug-iphonesimulator/TrackingKit.build/Objects-normal/x86_64/TrackingKit-OutputFileMap.json (in target 'TrackingKit' from project 'ReframeCore')
    cd /Users/runner/work/Reframe/Reframe/Packages/ReframeCore
    write-file /Users/runner/work/Reframe/Reframe/App/build/Build/Intermediates.noindex/ReframeCore.build/Debug-iphonesimulator/TrackingKit.build/Objects-normal/x86_64/TrackingKit-OutputFileMap.json

WriteAuxiliaryFile /Users/runner/work/Reframe/Reframe/App/build/Build/Intermediates.noindex/ReframeCore.build/Debug-iphonesimulator/TrackingKit.build/Objects-normal/arm64/TrackingKit_const_extract_protocols.json (in target 'TrackingKit' from project 'ReframeCore')
    cd /Users/runner/work/Reframe/Reframe/Packages/ReframeCore
    write-file /Users/runner/work/Reframe/Reframe/App/build/Build/Intermediates.noindex/ReframeCore.build/Debug-iphonesimulator/TrackingKit.build/Objects-normal/arm64/TrackingKit_const_extract_protocols.json

WriteAuxiliaryFile /Users/runner/work/Reframe/Reframe/App/build/Build/Intermediates.noindex/ReframeCore.build/Debug-iphonesimulator/TrackingKit.build/Objects-normal/arm64/TrackingKit.SwiftFileList (in target 'TrackingKit' from project 'ReframeCore')
    cd /Users/runner/work/Reframe/Reframe/Packages/ReframeCore
    write-file /Users/runner/work/Reframe/Reframe/App/build/Build/Intermediates.noindex/ReframeCore.build/Debug-iphonesimulator/TrackingKit.build/Objects-normal/arm64/TrackingKit.SwiftFileList

WriteAuxiliaryFile /Users/runner/work/Reframe/Reframe/App/build/Build/Intermediates.noindex/ReframeCore.build/Debug-iphonesimulator/TrackingKit.build/Objects-normal/arm64/TrackingKit.LinkFileList (in target 'TrackingKit' from project 'ReframeCore')
    cd /Users/runner/work/Reframe/Reframe/Packages/ReframeCore
    write-file /Users/runner/work/Reframe/Reframe/App/build/Build/Intermediates.noindex/ReframeCore.build/Debug-iphonesimulator/TrackingKit.build/Objects-normal/arm64/TrackingKit.LinkFileList

WriteAuxiliaryFile /Users/runner/work/Reframe/Reframe/App/build/Build/Intermediates.noindex/ReframeCore.build/Debug-iphonesimulator/TrackingKit.build/Objects-normal/arm64/TrackingKit-OutputFileMap.json (in target 'TrackingKit' from project 'ReframeCore')
    cd /Users/runner/work/Reframe/Reframe/Packages/ReframeCore
    write-file /Users/runner/work/Reframe/Reframe/App/build/Build/Intermediates.noindex/ReframeCore.build/Debug-iphonesimulator/TrackingKit.build/Objects-normal/arm64/TrackingKit-OutputFileMap.json

WriteAuxiliaryFile /Users/runner/work/Reframe/Reframe/App/build/Build/Intermediates.noindex/ReframeCore.build/Debug-iphonesimulator/ReframeCore.build/ReframeCore.modulemap (in target 'ReframeCore' from project 'ReframeCore')
    cd /Users/runner/work/Reframe/Reframe/Packages/ReframeCore
    write-file /Users/runner/work/Reframe/Reframe/App/build/Build/Intermediates.noindex/ReframeCore.build/Debug-iphonesimulator/ReframeCore.build/ReframeCore.modulemap

WriteAuxiliaryFile /Users/runner/work/Reframe/Reframe/App/build/Build/Intermediates.noindex/ReframeCore.build/Debug-iphonesimulator/ReframeCore.build/ReframeCore.DependencyMetadataFileList (in target 'ReframeCore' from project 'ReframeCore')
    cd /Users/runner/work/Reframe/Reframe/Packages/ReframeCore
    write-file /Users/runner/work/Reframe/Reframe/App/build/Build/Intermediates.noindex/ReframeCore.build/Debug-iphonesimulator/ReframeCore.build/ReframeCore.DependencyMetadataFileList

WriteAuxiliaryFile /Users/runner/work/Reframe/Reframe/App/build/Build/Intermediates.noindex/ReframeCore.build/Debug-iphonesimulator/ReframeCore.build/Objects-normal/x86_64/ReframeCore_const_extract_protocols.json (in target 'ReframeCore' from project 'ReframeCore')
    cd /Users/runner/work/Reframe/Reframe/Packages/ReframeCore
    write-file /Users/runner/work/Reframe/Reframe/App/build/Build/Intermediates.noindex/ReframeCore.build/Debug-iphonesimulator/ReframeCore.build/Objects-normal/x86_64/ReframeCore_const_extract_protocols.json

WriteAuxiliaryFile /Users/runner/work/Reframe/Reframe/App/build/Build/Intermediates.noindex/ReframeCore.build/Debug-iphonesimulator/ReframeCore.build/Objects-normal/x86_64/ReframeCore.SwiftFileList (in target 'ReframeCore' from project 'ReframeCore')
    cd /Users/runner/work/Reframe/Reframe/Packages/ReframeCore
    write-file /Users/runner/work/Reframe/Reframe/App/build/Build/Intermediates.noindex/ReframeCore.build/Debug-iphonesimulator/ReframeCore.build/Objects-normal/x86_64/ReframeCore.SwiftFileList

WriteAuxiliaryFile /Users/runner/work/Reframe/Reframe/App/build/Build/Intermediates.noindex/ReframeCore.build/Debug-iphonesimulator/ReframeCore.build/Objects-normal/x86_64/ReframeCore.LinkFileList (in target 'ReframeCore' from project 'ReframeCore')
    cd /Users/runner/work/Reframe/Reframe/Packages/ReframeCore
    write-file /Users/runner/work/Reframe/Reframe/App/build/Build/Intermediates.noindex/ReframeCore.build/Debug-iphonesimulator/ReframeCore.build/Objects-normal/x86_64/ReframeCore.LinkFileList

WriteAuxiliaryFile /Users/runner/work/Reframe/Reframe/App/build/Build/Intermediates.noindex/ReframeCore.build/Debug-iphonesimulator/ReframeCore.build/Objects-normal/x86_64/ReframeCore-OutputFileMap.json (in target 'ReframeCore' from project 'ReframeCore')
    cd /Users/runner/work/Reframe/Reframe/Packages/ReframeCore
    write-file /Users/runner/work/Reframe/Reframe/App/build/Build/Intermediates.noindex/ReframeCore.build/Debug-iphonesimulator/ReframeCore.build/Objects-normal/x86_64/ReframeCore-OutputFileMap.json

WriteAuxiliaryFile /Users/runner/work/Reframe/Reframe/App/build/Build/Intermediates.noindex/ReframeCore.build/Debug-iphonesimulator/ReframeCore.build/Objects-normal/arm64/ReframeCore_const_extract_protocols.json (in target 'ReframeCore' from project 'ReframeCore')
    cd /Users/runner/work/Reframe/Reframe/Packages/ReframeCore
    write-file /Users/runner/work/Reframe/Reframe/App/build/Build/Intermediates.noindex/ReframeCore.build/Debug-iphonesimulator/ReframeCore.build/Objects-normal/arm64/ReframeCore_const_extract_protocols.json

WriteAuxiliaryFile /Users/runner/work/Reframe/Reframe/App/build/Build/Intermediates.noindex/ReframeCore.build/Debug-iphonesimulator/ReframeCore.build/Objects-normal/arm64/ReframeCore.SwiftFileList (in target 'ReframeCore' from project 'ReframeCore')
    cd /Users/runner/work/Reframe/Reframe/Packages/ReframeCore
    write-file /Users/runner/work/Reframe/Reframe/App/build/Build/Intermediates.noindex/ReframeCore.build/Debug-iphonesimulator/ReframeCore.build/Objects-normal/arm64/ReframeCore.SwiftFileList

WriteAuxiliaryFile /Users/runner/work/Reframe/Reframe/App/build/Build/Intermediates.noindex/ReframeCore.build/Debug-iphonesimulator/ReframeCore.build/Objects-normal/arm64/ReframeCore.LinkFileList (in target 'ReframeCore' from project 'ReframeCore')
    cd /Users/runner/work/Reframe/Reframe/Packages/ReframeCore
    write-file /Users/runner/work/Reframe/Reframe/App/build/Build/Intermediates.noindex/ReframeCore.build/Debug-iphonesimulator/ReframeCore.build/Objects-normal/arm64/ReframeCore.LinkFileList

WriteAuxiliaryFile /Users/runner/work/Reframe/Reframe/App/build/Build/Intermediates.noindex/ReframeCore.build/Debug-iphonesimulator/ReframeCore.build/Objects-normal/arm64/ReframeCore-OutputFileMap.json (in target 'ReframeCore' from project 'ReframeCore')
    cd /Users/runner/work/Reframe/Reframe/Packages/ReframeCore
    write-file /Users/runner/work/Reframe/Reframe/App/build/Build/Intermediates.noindex/ReframeCore.build/Debug-iphonesimulator/ReframeCore.build/Objects-normal/arm64/ReframeCore-OutputFileMap.json

WriteAuxiliaryFile /Users/runner/work/Reframe/Reframe/App/build/Build/Intermediates.noindex/AutoReframe.build/Debug-iphonesimulator/AutoReframe.build/Objects-normal/x86_64/AutoReframe_const_extract_protocols.json (in target 'AutoReframe' from project 'AutoReframe')
    cd /Users/runner/work/Reframe/Reframe/App
    write-file /Users/runner/work/Reframe/Reframe/App/build/Build/Intermediates.noindex/AutoReframe.build/Debug-iphonesimulator/AutoReframe.build/Objects-normal/x86_64/AutoReframe_const_extract_protocols.json

WriteAuxiliaryFile /Users/runner/work/Reframe/Reframe/App/build/Build/Intermediates.noindex/AutoReframe.build/Debug-iphonesimulator/AutoReframe.build/Objects-normal/x86_64/AutoReframe.SwiftFileList (in target 'AutoReframe' from project 'AutoReframe')
    cd /Users/runner/work/Reframe/Reframe/App
    write-file /Users/runner/work/Reframe/Reframe/App/build/Build/Intermediates.noindex/AutoReframe.build/Debug-iphonesimulator/AutoReframe.build/Objects-normal/x86_64/AutoReframe.SwiftFileList

WriteAuxiliaryFile /Users/runner/work/Reframe/Reframe/App/build/Build/Intermediates.noindex/AutoReframe.build/Debug-iphonesimulator/AutoReframe.build/Objects-normal/x86_64/AutoReframe.SwiftConstValuesFileList (in target 'AutoReframe' from project 'AutoReframe')
    cd /Users/runner/work/Reframe/Reframe/App
    write-file /Users/runner/work/Reframe/Reframe/App/build/Build/Intermediates.noindex/AutoReframe.build/Debug-iphonesimulator/AutoReframe.build/Objects-normal/x86_64/AutoReframe.SwiftConstValuesFileList

WriteAuxiliaryFile /Users/runner/work/Reframe/Reframe/App/build/Build/Intermediates.noindex/AutoReframe.build/Debug-iphonesimulator/AutoReframe.build/Objects-normal/x86_64/AutoReframe.LinkFileList (in target 'AutoReframe' from project 'AutoReframe')
    cd /Users/runner/work/Reframe/Reframe/App
    write-file /Users/runner/work/Reframe/Reframe/App/build/Build/Intermediates.noindex/AutoReframe.build/Debug-iphonesimulator/AutoReframe.build/Objects-normal/x86_64/AutoReframe.LinkFileList

WriteAuxiliaryFile /Users/runner/work/Reframe/Reframe/App/build/Build/Intermediates.noindex/AutoReframe.build/Debug-iphonesimulator/AutoReframe.build/Objects-normal/x86_64/AutoReframe-OutputFileMap.json (in target 'AutoReframe' from project 'AutoReframe')
    cd /Users/runner/work/Reframe/Reframe/App
    write-file /Users/runner/work/Reframe/Reframe/App/build/Build/Intermediates.noindex/AutoReframe.build/Debug-iphonesimulator/AutoReframe.build/Objects-normal/x86_64/AutoReframe-OutputFileMap.json

WriteAuxiliaryFile /Users/runner/work/Reframe/Reframe/App/build/Build/Intermediates.noindex/AutoReframe.build/Debug-iphonesimulator/AutoReframe.build/Objects-normal/arm64/AutoReframe_const_extract_protocols.json (in target 'AutoReframe' from project 'AutoReframe')
    cd /Users/runner/work/Reframe/Reframe/App
    write-file /Users/runner/work/Reframe/Reframe/App/build/Build/Intermediates.noindex/AutoReframe.build/Debug-iphonesimulator/AutoReframe.build/Objects-normal/arm64/AutoReframe_const_extract_protocols.json

WriteAuxiliaryFile /Users/runner/work/Reframe/Reframe/App/build/Build/Intermediates.noindex/AutoReframe.build/Debug-iphonesimulator/AutoReframe.build/Objects-normal/arm64/AutoReframe.SwiftFileList (in target 'AutoReframe' from project 'AutoReframe')
    cd /Users/runner/work/Reframe/Reframe/App
    write-file /Users/runner/work/Reframe/Reframe/App/build/Build/Intermediates.noindex/AutoReframe.build/Debug-iphonesimulator/AutoReframe.build/Objects-normal/arm64/AutoReframe.SwiftFileList

WriteAuxiliaryFile /Users/runner/work/Reframe/Reframe/App/build/Build/Intermediates.noindex/AutoReframe.build/Debug-iphonesimulator/AutoReframe.build/Objects-normal/arm64/AutoReframe.SwiftConstValuesFileList (in target 'AutoReframe' from project 'AutoReframe')
    cd /Users/runner/work/Reframe/Reframe/App
    write-file /Users/runner/work/Reframe/Reframe/App/build/Build/Intermediates.noindex/AutoReframe.build/Debug-iphonesimulator/AutoReframe.build/Objects-normal/arm64/AutoReframe.SwiftConstValuesFileList

WriteAuxiliaryFile /Users/runner/work/Reframe/Reframe/App/build/Build/Intermediates.noindex/AutoReframe.build/Debug-iphonesimulator/AutoReframe.build/Objects-normal/arm64/AutoReframe.LinkFileList (in target 'AutoReframe' from project 'AutoReframe')
    cd /Users/runner/work/Reframe/Reframe/App
    write-file /Users/runner/work/Reframe/Reframe/App/build/Build/Intermediates.noindex/AutoReframe.build/Debug-iphonesimulator/AutoReframe.build/Objects-normal/arm64/AutoReframe.LinkFileList

WriteAuxiliaryFile /Users/runner/work/Reframe/Reframe/App/build/Build/Intermediates.noindex/AutoReframe.build/Debug-iphonesimulator/AutoReframe.build/Objects-normal/arm64/AutoReframe-OutputFileMap.json (in target 'AutoReframe' from project 'AutoReframe')
    cd /Users/runner/work/Reframe/Reframe/App
    write-file /Users/runner/work/Reframe/Reframe/App/build/Build/Intermediates.noindex/AutoReframe.build/Debug-iphonesimulator/AutoReframe.build/Objects-normal/arm64/AutoReframe-OutputFileMap.json

WriteAuxiliaryFile /Users/runner/work/Reframe/Reframe/App/build/Build/Intermediates.noindex/AutoReframe.build/Debug-iphonesimulator/AutoReframe.build/AutoReframe.hmap (in target 'AutoReframe' from project 'AutoReframe')
    cd /Users/runner/work/Reframe/Reframe/App
    write-file /Users/runner/work/Reframe/Reframe/App/build/Build/Intermediates.noindex/AutoReframe.build/Debug-iphonesimulator/AutoReframe.build/AutoReframe.hmap

WriteAuxiliaryFile /Users/runner/work/Reframe/Reframe/App/build/Build/Intermediates.noindex/AutoReframe.build/Debug-iphonesimulator/AutoReframe.build/AutoReframe.DependencyMetadataFileList (in target 'AutoReframe' from project 'AutoReframe')
    cd /Users/runner/work/Reframe/Reframe/App
    write-file /Users/runner/work/Reframe/Reframe/App/build/Build/Intermediates.noindex/AutoReframe.build/Debug-iphonesimulator/AutoReframe.build/AutoReframe.DependencyMetadataFileList

WriteAuxiliaryFile /Users/runner/work/Reframe/Reframe/App/build/Build/Intermediates.noindex/AutoReframe.build/Debug-iphonesimulator/AutoReframe.build/AutoReframe-project-headers.hmap (in target 'AutoReframe' from project 'AutoReframe')
    cd /Users/runner/work/Reframe/Reframe/App
    write-file /Users/runner/work/Reframe/Reframe/App/build/Build/Intermediates.noindex/AutoReframe.build/Debug-iphonesimulator/AutoReframe.build/AutoReframe-project-headers.hmap

WriteAuxiliaryFile /Users/runner/work/Reframe/Reframe/App/build/Build/Intermediates.noindex/AutoReframe.build/Debug-iphonesimulator/AutoReframe.build/AutoReframe-own-target-headers.hmap (in target 'AutoReframe' from project 'AutoReframe')
    cd /Users/runner/work/Reframe/Reframe/App
    write-file /Users/runner/work/Reframe/Reframe/App/build/Build/Intermediates.noindex/AutoReframe.build/Debug-iphonesimulator/AutoReframe.build/AutoReframe-own-target-headers.hmap

WriteAuxiliaryFile /Users/runner/work/Reframe/Reframe/App/build/Build/Intermediates.noindex/AutoReframe.build/Debug-iphonesimulator/AutoReframe.build/AutoReframe-generated-files.hmap (in target 'AutoReframe' from project 'AutoReframe')
    cd /Users/runner/work/Reframe/Reframe/App
    write-file /Users/runner/work/Reframe/Reframe/App/build/Build/Intermediates.noindex/AutoReframe.build/Debug-iphonesimulator/AutoReframe.build/AutoReframe-generated-files.hmap

WriteAuxiliaryFile /Users/runner/work/Reframe/Reframe/App/build/Build/Intermediates.noindex/AutoReframe.build/Debug-iphonesimulator/AutoReframe.build/AutoReframe-all-target-headers.hmap (in target 'AutoReframe' from project 'AutoReframe')
    cd /Users/runner/work/Reframe/Reframe/App
    write-file /Users/runner/work/Reframe/Reframe/App/build/Build/Intermediates.noindex/AutoReframe.build/Debug-iphonesimulator/AutoReframe.build/AutoReframe-all-target-headers.hmap

WriteAuxiliaryFile /Users/runner/work/Reframe/Reframe/App/build/Build/Intermediates.noindex/AutoReframe.build/Debug-iphonesimulator/AutoReframe.build/AutoReframe-all-non-framework-target-headers.hmap (in target 'AutoReframe' from project 'AutoReframe')
    cd /Users/runner/work/Reframe/Reframe/App
    write-file /Users/runner/work/Reframe/Reframe/App/build/Build/Intermediates.noindex/AutoReframe.build/Debug-iphonesimulator/AutoReframe.build/AutoReframe-all-non-framework-target-headers.hmap

WriteAuxiliaryFile /Users/runner/work/Reframe/Reframe/App/build/Build/Intermediates.noindex/AutoReframe.build/Debug-iphonesimulator/AutoReframe.build/AutoReframe-DebugDylibPath-normal-x86_64.txt (in target 'AutoReframe' from project 'AutoReframe')
    cd /Users/runner/work/Reframe/Reframe/App
    write-file /Users/runner/work/Reframe/Reframe/App/build/Build/Intermediates.noindex/AutoReframe.build/Debug-iphonesimulator/AutoReframe.build/AutoReframe-DebugDylibPath-normal-x86_64.txt

WriteAuxiliaryFile /Users/runner/work/Reframe/Reframe/App/build/Build/Intermediates.noindex/AutoReframe.build/Debug-iphonesimulator/AutoReframe.build/AutoReframe-DebugDylibPath-normal-arm64.txt (in target 'AutoReframe' from project 'AutoReframe')
    cd /Users/runner/work/Reframe/Reframe/App
    write-file /Users/runner/work/Reframe/Reframe/App/build/Build/Intermediates.noindex/AutoReframe.build/Debug-iphonesimulator/AutoReframe.build/AutoReframe-DebugDylibPath-normal-arm64.txt

WriteAuxiliaryFile /Users/runner/work/Reframe/Reframe/App/build/Build/Intermediates.noindex/AutoReframe.build/Debug-iphonesimulator/AutoReframe.build/AutoReframe-DebugDylibInstallName-normal-x86_64.txt (in target 'AutoReframe' from project 'AutoReframe')
    cd /Users/runner/work/Reframe/Reframe/App
    write-file /Users/runner/work/Reframe/Reframe/App/build/Build/Intermediates.noindex/AutoReframe.build/Debug-iphonesimulator/AutoReframe.build/AutoReframe-DebugDylibInstallName-normal-x86_64.txt

WriteAuxiliaryFile /Users/runner/work/Reframe/Reframe/App/build/Build/Intermediates.noindex/AutoReframe.build/Debug-iphonesimulator/AutoReframe.build/AutoReframe-DebugDylibInstallName-normal-arm64.txt (in target 'AutoReframe' from project 'AutoReframe')
    cd /Users/runner/work/Reframe/Reframe/App
    write-file /Users/runner/work/Reframe/Reframe/App/build/Build/Intermediates.noindex/AutoReframe.build/Debug-iphonesimulator/AutoReframe.build/AutoReframe-DebugDylibInstallName-normal-arm64.txt

MkDir /Users/runner/work/Reframe/Reframe/App/build/Build/Products/Debug-iphonesimulator/AutoReframe.app (in target 'AutoReframe' from project 'AutoReframe')
    cd /Users/runner/work/Reframe/Reframe/App
    /bin/mkdir -p /Users/runner/work/Reframe/Reframe/App/build/Build/Products/Debug-iphonesimulator/AutoReframe.app

Copy /Users/runner/work/Reframe/Reframe/App/build/Build/Intermediates.noindex/GeneratedModuleMaps-iphonesimulator/ReframeCore.modulemap /Users/runner/work/Reframe/Reframe/App/build/Build/Intermediates.noindex/ReframeCore.build/Debug-iphonesimulator/ReframeCore.build/ReframeCore.modulemap (in target 'ReframeCore' from project 'ReframeCore')
    cd /Users/runner/work/Reframe/Reframe/Packages/ReframeCore
    builtin-copy -exclude .DS_Store -exclude CVS -exclude .svn -exclude .git -exclude .hg -resolve-src-symlinks /Users/runner/work/Reframe/Reframe/App/build/Build/Intermediates.noindex/ReframeCore.build/Debug-iphonesimulator/ReframeCore.build/ReframeCore.modulemap /Users/runner/work/Reframe/Reframe/App/build/Build/Intermediates.noindex/GeneratedModuleMaps-iphonesimulator

SwiftDriver ReframeCore normal x86_64 com.apple.xcode.tools.swift.compiler (in target 'ReframeCore' from project 'ReframeCore')
    cd /Users/runner/work/Reframe/Reframe/App/AutoReframe.xcodeproj
    builtin-SwiftDriver -- /Applications/Xcode_16.2.app/Contents/Developer/Toolchains/XcodeDefault.xctoolchain/usr/bin/swiftc -module-name ReframeCore -Onone -enforce-exclusivity\=checked @/Users/runner/work/Reframe/Reframe/App/build/Build/Intermediates.noindex/ReframeCore.build/Debug-iphonesimulator/ReframeCore.build/Objects-normal/x86_64/ReframeCore.SwiftFileList -DSWIFT_PACKAGE -DDEBUG -DXcode -plugin-path /Applications/Xcode_16.2.app/Contents/Developer/Toolchains/XcodeDefault.xctoolchain/usr/lib/swift/host/plugins/testing -enable-experimental-feature DebugDescriptionMacro -sdk /Applications/Xcode_16.2.app/Contents/Developer/Platforms/iPhoneSimulator.platform/Developer/SDKs/iPhoneSimulator18.2.sdk -target x86_64-apple-ios16.0-simulator -g -module-cache-path /Users/runner/work/Reframe/Reframe/App/build/ModuleCache.noindex -Xfrontend -serialize-debugging-options -enable-testing -index-store-path /Users/runner/work/Reframe/Reframe/App/build/Index.noindex/DataStore -enable-experimental-feature OpaqueTypeErasure -Xcc -D_LIBCPP_HARDENING_MODE\=_LIBCPP_HARDENING_MODE_DEBUG -swift-version 5 -I /Users/runner/work/Reframe/Reframe/App/build/Build/Products/Debug-iphonesimulator -I /Applications/Xcode_16.2.app/Contents/Developer/Platforms/iPhoneSimulator.platform/Developer/usr/lib -F /Users/runner/work/Reframe/Reframe/App/build/Build/Products/Debug-iphonesimulator -F /Applications/Xcode_16.2.app/Contents/Developer/Platforms/iPhoneSimulator.platform/Developer/Library/Frameworks -F /Applications/Xcode_16.2.app/Contents/Developer/Platforms/iPhoneSimulator.platform/Developer/SDKs/iPhoneSimulator18.2.sdk/Developer/Library/Frameworks -c -j3 -enable-batch-mode -incremental -Xcc -ivfsstatcache -Xcc /Users/runner/work/Reframe/Reframe/App/build/SDKStatCaches.noindex/iphonesimulator18.2-22C146-16b5fc1f628d844b188c57a1ba9d6a81.sdkstatcache -output-file-map /Users/runner/work/Reframe/Reframe/App/build/Build/Intermediates.noindex/ReframeCore.build/Debug-iphonesimulator/ReframeCore.build/Objects-normal/x86_64/ReframeCore-OutputFileMap.json -use-frontend-parseable-output -save-temps -no-color-diagnostics -serialize-diagnostics -emit-dependencies -emit-module -emit-module-path /Users/runner/work/Reframe/Reframe/App/build/Build/Intermediates.noindex/ReframeCore.build/Debug-iphonesimulator/ReframeCore.build/Objects-normal/x86_64/ReframeCore.swiftmodule -validate-clang-modules-once -clang-build-session-file /Users/runner/work/Reframe/Reframe/App/build/ModuleCache.noindex/Session.modulevalidation -package-name reframecore -Xcc -I/Users/runner/work/Reframe/Reframe/App/build/Build/Intermediates.noindex/ReframeCore.build/Debug-iphonesimulator/ReframeCore.build/swift-overrides.hmap -emit-const-values -Xfrontend -const-gather-protocols-file -Xfrontend /Users/runner/work/Reframe/Reframe/App/build/Build/Intermediates.noindex/ReframeCore.build/Debug-iphonesimulator/ReframeCore.build/Objects-normal/x86_64/ReframeCore_const_extract_protocols.json -Xcc -I/Users/runner/work/Reframe/Reframe/App/build/Build/Products/Debug-iphonesimulator/include -Xcc -I/Users/runner/work/Reframe/Reframe/App/build/Build/Intermediates.noindex/ReframeCore.build/Debug-iphonesimulator/ReframeCore.build/DerivedSources-normal/x86_64 -Xcc -I/Users/runner/work/Reframe/Reframe/App/build/Build/Intermediates.noindex/ReframeCore.build/Debug-iphonesimulator/ReframeCore.build/DerivedSources/x86_64 -Xcc -I/Users/runner/work/Reframe/Reframe/App/build/Build/Intermediates.noindex/ReframeCore.build/Debug-iphonesimulator/ReframeCore.build/DerivedSources -Xcc -DSWIFT_PACKAGE -Xcc -DDEBUG\=1 -emit-objc-header -emit-objc-header-path /Users/runner/work/Reframe/Reframe/App/build/Build/Intermediates.noindex/ReframeCore.build/Debug-iphonesimulator/ReframeCore.build/Objects-normal/x86_64/ReframeCore-Swift.h -working-directory /Users/runner/work/Reframe/Reframe/App/AutoReframe.xcodeproj -experimental-emit-module-separately -disable-cmo

SwiftDriver ReframeCore normal arm64 com.apple.xcode.tools.swift.compiler (in target 'ReframeCore' from project 'ReframeCore')
    cd /Users/runner/work/Reframe/Reframe/App/AutoReframe.xcodeproj
    builtin-SwiftDriver -- /Applications/Xcode_16.2.app/Contents/Developer/Toolchains/XcodeDefault.xctoolchain/usr/bin/swiftc -module-name ReframeCore -Onone -enforce-exclusivity\=checked @/Users/runner/work/Reframe/Reframe/App/build/Build/Intermediates.noindex/ReframeCore.build/Debug-iphonesimulator/ReframeCore.build/Objects-normal/arm64/ReframeCore.SwiftFileList -DSWIFT_PACKAGE -DDEBUG -DXcode -plugin-path /Applications/Xcode_16.2.app/Contents/Developer/Toolchains/XcodeDefault.xctoolchain/usr/lib/swift/host/plugins/testing -enable-experimental-feature DebugDescriptionMacro -sdk /Applications/Xcode_16.2.app/Contents/Developer/Platforms/iPhoneSimulator.platform/Developer/SDKs/iPhoneSimulator18.2.sdk -target arm64-apple-ios16.0-simulator -g -module-cache-path /Users/runner/work/Reframe/Reframe/App/build/ModuleCache.noindex -Xfrontend -serialize-debugging-options -enable-testing -index-store-path /Users/runner/work/Reframe/Reframe/App/build/Index.noindex/DataStore -enable-experimental-feature OpaqueTypeErasure -Xcc -D_LIBCPP_HARDENING_MODE\=_LIBCPP_HARDENING_MODE_DEBUG -swift-version 5 -I /Users/runner/work/Reframe/Reframe/App/build/Build/Products/Debug-iphonesimulator -I /Applications/Xcode_16.2.app/Contents/Developer/Platforms/iPhoneSimulator.platform/Developer/usr/lib -F /Users/runner/work/Reframe/Reframe/App/build/Build/Products/Debug-iphonesimulator -F /Applications/Xcode_16.2.app/Contents/Developer/Platforms/iPhoneSimulator.platform/Developer/Library/Frameworks -F /Applications/Xcode_16.2.app/Contents/Developer/Platforms/iPhoneSimulator.platform/Developer/SDKs/iPhoneSimulator18.2.sdk/Developer/Library/Frameworks -c -j3 -enable-batch-mode -incremental -Xcc -ivfsstatcache -Xcc /Users/runner/work/Reframe/Reframe/App/build/SDKStatCaches.noindex/iphonesimulator18.2-22C146-16b5fc1f628d844b188c57a1ba9d6a81.sdkstatcache -output-file-map /Users/runner/work/Reframe/Reframe/App/build/Build/Intermediates.noindex/ReframeCore.build/Debug-iphonesimulator/ReframeCore.build/Objects-normal/arm64/ReframeCore-OutputFileMap.json -use-frontend-parseable-output -save-temps -no-color-diagnostics -serialize-diagnostics -emit-dependencies -emit-module -emit-module-path /Users/runner/work/Reframe/Reframe/App/build/Build/Intermediates.noindex/ReframeCore.build/Debug-iphonesimulator/ReframeCore.build/Objects-normal/arm64/ReframeCore.swiftmodule -validate-clang-modules-once -clang-build-session-file /Users/runner/work/Reframe/Reframe/App/build/ModuleCache.noindex/Session.modulevalidation -package-name reframecore -Xcc -I/Users/runner/work/Reframe/Reframe/App/build/Build/Intermediates.noindex/ReframeCore.build/Debug-iphonesimulator/ReframeCore.build/swift-overrides.hmap -emit-const-values -Xfrontend -const-gather-protocols-file -Xfrontend /Users/runner/work/Reframe/Reframe/App/build/Build/Intermediates.noindex/ReframeCore.build/Debug-iphonesimulator/ReframeCore.build/Objects-normal/arm64/ReframeCore_const_extract_protocols.json -Xcc -I/Users/runner/work/Reframe/Reframe/App/build/Build/Products/Debug-iphonesimulator/include -Xcc -I/Users/runner/work/Reframe/Reframe/App/build/Build/Intermediates.noindex/ReframeCore.build/Debug-iphonesimulator/ReframeCore.build/DerivedSources-normal/arm64 -Xcc -I/Users/runner/work/Reframe/Reframe/App/build/Build/Intermediates.noindex/ReframeCore.build/Debug-iphonesimulator/ReframeCore.build/DerivedSources/arm64 -Xcc -I/Users/runner/work/Reframe/Reframe/App/build/Build/Intermediates.noindex/ReframeCore.build/Debug-iphonesimulator/ReframeCore.build/DerivedSources -Xcc -DSWIFT_PACKAGE -Xcc -DDEBUG\=1 -emit-objc-header -emit-objc-header-path /Users/runner/work/Reframe/Reframe/App/build/Build/Intermediates.noindex/ReframeCore.build/Debug-iphonesimulator/ReframeCore.build/Objects-normal/arm64/ReframeCore-Swift.h -working-directory /Users/runner/work/Reframe/Reframe/App/AutoReframe.xcodeproj -experimental-emit-module-separately -disable-cmo

SwiftEmitModule normal arm64 Emitting\ module\ for\ ReframeCore (in target 'ReframeCore' from project 'ReframeCore')
    cd /Users/runner/work/Reframe/Reframe/App/AutoReframe.xcodeproj
    builtin-swiftTaskExecution -- /Applications/Xcode_16.2.app/Contents/Developer/Toolchains/XcodeDefault.xctoolchain/usr/bin/swift-frontend -frontend -emit-module -experimental-skip-non-inlinable-function-bodies-without-types /Users/runner/work/Reframe/Reframe/Packages/ReframeCore/Sources/ReframeCore/CompositionRules.swift /Users/runner/work/Reframe/Reframe/Packages/ReframeCore/Sources/ReframeCore/Metrics/ReframeMetrics.swift /Users/runner/work/Reframe/Reframe/Packages/ReframeCore/Sources/ReframeCore/Models/CropGeometry.swift /Users/runner/work/Reframe/Reframe/Packages/ReframeCore/Sources/ReframeCore/Models/CropPoint.swift /Users/runner/work/Reframe/Reframe/Packages/ReframeCore/Sources/ReframeCore/Models/ReframeSettings.swift /Users/runner/work/Reframe/Reframe/Packages/ReframeCore/Sources/ReframeCore/Models/TrackingPoint.swift /Users/runner/work/Reframe/Reframe/Packages/ReframeCore/Sources/ReframeCore/Pipeline/ReframePipeline.swift /Users/runner/work/Reframe/Reframe/Packages/ReframeCore/Sources/ReframeCore/ReframeEngine.swift /Users/runner/work/Reframe/Reframe/Packages/ReframeCore/Sources/ReframeCore/Smoothing/CriticallyDampedSpring.swift /Users/runner/work/Reframe/Reframe/Packages/ReframeCore/Sources/ReframeCore/Smoothing/OneEuroFilter.swift -target arm64-apple-ios16.0-simulator -Xllvm -aarch64-use-tbi -enable-objc-interop -sdk /Applications/Xcode_16.2.app/Contents/Developer/Platforms/iPhoneSimulator.platform/Developer/SDKs/iPhoneSimulator18.2.sdk -I /Users/runner/work/Reframe/Reframe/App/build/Build/Products/Debug-iphonesimulator -I /Applications/Xcode_16.2.app/Contents/Developer/Platforms/iPhoneSimulator.platform/Developer/usr/lib -F /Users/runner/work/Reframe/Reframe/App/build/Build/Products/Debug-iphonesimulator -F /Applications/Xcode_16.2.app/Contents/Developer/Platforms/iPhoneSimulator.platform/Developer/Library/Frameworks -F /Applications/Xcode_16.2.app/Contents/Developer/Platforms/iPhoneSimulator.platform/Developer/SDKs/iPhoneSimulator18.2.sdk/Developer/Library/Frameworks -no-color-diagnostics -enable-testing -g -debug-info-format\=dwarf -dwarf-version\=4 -module-cache-path /Users/runner/work/Reframe/Reframe/App/build/ModuleCache.noindex -swift-version 5 -enforce-exclusivity\=checked -Onone -D SWIFT_PACKAGE -D DEBUG -D Xcode -serialize-debugging-options -const-gather-protocols-file /Users/runner/work/Reframe/Reframe/App/build/Build/Intermediates.noindex/ReframeCore.build/Debug-iphonesimulator/ReframeCore.build/Objects-normal/arm64/ReframeCore_const_extract_protocols.json -enable-experimental-feature DebugDescriptionMacro -enable-experimental-feature OpaqueTypeErasure -empty-abi-descriptor -plugin-path /Applications/Xcode_16.2.app/Contents/Developer/Toolchains/XcodeDefault.xctoolchain/usr/lib/swift/host/plugins/testing -validate-clang-modules-once -clang-build-session-file /Users/runner/work/Reframe/Reframe/App/build/ModuleCache.noindex/Session.modulevalidation -Xcc -working-directory -Xcc /Users/runner/work/Reframe/Reframe/App/AutoReframe.xcodeproj -resource-dir /Applications/Xcode_16.2.app/Contents/Developer/Toolchains/XcodeDefault.xctoolchain/usr/lib/swift -enable-anonymous-context-mangled-names -file-compilation-dir /Users/runner/work/Reframe/Reframe/App/AutoReframe.xcodeproj -Xcc -D_LIBCPP_HARDENING_MODE\=_LIBCPP_HARDENING_MODE_DEBUG -Xcc -ivfsstatcache -Xcc /Users/runner/work/Reframe/Reframe/App/build/SDKStatCaches.noindex/iphonesimulator18.2-22C146-16b5fc1f628d844b188c57a1ba9d6a81.sdkstatcache -Xcc -I/Users/runner/work/Reframe/Reframe/App/build/Build/Intermediates.noindex/ReframeCore.build/Debug-iphonesimulator/ReframeCore.build/swift-overrides.hmap -Xcc -I/Users/runner/work/Reframe/Reframe/App/build/Build/Products/Debug-iphonesimulator/include -Xcc -I/Users/runner/work/Reframe/Reframe/App/build/Build/Intermediates.noindex/ReframeCore.build/Debug-iphonesimulator/ReframeCore.build/DerivedSources-normal/arm64 -Xcc -I/Users/runner/work/Reframe/Reframe/App/build/Build/Intermediates.noindex/ReframeCore.build/Debug-iphonesimulator/ReframeCore.build/DerivedSources/arm64 -Xcc -I/Users/runner/work/Reframe/Reframe/App/build/Build/Intermediates.noindex/ReframeCore.build/Debug-iphonesimulator/ReframeCore.build/DerivedSources -Xcc -DSWIFT_PACKAGE -Xcc -DDEBUG\=1 -module-name ReframeCore -package-name reframecore -frontend-parseable-output -disable-clang-spi -target-sdk-version 18.2 -target-sdk-name iphonesimulator18.2 -external-plugin-path /Applications/Xcode_16.2.app/Contents/Developer/Platforms/iPhoneOS.platform/Developer/usr/lib/swift/host/plugins\#/Applications/Xcode_16.2.app/Contents/Developer/Platforms/iPhoneOS.platform/Developer/usr/bin/swift-plugin-server -external-plugin-path /Applications/Xcode_16.2.app/Contents/Developer/Platforms/iPhoneOS.platform/Developer/usr/local/lib/swift/host/plugins\#/Applications/Xcode_16.2.app/Contents/Developer/Platforms/iPhoneOS.platform/Developer/usr/bin/swift-plugin-server -plugin-path /Applications/Xcode_16.2.app/Contents/Developer/Toolchains/XcodeDefault.xctoolchain/usr/lib/swift/host/plugins -plugin-path /Applications/Xcode_16.2.app/Contents/Developer/Toolchains/XcodeDefault.xctoolchain/usr/local/lib/swift/host/plugins -emit-module-doc-path /Users/runner/work/Reframe/Reframe/App/build/Build/Intermediates.noindex/ReframeCore.build/Debug-iphonesimulator/ReframeCore.build/Objects-normal/arm64/ReframeCore.swiftdoc -emit-module-source-info-path /Users/runner/work/Reframe/Reframe/App/build/Build/Intermediates.noindex/ReframeCore.build/Debug-iphonesimulator/ReframeCore.build/Objects-normal/arm64/ReframeCore.swiftsourceinfo -emit-objc-header-path /Users/runner/work/Reframe/Reframe/App/build/Build/Intermediates.noindex/ReframeCore.build/Debug-iphonesimulator/ReframeCore.build/Objects-normal/arm64/ReframeCore-Swift.h -serialize-diagnostics-path /Users/runner/work/Reframe/Reframe/App/build/Build/Intermediates.noindex/ReframeCore.build/Debug-iphonesimulator/ReframeCore.build/Objects-normal/arm64/ReframeCore-master-emit-module.dia -emit-dependencies-path /Users/runner/work/Reframe/Reframe/App/build/Build/Intermediates.noindex/ReframeCore.build/Debug-iphonesimulator/ReframeCore.build/Objects-normal/arm64/ReframeCore-master-emit-module.d -o /Users/runner/work/Reframe/Reframe/App/build/Build/Intermediates.noindex/ReframeCore.build/Debug-iphonesimulator/ReframeCore.build/Objects-normal/arm64/ReframeCore.swiftmodule -emit-abi-descriptor-path /Users/runner/work/Reframe/Reframe/App/build/Build/Intermediates.noindex/ReframeCore.build/Debug-iphonesimulator/ReframeCore.build/Objects-normal/arm64/ReframeCore.abi.json

EmitSwiftModule normal arm64 (in target 'ReframeCore' from project 'ReframeCore')
    cd /Users/runner/work/Reframe/Reframe/App/AutoReframe.xcodeproj
    /Applications/Xcode_16.2.app/Contents/Developer/Toolchains/XcodeDefault.xctoolchain/usr/bin/swift-frontend -emit-module -experimental-skip-non-inlinable-function-bodies-without-types /Users/runner/work/Reframe/Reframe/Packages/ReframeCore/Sources/ReframeCore/CompositionRules.swift /Users/runner/work/Reframe/Reframe/Packages/ReframeCore/Sources/ReframeCore/Metrics/ReframeMetrics.swift /Users/runner/work/Reframe/Reframe/Packages/ReframeCore/Sources/ReframeCore/Models/CropGeometry.swift /Users/runner/work/Reframe/Reframe/Packages/ReframeCore/Sources/ReframeCore/Models/CropPoint.swift /Users/runner/work/Reframe/Reframe/Packages/ReframeCore/Sources/ReframeCore/Models/ReframeSettings.swift /Users/runner/work/Reframe/Reframe/Packages/ReframeCore/Sources/ReframeCore/Models/TrackingPoint.swift /Users/runner/work/Reframe/Reframe/Packages/ReframeCore/Sources/ReframeCore/Pipeline/ReframePipeline.swift /Users/runner/work/Reframe/Reframe/Packages/ReframeCore/Sources/ReframeCore/ReframeEngine.swift /Users/runner/work/Reframe/Reframe/Packages/ReframeCore/Sources/ReframeCore/Smoothing/CriticallyDampedSpring.swift /Users/runner/work/Reframe/Reframe/Packages/ReframeCore/Sources/ReframeCore/Smoothing/OneEuroFilter.swift -target arm64-apple-ios16.0-simulator -Xllvm -aarch64-use-tbi -enable-objc-interop -sdk /Applications/Xcode_16.2.app/Contents/Developer/Platforms/iPhoneSimulator.platform/Developer/SDKs/iPhoneSimulator18.2.sdk -I /Users/runner/work/Reframe/Reframe/App/build/Build/Products/Debug-iphonesimulator -I /Applications/Xcode_16.2.app/Contents/Developer/Platforms/iPhoneSimulator.platform/Developer/usr/lib -F /Users/runner/work/Reframe/Reframe/App/build/Build/Products/Debug-iphonesimulator -F /Applications/Xcode_16.2.app/Contents/Developer/Platforms/iPhoneSimulator.platform/Developer/Library/Frameworks -F /Applications/Xcode_16.2.app/Contents/Developer/Platforms/iPhoneSimulator.platform/Developer/SDKs/iPhoneSimulator18.2.sdk/Developer/Library/Frameworks -no-color-diagnostics -enable-testing -g -debug-info-format\=dwarf -dwarf-version\=4 -module-cache-path /Users/runner/work/Reframe/Reframe/App/build/ModuleCache.noindex -swift-version 5 -enforce-exclusivity\=checked -Onone -D SWIFT_PACKAGE -D DEBUG -D Xcode -serialize-debugging-options -const-gather-protocols-file /Users/runner/work/Reframe/Reframe/App/build/Build/Intermediates.noindex/ReframeCore.build/Debug-iphonesimulator/ReframeCore.build/Objects-normal/arm64/ReframeCore_const_extract_protocols.json -enable-experimental-feature DebugDescriptionMacro -enable-experimental-feature OpaqueTypeErasure -empty-abi-descriptor -plugin-path /Applications/Xcode_16.2.app/Contents/Developer/Toolchains/XcodeDefault.xctoolchain/usr/lib/swift/host/plugins/testing -validate-clang-modules-once -clang-build-session-file /Users/runner/work/Reframe/Reframe/App/build/ModuleCache.noindex/Session.modulevalidation -Xcc -working-directory -Xcc /Users/runner/work/Reframe/Reframe/App/AutoReframe.xcodeproj -resource-dir /Applications/Xcode_16.2.app/Contents/Developer/Toolchains/XcodeDefault.xctoolchain/usr/lib/swift -enable-anonymous-context-mangled-names -file-compilation-dir /Users/runner/work/Reframe/Reframe/App/AutoReframe.xcodeproj -Xcc -D_LIBCPP_HARDENING_MODE\=_LIBCPP_HARDENING_MODE_DEBUG -Xcc -ivfsstatcache -Xcc /Users/runner/work/Reframe/Reframe/App/build/SDKStatCaches.noindex/iphonesimulator18.2-22C146-16b5fc1f628d844b188c57a1ba9d6a81.sdkstatcache -Xcc -I/Users/runner/work/Reframe/Reframe/App/build/Build/Intermediates.noindex/ReframeCore.build/Debug-iphonesimulator/ReframeCore.build/swift-overrides.hmap -Xcc -I/Users/runner/work/Reframe/Reframe/App/build/Build/Products/Debug-iphonesimulator/include -Xcc -I/Users/runner/work/Reframe/Reframe/App/build/Build/Intermediates.noindex/ReframeCore.build/Debug-iphonesimulator/ReframeCore.build/DerivedSources-normal/arm64 -Xcc -I/Users/runner/work/Reframe/Reframe/App/build/Build/Intermediates.noindex/ReframeCore.build/Debug-iphonesimulator/ReframeCore.build/DerivedSources/arm64 -Xcc -I/Users/runner/work/Reframe/Reframe/App/build/Build/Intermediates.noindex/ReframeCore.build/Debug-iphonesimulator/ReframeCore.build/DerivedSources -Xcc -DSWIFT_PACKAGE -Xcc -DDEBUG\=1 -module-name ReframeCore -package-name reframecore -frontend-parseable-output -disable-clang-spi -target-sdk-version 18.2 -target-sdk-name iphonesimulator18.2 -external-plugin-path /Applications/Xcode_16.2.app/Contents/Developer/Platforms/iPhoneOS.platform/Developer/usr/lib/swift/host/plugins\#/Applications/Xcode_16.2.app/Contents/Developer/Platforms/iPhoneOS.platform/Developer/usr/bin/swift-plugin-server -external-plugin-path /Applications/Xcode_16.2.app/Contents/Developer/Platforms/iPhoneOS.platform/Developer/usr/local/lib/swift/host/plugins\#/Applications/Xcode_16.2.app/Contents/Developer/Platforms/iPhoneOS.platform/Developer/usr/bin/swift-plugin-server -plugin-path /Applications/Xcode_16.2.app/Contents/Developer/Toolchains/XcodeDefault.xctoolchain/usr/lib/swift/host/plugins -plugin-path /Applications/Xcode_16.2.app/Contents/Developer/Toolchains/XcodeDefault.xctoolchain/usr/local/lib/swift/host/plugins -emit-module-doc-path /Users/runner/work/Reframe/Reframe/App/build/Build/Intermediates.noindex/ReframeCore.build/Debug-iphonesimulator/ReframeCore.build/Objects-normal/arm64/ReframeCore.swiftdoc -emit-module-source-info-path /Users/runner/work/Reframe/Reframe/App/build/Build/Intermediates.noindex/ReframeCore.build/Debug-iphonesimulator/ReframeCore.build/Objects-normal/arm64/ReframeCore.swiftsourceinfo -emit-objc-header-path /Users/runner/work/Reframe/Reframe/App/build/Build/Intermediates.noindex/ReframeCore.build/Debug-iphonesimulator/ReframeCore.build/Objects-normal/arm64/ReframeCore-Swift.h -serialize-diagnostics-path /Users/runner/work/Reframe/Reframe/App/build/Build/Intermediates.noindex/ReframeCore.build/Debug-iphonesimulator/ReframeCore.build/Objects-normal/arm64/ReframeCore-master-emit-module.dia -emit-dependencies-path /Users/runner/work/Reframe/Reframe/App/build/Build/Intermediates.noindex/ReframeCore.build/Debug-iphonesimulator/ReframeCore.build/Objects-normal/arm64/ReframeCore-master-emit-module.d -o /Users/runner/work/Reframe/Reframe/App/build/Build/Intermediates.noindex/ReframeCore.build/Debug-iphonesimulator/ReframeCore.build/Objects-normal/arm64/ReframeCore.swiftmodule -emit-abi-descriptor-path /Users/runner/work/Reframe/Reframe/App/build/Build/Intermediates.noindex/ReframeCore.build/Debug-iphonesimulator/ReframeCore.build/Objects-normal/arm64/ReframeCore.abi.json

SwiftEmitModule normal x86_64 Emitting\ module\ for\ ReframeCore (in target 'ReframeCore' from project 'ReframeCore')
    cd /Users/runner/work/Reframe/Reframe/App/AutoReframe.xcodeproj
    builtin-swiftTaskExecution -- /Applications/Xcode_16.2.app/Contents/Developer/Toolchains/XcodeDefault.xctoolchain/usr/bin/swift-frontend -frontend -emit-module -experimental-skip-non-inlinable-function-bodies-without-types /Users/runner/work/Reframe/Reframe/Packages/ReframeCore/Sources/ReframeCore/CompositionRules.swift /Users/runner/work/Reframe/Reframe/Packages/ReframeCore/Sources/ReframeCore/Metrics/ReframeMetrics.swift /Users/runner/work/Reframe/Reframe/Packages/ReframeCore/Sources/ReframeCore/Models/CropGeometry.swift /Users/runner/work/Reframe/Reframe/Packages/ReframeCore/Sources/ReframeCore/Models/CropPoint.swift /Users/runner/work/Reframe/Reframe/Packages/ReframeCore/Sources/ReframeCore/Models/ReframeSettings.swift /Users/runner/work/Reframe/Reframe/Packages/ReframeCore/Sources/ReframeCore/Models/TrackingPoint.swift /Users/runner/work/Reframe/Reframe/Packages/ReframeCore/Sources/ReframeCore/Pipeline/ReframePipeline.swift /Users/runner/work/Reframe/Reframe/Packages/ReframeCore/Sources/ReframeCore/ReframeEngine.swift /Users/runner/work/Reframe/Reframe/Packages/ReframeCore/Sources/ReframeCore/Smoothing/CriticallyDampedSpring.swift /Users/runner/work/Reframe/Reframe/Packages/ReframeCore/Sources/ReframeCore/Smoothing/OneEuroFilter.swift -target x86_64-apple-ios16.0-simulator -enable-objc-interop -sdk /Applications/Xcode_16.2.app/Contents/Developer/Platforms/iPhoneSimulator.platform/Developer/SDKs/iPhoneSimulator18.2.sdk -I /Users/runner/work/Reframe/Reframe/App/build/Build/Products/Debug-iphonesimulator -I /Applications/Xcode_16.2.app/Contents/Developer/Platforms/iPhoneSimulator.platform/Developer/usr/lib -F /Users/runner/work/Reframe/Reframe/App/build/Build/Products/Debug-iphonesimulator -F /Applications/Xcode_16.2.app/Contents/Developer/Platforms/iPhoneSimulator.platform/Developer/Library/Frameworks -F /Applications/Xcode_16.2.app/Contents/Developer/Platforms/iPhoneSimulator.platform/Developer/SDKs/iPhoneSimulator18.2.sdk/Developer/Library/Frameworks -no-color-diagnostics -enable-testing -g -debug-info-format\=dwarf -dwarf-version\=4 -module-cache-path /Users/runner/work/Reframe/Reframe/App/build/ModuleCache.noindex -swift-version 5 -enforce-exclusivity\=checked -Onone -D SWIFT_PACKAGE -D DEBUG -D Xcode -serialize-debugging-options -const-gather-protocols-file /Users/runner/work/Reframe/Reframe/App/build/Build/Intermediates.noindex/ReframeCore.build/Debug-iphonesimulator/ReframeCore.build/Objects-normal/x86_64/ReframeCore_const_extract_protocols.json -enable-experimental-feature DebugDescriptionMacro -enable-experimental-feature OpaqueTypeErasure -empty-abi-descriptor -plugin-path /Applications/Xcode_16.2.app/Contents/Developer/Toolchains/XcodeDefault.xctoolchain/usr/lib/swift/host/plugins/testing -validate-clang-modules-once -clang-build-session-file /Users/runner/work/Reframe/Reframe/App/build/ModuleCache.noindex/Session.modulevalidation -Xcc -working-directory -Xcc /Users/runner/work/Reframe/Reframe/App/AutoReframe.xcodeproj -resource-dir /Applications/Xcode_16.2.app/Contents/Developer/Toolchains/XcodeDefault.xctoolchain/usr/lib/swift -enable-anonymous-context-mangled-names -file-compilation-dir /Users/runner/work/Reframe/Reframe/App/AutoReframe.xcodeproj -Xcc -D_LIBCPP_HARDENING_MODE\=_LIBCPP_HARDENING_MODE_DEBUG -Xcc -ivfsstatcache -Xcc /Users/runner/work/Reframe/Reframe/App/build/SDKStatCaches.noindex/iphonesimulator18.2-22C146-16b5fc1f628d844b188c57a1ba9d6a81.sdkstatcache -Xcc -I/Users/runner/work/Reframe/Reframe/App/build/Build/Intermediates.noindex/ReframeCore.build/Debug-iphonesimulator/ReframeCore.build/swift-overrides.hmap -Xcc -I/Users/runner/work/Reframe/Reframe/App/build/Build/Products/Debug-iphonesimulator/include -Xcc -I/Users/runner/work/Reframe/Reframe/App/build/Build/Intermediates.noindex/ReframeCore.build/Debug-iphonesimulator/ReframeCore.build/DerivedSources-normal/x86_64 -Xcc -I/Users/runner/work/Reframe/Reframe/App/build/Build/Intermediates.noindex/ReframeCore.build/Debug-iphonesimulator/ReframeCore.build/DerivedSources/x86_64 -Xcc -I/Users/runner/work/Reframe/Reframe/App/build/Build/Intermediates.noindex/ReframeCore.build/Debug-iphonesimulator/ReframeCore.build/DerivedSources -Xcc -DSWIFT_PACKAGE -Xcc -DDEBUG\=1 -module-name ReframeCore -package-name reframecore -frontend-parseable-output -disable-clang-spi -target-sdk-version 18.2 -target-sdk-name iphonesimulator18.2 -external-plugin-path /Applications/Xcode_16.2.app/Contents/Developer/Platforms/iPhoneOS.platform/Developer/usr/lib/swift/host/plugins\#/Applications/Xcode_16.2.app/Contents/Developer/Platforms/iPhoneOS.platform/Developer/usr/bin/swift-plugin-server -external-plugin-path /Applications/Xcode_16.2.app/Contents/Developer/Platforms/iPhoneOS.platform/Developer/usr/local/lib/swift/host/plugins\#/Applications/Xcode_16.2.app/Contents/Developer/Platforms/iPhoneOS.platform/Developer/usr/bin/swift-plugin-server -plugin-path /Applications/Xcode_16.2.app/Contents/Developer/Toolchains/XcodeDefault.xctoolchain/usr/lib/swift/host/plugins -plugin-path /Applications/Xcode_16.2.app/Contents/Developer/Toolchains/XcodeDefault.xctoolchain/usr/local/lib/swift/host/plugins -emit-module-doc-path /Users/runner/work/Reframe/Reframe/App/build/Build/Intermediates.noindex/ReframeCore.build/Debug-iphonesimulator/ReframeCore.build/Objects-normal/x86_64/ReframeCore.swiftdoc -emit-module-source-info-path /Users/runner/work/Reframe/Reframe/App/build/Build/Intermediates.noindex/ReframeCore.build/Debug-iphonesimulator/ReframeCore.build/Objects-normal/x86_64/ReframeCore.swiftsourceinfo -emit-objc-header-path /Users/runner/work/Reframe/Reframe/App/build/Build/Intermediates.noindex/ReframeCore.build/Debug-iphonesimulator/ReframeCore.build/Objects-normal/x86_64/ReframeCore-Swift.h -serialize-diagnostics-path /Users/runner/work/Reframe/Reframe/App/build/Build/Intermediates.noindex/ReframeCore.build/Debug-iphonesimulator/ReframeCore.build/Objects-normal/x86_64/ReframeCore-master-emit-module.dia -emit-dependencies-path /Users/runner/work/Reframe/Reframe/App/build/Build/Intermediates.noindex/ReframeCore.build/Debug-iphonesimulator/ReframeCore.build/Objects-normal/x86_64/ReframeCore-master-emit-module.d -o /Users/runner/work/Reframe/Reframe/App/build/Build/Intermediates.noindex/ReframeCore.build/Debug-iphonesimulator/ReframeCore.build/Objects-normal/x86_64/ReframeCore.swiftmodule -emit-abi-descriptor-path /Users/runner/work/Reframe/Reframe/App/build/Build/Intermediates.noindex/ReframeCore.build/Debug-iphonesimulator/ReframeCore.build/Objects-normal/x86_64/ReframeCore.abi.json

EmitSwiftModule normal x86_64 (in target 'ReframeCore' from project 'ReframeCore')
    cd /Users/runner/work/Reframe/Reframe/App/AutoReframe.xcodeproj
    /Applications/Xcode_16.2.app/Contents/Developer/Toolchains/XcodeDefault.xctoolchain/usr/bin/swift-frontend -emit-module -experimental-skip-non-inlinable-function-bodies-without-types /Users/runner/work/Reframe/Reframe/Packages/ReframeCore/Sources/ReframeCore/CompositionRules.swift /Users/runner/work/Reframe/Reframe/Packages/ReframeCore/Sources/ReframeCore/Metrics/ReframeMetrics.swift /Users/runner/work/Reframe/Reframe/Packages/ReframeCore/Sources/ReframeCore/Models/CropGeometry.swift /Users/runner/work/Reframe/Reframe/Packages/ReframeCore/Sources/ReframeCore/Models/CropPoint.swift /Users/runner/work/Reframe/Reframe/Packages/ReframeCore/Sources/ReframeCore/Models/ReframeSettings.swift /Users/runner/work/Reframe/Reframe/Packages/ReframeCore/Sources/ReframeCore/Models/TrackingPoint.swift /Users/runner/work/Reframe/Reframe/Packages/ReframeCore/Sources/ReframeCore/Pipeline/ReframePipeline.swift /Users/runner/work/Reframe/Reframe/Packages/ReframeCore/Sources/ReframeCore/ReframeEngine.swift /Users/runner/work/Reframe/Reframe/Packages/ReframeCore/Sources/ReframeCore/Smoothing/CriticallyDampedSpring.swift /Users/runner/work/Reframe/Reframe/Packages/ReframeCore/Sources/ReframeCore/Smoothing/OneEuroFilter.swift -target x86_64-apple-ios16.0-simulator -enable-objc-interop -sdk /Applications/Xcode_16.2.app/Contents/Developer/Platforms/iPhoneSimulator.platform/Developer/SDKs/iPhoneSimulator18.2.sdk -I /Users/runner/work/Reframe/Reframe/App/build/Build/Products/Debug-iphonesimulator -I /Applications/Xcode_16.2.app/Contents/Developer/Platforms/iPhoneSimulator.platform/Developer/usr/lib -F /Users/runner/work/Reframe/Reframe/App/build/Build/Products/Debug-iphonesimulator -F /Applications/Xcode_16.2.app/Contents/Developer/Platforms/iPhoneSimulator.platform/Developer/Library/Frameworks -F /Applications/Xcode_16.2.app/Contents/Developer/Platforms/iPhoneSimulator.platform/Developer/SDKs/iPhoneSimulator18.2.sdk/Developer/Library/Frameworks -no-color-diagnostics -enable-testing -g -debug-info-format\=dwarf -dwarf-version\=4 -module-cache-path /Users/runner/work/Reframe/Reframe/App/build/ModuleCache.noindex -swift-version 5 -enforce-exclusivity\=checked -Onone -D SWIFT_PACKAGE -D DEBUG -D Xcode -serialize-debugging-options -const-gather-protocols-file /Users/runner/work/Reframe/Reframe/App/build/Build/Intermediates.noindex/ReframeCore.build/Debug-iphonesimulator/ReframeCore.build/Objects-normal/x86_64/ReframeCore_const_extract_protocols.json -enable-experimental-feature DebugDescriptionMacro -enable-experimental-feature OpaqueTypeErasure -empty-abi-descriptor -plugin-path /Applications/Xcode_16.2.app/Contents/Developer/Toolchains/XcodeDefault.xctoolchain/usr/lib/swift/host/plugins/testing -validate-clang-modules-once -clang-build-session-file /Users/runner/work/Reframe/Reframe/App/build/ModuleCache.noindex/Session.modulevalidation -Xcc -working-directory -Xcc /Users/runner/work/Reframe/Reframe/App/AutoReframe.xcodeproj -resource-dir /Applications/Xcode_16.2.app/Contents/Developer/Toolchains/XcodeDefault.xctoolchain/usr/lib/swift -enable-anonymous-context-mangled-names -file-compilation-dir /Users/runner/work/Reframe/Reframe/App/AutoReframe.xcodeproj -Xcc -D_LIBCPP_HARDENING_MODE\=_LIBCPP_HARDENING_MODE_DEBUG -Xcc -ivfsstatcache -Xcc /Users/runner/work/Reframe/Reframe/App/build/SDKStatCaches.noindex/iphonesimulator18.2-22C146-16b5fc1f628d844b188c57a1ba9d6a81.sdkstatcache -Xcc -I/Users/runner/work/Reframe/Reframe/App/build/Build/Intermediates.noindex/ReframeCore.build/Debug-iphonesimulator/ReframeCore.build/swift-overrides.hmap -Xcc -I/Users/runner/work/Reframe/Reframe/App/build/Build/Products/Debug-iphonesimulator/include -Xcc -I/Users/runner/work/Reframe/Reframe/App/build/Build/Intermediates.noindex/ReframeCore.build/Debug-iphonesimulator/ReframeCore.build/DerivedSources-normal/x86_64 -Xcc -I/Users/runner/work/Reframe/Reframe/App/build/Build/Intermediates.noindex/ReframeCore.build/Debug-iphonesimulator/ReframeCore.build/DerivedSources/x86_64 -Xcc -I/Users/runner/work/Reframe/Reframe/App/build/Build/Intermediates.noindex/ReframeCore.build/Debug-iphonesimulator/ReframeCore.build/DerivedSources -Xcc -DSWIFT_PACKAGE -Xcc -DDEBUG\=1 -module-name ReframeCore -package-name reframecore -frontend-parseable-output -disable-clang-spi -target-sdk-version 18.2 -target-sdk-name iphonesimulator18.2 -external-plugin-path /Applications/Xcode_16.2.app/Contents/Developer/Platforms/iPhoneOS.platform/Developer/usr/lib/swift/host/plugins\#/Applications/Xcode_16.2.app/Contents/Developer/Platforms/iPhoneOS.platform/Developer/usr/bin/swift-plugin-server -external-plugin-path /Applications/Xcode_16.2.app/Contents/Developer/Platforms/iPhoneOS.platform/Developer/usr/local/lib/swift/host/plugins\#/Applications/Xcode_16.2.app/Contents/Developer/Platforms/iPhoneOS.platform/Developer/usr/bin/swift-plugin-server -plugin-path /Applications/Xcode_16.2.app/Contents/Developer/Toolchains/XcodeDefault.xctoolchain/usr/lib/swift/host/plugins -plugin-path /Applications/Xcode_16.2.app/Contents/Developer/Toolchains/XcodeDefault.xctoolchain/usr/local/lib/swift/host/plugins -emit-module-doc-path /Users/runner/work/Reframe/Reframe/App/build/Build/Intermediates.noindex/ReframeCore.build/Debug-iphonesimulator/ReframeCore.build/Objects-normal/x86_64/ReframeCore.swiftdoc -emit-module-source-info-path /Users/runner/work/Reframe/Reframe/App/build/Build/Intermediates.noindex/ReframeCore.build/Debug-iphonesimulator/ReframeCore.build/Objects-normal/x86_64/ReframeCore.swiftsourceinfo -emit-objc-header-path /Users/runner/work/Reframe/Reframe/App/build/Build/Intermediates.noindex/ReframeCore.build/Debug-iphonesimulator/ReframeCore.build/Objects-normal/x86_64/ReframeCore-Swift.h -serialize-diagnostics-path /Users/runner/work/Reframe/Reframe/App/build/Build/Intermediates.noindex/ReframeCore.build/Debug-iphonesimulator/ReframeCore.build/Objects-normal/x86_64/ReframeCore-master-emit-module.dia -emit-dependencies-path /Users/runner/work/Reframe/Reframe/App/build/Build/Intermediates.noindex/ReframeCore.build/Debug-iphonesimulator/ReframeCore.build/Objects-normal/x86_64/ReframeCore-master-emit-module.d -o /Users/runner/work/Reframe/Reframe/App/build/Build/Intermediates.noindex/ReframeCore.build/Debug-iphonesimulator/ReframeCore.build/Objects-normal/x86_64/ReframeCore.swiftmodule -emit-abi-descriptor-path /Users/runner/work/Reframe/Reframe/App/build/Build/Intermediates.noindex/ReframeCore.build/Debug-iphonesimulator/ReframeCore.build/Objects-normal/x86_64/ReframeCore.abi.json

SwiftCompile normal x86_64 Compiling\ CompositionRules.swift,\ ReframeMetrics.swift,\ CropGeometry.swift,\ CropPoint.swift /Users/runner/work/Reframe/Reframe/Packages/ReframeCore/Sources/ReframeCore/CompositionRules.swift /Users/runner/work/Reframe/Reframe/Packages/ReframeCore/Sources/ReframeCore/Metrics/ReframeMetrics.swift /Users/runner/work/Reframe/Reframe/Packages/ReframeCore/Sources/ReframeCore/Models/CropGeometry.swift /Users/runner/work/Reframe/Reframe/Packages/ReframeCore/Sources/ReframeCore/Models/CropPoint.swift (in target 'ReframeCore' from project 'ReframeCore')
    cd /Users/runner/work/Reframe/Reframe/App/AutoReframe.xcodeproj
    builtin-swiftTaskExecution -- /Applications/Xcode_16.2.app/Contents/Developer/Toolchains/XcodeDefault.xctoolchain/usr/bin/swift-frontend -frontend -c -primary-file /Users/runner/work/Reframe/Reframe/Packages/ReframeCore/Sources/ReframeCore/CompositionRules.swift -primary-file /Users/runner/work/Reframe/Reframe/Packages/ReframeCore/Sources/ReframeCore/Metrics/ReframeMetrics.swift -primary-file /Users/runner/work/Reframe/Reframe/Packages/ReframeCore/Sources/ReframeCore/Models/CropGeometry.swift -primary-file /Users/runner/work/Reframe/Reframe/Packages/ReframeCore/Sources/ReframeCore/Models/CropPoint.swift /Users/runner/work/Reframe/Reframe/Packages/ReframeCore/Sources/ReframeCore/Models/ReframeSettings.swift /Users/runner/work/Reframe/Reframe/Packages/ReframeCore/Sources/ReframeCore/Models/TrackingPoint.swift /Users/runner/work/Reframe/Reframe/Packages/ReframeCore/Sources/ReframeCore/Pipeline/ReframePipeline.swift /Users/runner/work/Reframe/Reframe/Packages/ReframeCore/Sources/ReframeCore/ReframeEngine.swift /Users/runner/work/Reframe/Reframe/Packages/ReframeCore/Sources/ReframeCore/Smoothing/CriticallyDampedSpring.swift /Users/runner/work/Reframe/Reframe/Packages/ReframeCore/Sources/ReframeCore/Smoothing/OneEuroFilter.swift -supplementary-output-file-map /Users/runner/work/Reframe/Reframe/App/build/Build/Intermediates.noindex/ReframeCore.build/Debug-iphonesimulator/ReframeCore.build/Objects-normal/x86_64/supplementaryOutputs-2 -target x86_64-apple-ios16.0-simulator -enable-objc-interop -sdk /Applications/Xcode_16.2.app/Contents/Developer/Platforms/iPhoneSimulator.platform/Developer/SDKs/iPhoneSimulator18.2.sdk -I /Users/runner/work/Reframe/Reframe/App/build/Build/Products/Debug-iphonesimulator -I /Applications/Xcode_16.2.app/Contents/Developer/Platforms/iPhoneSimulator.platform/Developer/usr/lib -F /Users/runner/work/Reframe/Reframe/App/build/Build/Products/Debug-iphonesimulator -F /Applications/Xcode_16.2.app/Contents/Developer/Platforms/iPhoneSimulator.platform/Developer/Library/Frameworks -F /Applications/Xcode_16.2.app/Contents/Developer/Platforms/iPhoneSimulator.platform/Developer/SDKs/iPhoneSimulator18.2.sdk/Developer/Library/Frameworks -no-color-diagnostics -enable-testing -g -debug-info-format\=dwarf -dwarf-version\=4 -module-cache-path /Users/runner/work/Reframe/Reframe/App/build/ModuleCache.noindex -swift-version 5 -enforce-exclusivity\=checked -Onone -D SWIFT_PACKAGE -D DEBUG -D Xcode -serialize-debugging-options -const-gather-protocols-file /Users/runner/work/Reframe/Reframe/App/build/Build/Intermediates.noindex/ReframeCore.build/Debug-iphonesimulator/ReframeCore.build/Objects-normal/x86_64/ReframeCore_const_extract_protocols.json -enable-experimental-feature DebugDescriptionMacro -enable-experimental-feature OpaqueTypeErasure -empty-abi-descriptor -plugin-path /Applications/Xcode_16.2.app/Contents/Developer/Toolchains/XcodeDefault.xctoolchain/usr/lib/swift/host/plugins/testing -validate-clang-modules-once -clang-build-session-file /Users/runner/work/Reframe/Reframe/App/build/ModuleCache.noindex/Session.modulevalidation -Xcc -working-directory -Xcc /Users/runner/work/Reframe/Reframe/App/AutoReframe.xcodeproj -resource-dir /Applications/Xcode_16.2.app/Contents/Developer/Toolchains/XcodeDefault.xctoolchain/usr/lib/swift -enable-anonymous-context-mangled-names -file-compilation-dir /Users/runner/work/Reframe/Reframe/App/AutoReframe.xcodeproj -Xcc -D_LIBCPP_HARDENING_MODE\=_LIBCPP_HARDENING_MODE_DEBUG -Xcc -ivfsstatcache -Xcc /Users/runner/work/Reframe/Reframe/App/build/SDKStatCaches.noindex/iphonesimulator18.2-22C146-16b5fc1f628d844b188c57a1ba9d6a81.sdkstatcache -Xcc -I/Users/runner/work/Reframe/Reframe/App/build/Build/Intermediates.noindex/ReframeCore.build/Debug-iphonesimulator/ReframeCore.build/swift-overrides.hmap -Xcc -I/Users/runner/work/Reframe/Reframe/App/build/Build/Products/Debug-iphonesimulator/include -Xcc -I/Users/runner/work/Reframe/Reframe/App/build/Build/Intermediates.noindex/ReframeCore.build/Debug-iphonesimulator/ReframeCore.build/DerivedSources-normal/x86_64 -Xcc -I/Users/runner/work/Reframe/Reframe/App/build/Build/Intermediates.noindex/ReframeCore.build/Debug-iphonesimulator/ReframeCore.build/DerivedSources/x86_64 -Xcc -I/Users/runner/work/Reframe/Reframe/App/build/Build/Intermediates.noindex/ReframeCore.build/Debug-iphonesimulator/ReframeCore.build/DerivedSources -Xcc -DSWIFT_PACKAGE -Xcc -DDEBUG\=1 -module-name ReframeCore -package-name reframecore -frontend-parseable-output -disable-clang-spi -target-sdk-version 18.2 -target-sdk-name iphonesimulator18.2 -external-plugin-path /Applications/Xcode_16.2.app/Contents/Developer/Platforms/iPhoneOS.platform/Developer/usr/lib/swift/host/plugins\#/Applications/Xcode_16.2.app/Contents/Developer/Platforms/iPhoneOS.platform/Developer/usr/bin/swift-plugin-server -external-plugin-path /Applications/Xcode_16.2.app/Contents/Developer/Platforms/iPhoneOS.platform/Developer/usr/local/lib/swift/host/plugins\#/Applications/Xcode_16.2.app/Contents/Developer/Platforms/iPhoneOS.platform/Developer/usr/bin/swift-plugin-server -plugin-path /Applications/Xcode_16.2.app/Contents/Developer/Toolchains/XcodeDefault.xctoolchain/usr/lib/swift/host/plugins -plugin-path /Applications/Xcode_16.2.app/Contents/Developer/Toolchains/XcodeDefault.xctoolchain/usr/local/lib/swift/host/plugins -o /Users/runner/work/Reframe/Reframe/App/build/Build/Intermediates.noindex/ReframeCore.build/Debug-iphonesimulator/ReframeCore.build/Objects-normal/x86_64/CompositionRules.o -o /Users/runner/work/Reframe/Reframe/App/build/Build/Intermediates.noindex/ReframeCore.build/Debug-iphonesimulator/ReframeCore.build/Objects-normal/x86_64/ReframeMetrics.o -o /Users/runner/work/Reframe/Reframe/App/build/Build/Intermediates.noindex/ReframeCore.build/Debug-iphonesimulator/ReframeCore.build/Objects-normal/x86_64/CropGeometry.o -o /Users/runner/work/Reframe/Reframe/App/build/Build/Intermediates.noindex/ReframeCore.build/Debug-iphonesimulator/ReframeCore.build/Objects-normal/x86_64/CropPoint.o -index-unit-output-path /ReframeCore.build/Debug-iphonesimulator/ReframeCore.build/Objects-normal/x86_64/CompositionRules.o -index-unit-output-path /ReframeCore.build/Debug-iphonesimulator/ReframeCore.build/Objects-normal/x86_64/ReframeMetrics.o -index-unit-output-path /ReframeCore.build/Debug-iphonesimulator/ReframeCore.build/Objects-normal/x86_64/CropGeometry.o -index-unit-output-path /ReframeCore.build/Debug-iphonesimulator/ReframeCore.build/Objects-normal/x86_64/CropPoint.o -index-store-path /Users/runner/work/Reframe/Reframe/App/build/Index.noindex/DataStore -index-system-modules
SwiftCompile normal x86_64 /Users/runner/work/Reframe/Reframe/Packages/ReframeCore/Sources/ReframeCore/CompositionRules.swift (in target 'ReframeCore' from project 'ReframeCore')
    cd /Users/runner/work/Reframe/Reframe/App/AutoReframe.xcodeproj
    /Applications/Xcode_16.2.app/Contents/Developer/Toolchains/XcodeDefault.xctoolchain/usr/bin/swift-frontend -c -primary-file /Users/runner/work/Reframe/Reframe/Packages/ReframeCore/Sources/ReframeCore/CompositionRules.swift -primary-file /Users/runner/work/Reframe/Reframe/Packages/ReframeCore/Sources/ReframeCore/Metrics/ReframeMetrics.swift -primary-file /Users/runner/work/Reframe/Reframe/Packages/ReframeCore/Sources/ReframeCore/Models/CropGeometry.swift -primary-file /Users/runner/work/Reframe/Reframe/Packages/ReframeCore/Sources/ReframeCore/Models/CropPoint.swift /Users/runner/work/Reframe/Reframe/Packages/ReframeCore/Sources/ReframeCore/Models/ReframeSettings.swift /Users/runner/work/Reframe/Reframe/Packages/ReframeCore/Sources/ReframeCore/Models/TrackingPoint.swift /Users/runner/work/Reframe/Reframe/Packages/ReframeCore/Sources/ReframeCore/Pipeline/ReframePipeline.swift /Users/runner/work/Reframe/Reframe/Packages/ReframeCore/Sources/ReframeCore/ReframeEngine.swift /Users/runner/work/Reframe/Reframe/Packages/ReframeCore/Sources/ReframeCore/Smoothing/CriticallyDampedSpring.swift /Users/runner/work/Reframe/Reframe/Packages/ReframeCore/Sources/ReframeCore/Smoothing/OneEuroFilter.swift -supplementary-output-file-map /Users/runner/work/Reframe/Reframe/App/build/Build/Intermediates.noindex/ReframeCore.build/Debug-iphonesimulator/ReframeCore.build/Objects-normal/x86_64/supplementaryOutputs-2 -target x86_64-apple-ios16.0-simulator -enable-objc-interop -sdk /Applications/Xcode_16.2.app/Contents/Developer/Platforms/iPhoneSimulator.platform/Developer/SDKs/iPhoneSimulator18.2.sdk -I /Users/runner/work/Reframe/Reframe/App/build/Build/Products/Debug-iphonesimulator -I /Applications/Xcode_16.2.app/Contents/Developer/Platforms/iPhoneSimulator.platform/Developer/usr/lib -F /Users/runner/work/Reframe/Reframe/App/build/Build/Products/Debug-iphonesimulator -F /Applications/Xcode_16.2.app/Contents/Developer/Platforms/iPhoneSimulator.platform/Developer/Library/Frameworks -F /Applications/Xcode_16.2.app/Contents/Developer/Platforms/iPhoneSimulator.platform/Developer/SDKs/iPhoneSimulator18.2.sdk/Developer/Library/Frameworks -no-color-diagnostics -enable-testing -g -debug-info-format\=dwarf -dwarf-version\=4 -module-cache-path /Users/runner/work/Reframe/Reframe/App/build/ModuleCache.noindex -swift-version 5 -enforce-exclusivity\=checked -Onone -D SWIFT_PACKAGE -D DEBUG -D Xcode -serialize-debugging-options -const-gather-protocols-file /Users/runner/work/Reframe/Reframe/App/build/Build/Intermediates.noindex/ReframeCore.build/Debug-iphonesimulator/ReframeCore.build/Objects-normal/x86_64/ReframeCore_const_extract_protocols.json -enable-experimental-feature DebugDescriptionMacro -enable-experimental-feature OpaqueTypeErasure -empty-abi-descriptor -plugin-path /Applications/Xcode_16.2.app/Contents/Developer/Toolchains/XcodeDefault.xctoolchain/usr/lib/swift/host/plugins/testing -validate-clang-modules-once -clang-build-session-file /Users/runner/work/Reframe/Reframe/App/build/ModuleCache.noindex/Session.modulevalidation -Xcc -working-directory -Xcc /Users/runner/work/Reframe/Reframe/App/AutoReframe.xcodeproj -resource-dir /Applications/Xcode_16.2.app/Contents/Developer/Toolchains/XcodeDefault.xctoolchain/usr/lib/swift -enable-anonymous-context-mangled-names -file-compilation-dir /Users/runner/work/Reframe/Reframe/App/AutoReframe.xcodeproj -Xcc -D_LIBCPP_HARDENING_MODE\=_LIBCPP_HARDENING_MODE_DEBUG -Xcc -ivfsstatcache -Xcc /Users/runner/work/Reframe/Reframe/App/build/SDKStatCaches.noindex/iphonesimulator18.2-22C146-16b5fc1f628d844b188c57a1ba9d6a81.sdkstatcache -Xcc -I/Users/runner/work/Reframe/Reframe/App/build/Build/Intermediates.noindex/ReframeCore.build/Debug-iphonesimulator/ReframeCore.build/swift-overrides.hmap -Xcc -I/Users/runner/work/Reframe/Reframe/App/build/Build/Products/Debug-iphonesimulator/include -Xcc -I/Users/runner/work/Reframe/Reframe/App/build/Build/Intermediates.noindex/ReframeCore.build/Debug-iphonesimulator/ReframeCore.build/DerivedSources-normal/x86_64 -Xcc -I/Users/runner/work/Reframe/Reframe/App/build/Build/Intermediates.noindex/ReframeCore.build/Debug-iphonesimulator/ReframeCore.build/DerivedSources/x86_64 -Xcc -I/Users/runner/work/Reframe/Reframe/App/build/Build/Intermediates.noindex/ReframeCore.build/Debug-iphonesimulator/ReframeCore.build/DerivedSources -Xcc -DSWIFT_PACKAGE -Xcc -DDEBUG\=1 -module-name ReframeCore -package-name reframecore -frontend-parseable-output -disable-clang-spi -target-sdk-version 18.2 -target-sdk-name iphonesimulator18.2 -external-plugin-path /Applications/Xcode_16.2.app/Contents/Developer/Platforms/iPhoneOS.platform/Developer/usr/lib/swift/host/plugins\#/Applications/Xcode_16.2.app/Contents/Developer/Platforms/iPhoneOS.platform/Developer/usr/bin/swift-plugin-server -external-plugin-path /Applications/Xcode_16.2.app/Contents/Developer/Platforms/iPhoneOS.platform/Developer/usr/local/lib/swift/host/plugins\#/Applications/Xcode_16.2.app/Contents/Developer/Platforms/iPhoneOS.platform/Developer/usr/bin/swift-plugin-server -plugin-path /Applications/Xcode_16.2.app/Contents/Developer/Toolchains/XcodeDefault.xctoolchain/usr/lib/swift/host/plugins -plugin-path /Applications/Xcode_16.2.app/Contents/Developer/Toolchains/XcodeDefault.xctoolchain/usr/local/lib/swift/host/plugins -o /Users/runner/work/Reframe/Reframe/App/build/Build/Intermediates.noindex/ReframeCore.build/Debug-iphonesimulator/ReframeCore.build/Objects-normal/x86_64/CompositionRules.o -o /Users/runner/work/Reframe/Reframe/App/build/Build/Intermediates.noindex/ReframeCore.build/Debug-iphonesimulator/ReframeCore.build/Objects-normal/x86_64/ReframeMetrics.o -o /Users/runner/work/Reframe/Reframe/App/build/Build/Intermediates.noindex/ReframeCore.build/Debug-iphonesimulator/ReframeCore.build/Objects-normal/x86_64/CropGeometry.o -o /Users/runner/work/Reframe/Reframe/App/build/Build/Intermediates.noindex/ReframeCore.build/Debug-iphonesimulator/ReframeCore.build/Objects-normal/x86_64/CropPoint.o -index-unit-output-path /ReframeCore.build/Debug-iphonesimulator/ReframeCore.build/Objects-normal/x86_64/CompositionRules.o -index-unit-output-path /ReframeCore.build/Debug-iphonesimulator/ReframeCore.build/Objects-normal/x86_64/ReframeMetrics.o -index-unit-output-path /ReframeCore.build/Debug-iphonesimulator/ReframeCore.build/Objects-normal/x86_64/CropGeometry.o -index-unit-output-path /ReframeCore.build/Debug-iphonesimulator/ReframeCore.build/Objects-normal/x86_64/CropPoint.o -index-store-path /Users/runner/work/Reframe/Reframe/App/build/Index.noindex/DataStore -index-system-modules

SwiftCompile normal x86_64 /Users/runner/work/Reframe/Reframe/Packages/ReframeCore/Sources/ReframeCore/Metrics/ReframeMetrics.swift (in target 'ReframeCore' from project 'ReframeCore')
    cd /Users/runner/work/Reframe/Reframe/App/AutoReframe.xcodeproj
    /Applications/Xcode_16.2.app/Contents/Developer/Toolchains/XcodeDefault.xctoolchain/usr/bin/swift-frontend -c -primary-file /Users/runner/work/Reframe/Reframe/Packages/ReframeCore/Sources/ReframeCore/CompositionRules.swift -primary-file /Users/runner/work/Reframe/Reframe/Packages/ReframeCore/Sources/ReframeCore/Metrics/ReframeMetrics.swift -primary-file /Users/runner/work/Reframe/Reframe/Packages/ReframeCore/Sources/ReframeCore/Models/CropGeometry.swift -primary-file /Users/runner/work/Reframe/Reframe/Packages/ReframeCore/Sources/ReframeCore/Models/CropPoint.swift /Users/runner/work/Reframe/Reframe/Packages/ReframeCore/Sources/ReframeCore/Models/ReframeSettings.swift /Users/runner/work/Reframe/Reframe/Packages/ReframeCore/Sources/ReframeCore/Models/TrackingPoint.swift /Users/runner/work/Reframe/Reframe/Packages/ReframeCore/Sources/ReframeCore/Pipeline/ReframePipeline.swift /Users/runner/work/Reframe/Reframe/Packages/ReframeCore/Sources/ReframeCore/ReframeEngine.swift /Users/runner/work/Reframe/Reframe/Packages/ReframeCore/Sources/ReframeCore/Smoothing/CriticallyDampedSpring.swift /Users/runner/work/Reframe/Reframe/Packages/ReframeCore/Sources/ReframeCore/Smoothing/OneEuroFilter.swift -supplementary-output-file-map /Users/runner/work/Reframe/Reframe/App/build/Build/Intermediates.noindex/ReframeCore.build/Debug-iphonesimulator/ReframeCore.build/Objects-normal/x86_64/supplementaryOutputs-2 -target x86_64-apple-ios16.0-simulator -enable-objc-interop -sdk /Applications/Xcode_16.2.app/Contents/Developer/Platforms/iPhoneSimulator.platform/Developer/SDKs/iPhoneSimulator18.2.sdk -I /Users/runner/work/Reframe/Reframe/App/build/Build/Products/Debug-iphonesimulator -I /Applications/Xcode_16.2.app/Contents/Developer/Platforms/iPhoneSimulator.platform/Developer/usr/lib -F /Users/runner/work/Reframe/Reframe/App/build/Build/Products/Debug-iphonesimulator -F /Applications/Xcode_16.2.app/Contents/Developer/Platforms/iPhoneSimulator.platform/Developer/Library/Frameworks -F /Applications/Xcode_16.2.app/Contents/Developer/Platforms/iPhoneSimulator.platform/Developer/SDKs/iPhoneSimulator18.2.sdk/Developer/Library/Frameworks -no-color-diagnostics -enable-testing -g -debug-info-format\=dwarf -dwarf-version\=4 -module-cache-path /Users/runner/work/Reframe/Reframe/App/build/ModuleCache.noindex -swift-version 5 -enforce-exclusivity\=checked -Onone -D SWIFT_PACKAGE -D DEBUG -D Xcode -serialize-debugging-options -const-gather-protocols-file /Users/runner/work/Reframe/Reframe/App/build/Build/Intermediates.noindex/ReframeCore.build/Debug-iphonesimulator/ReframeCore.build/Objects-normal/x86_64/ReframeCore_const_extract_protocols.json -enable-experimental-feature DebugDescriptionMacro -enable-experimental-feature OpaqueTypeErasure -empty-abi-descriptor -plugin-path /Applications/Xcode_16.2.app/Contents/Developer/Toolchains/XcodeDefault.xctoolchain/usr/lib/swift/host/plugins/testing -validate-clang-modules-once -clang-build-session-file /Users/runner/work/Reframe/Reframe/App/build/ModuleCache.noindex/Session.modulevalidation -Xcc -working-directory -Xcc /Users/runner/work/Reframe/Reframe/App/AutoReframe.xcodeproj -resource-dir /Applications/Xcode_16.2.app/Contents/Developer/Toolchains/XcodeDefault.xctoolchain/usr/lib/swift -enable-anonymous-context-mangled-names -file-compilation-dir /Users/runner/work/Reframe/Reframe/App/AutoReframe.xcodeproj -Xcc -D_LIBCPP_HARDENING_MODE\=_LIBCPP_HARDENING_MODE_DEBUG -Xcc -ivfsstatcache -Xcc /Users/runner/work/Reframe/Reframe/App/build/SDKStatCaches.noindex/iphonesimulator18.2-22C146-16b5fc1f628d844b188c57a1ba9d6a81.sdkstatcache -Xcc -I/Users/runner/work/Reframe/Reframe/App/build/Build/Intermediates.noindex/ReframeCore.build/Debug-iphonesimulator/ReframeCore.build/swift-overrides.hmap -Xcc -I/Users/runner/work/Reframe/Reframe/App/build/Build/Products/Debug-iphonesimulator/include -Xcc -I/Users/runner/work/Reframe/Reframe/App/build/Build/Intermediates.noindex/ReframeCore.build/Debug-iphonesimulator/ReframeCore.build/DerivedSources-normal/x86_64 -Xcc -I/Users/runner/work/Reframe/Reframe/App/build/Build/Intermediates.noindex/ReframeCore.build/Debug-iphonesimulator/ReframeCore.build/DerivedSources/x86_64 -Xcc -I/Users/runner/work/Reframe/Reframe/App/build/Build/Intermediates.noindex/ReframeCore.build/Debug-iphonesimulator/ReframeCore.build/DerivedSources -Xcc -DSWIFT_PACKAGE -Xcc -DDEBUG\=1 -module-name ReframeCore -package-name reframecore -frontend-parseable-output -disable-clang-spi -target-sdk-version 18.2 -target-sdk-name iphonesimulator18.2 -external-plugin-path /Applications/Xcode_16.2.app/Contents/Developer/Platforms/iPhoneOS.platform/Developer/usr/lib/swift/host/plugins\#/Applications/Xcode_16.2.app/Contents/Developer/Platforms/iPhoneOS.platform/Developer/usr/bin/swift-plugin-server -external-plugin-path /Applications/Xcode_16.2.app/Contents/Developer/Platforms/iPhoneOS.platform/Developer/usr/local/lib/swift/host/plugins\#/Applications/Xcode_16.2.app/Contents/Developer/Platforms/iPhoneOS.platform/Developer/usr/bin/swift-plugin-server -plugin-path /Applications/Xcode_16.2.app/Contents/Developer/Toolchains/XcodeDefault.xctoolchain/usr/lib/swift/host/plugins -plugin-path /Applications/Xcode_16.2.app/Contents/Developer/Toolchains/XcodeDefault.xctoolchain/usr/local/lib/swift/host/plugins -o /Users/runner/work/Reframe/Reframe/App/build/Build/Intermediates.noindex/ReframeCore.build/Debug-iphonesimulator/ReframeCore.build/Objects-normal/x86_64/CompositionRules.o -o /Users/runner/work/Reframe/Reframe/App/build/Build/Intermediates.noindex/ReframeCore.build/Debug-iphonesimulator/ReframeCore.build/Objects-normal/x86_64/ReframeMetrics.o -o /Users/runner/work/Reframe/Reframe/App/build/Build/Intermediates.noindex/ReframeCore.build/Debug-iphonesimulator/ReframeCore.build/Objects-normal/x86_64/CropGeometry.o -o /Users/runner/work/Reframe/Reframe/App/build/Build/Intermediates.noindex/ReframeCore.build/Debug-iphonesimulator/ReframeCore.build/Objects-normal/x86_64/CropPoint.o -index-unit-output-path /ReframeCore.build/Debug-iphonesimulator/ReframeCore.build/Objects-normal/x86_64/CompositionRules.o -index-unit-output-path /ReframeCore.build/Debug-iphonesimulator/ReframeCore.build/Objects-normal/x86_64/ReframeMetrics.o -index-unit-output-path /ReframeCore.build/Debug-iphonesimulator/ReframeCore.build/Objects-normal/x86_64/CropGeometry.o -index-unit-output-path /ReframeCore.build/Debug-iphonesimulator/ReframeCore.build/Objects-normal/x86_64/CropPoint.o -index-store-path /Users/runner/work/Reframe/Reframe/App/build/Index.noindex/DataStore -index-system-modules

SwiftCompile normal x86_64 /Users/runner/work/Reframe/Reframe/Packages/ReframeCore/Sources/ReframeCore/Models/CropGeometry.swift (in target 'ReframeCore' from project 'ReframeCore')
    cd /Users/runner/work/Reframe/Reframe/App/AutoReframe.xcodeproj
    /Applications/Xcode_16.2.app/Contents/Developer/Toolchains/XcodeDefault.xctoolchain/usr/bin/swift-frontend -c -primary-file /Users/runner/work/Reframe/Reframe/Packages/ReframeCore/Sources/ReframeCore/CompositionRules.swift -primary-file /Users/runner/work/Reframe/Reframe/Packages/ReframeCore/Sources/ReframeCore/Metrics/ReframeMetrics.swift -primary-file /Users/runner/work/Reframe/Reframe/Packages/ReframeCore/Sources/ReframeCore/Models/CropGeometry.swift -primary-file /Users/runner/work/Reframe/Reframe/Packages/ReframeCore/Sources/ReframeCore/Models/CropPoint.swift /Users/runner/work/Reframe/Reframe/Packages/ReframeCore/Sources/ReframeCore/Models/ReframeSettings.swift /Users/runner/work/Reframe/Reframe/Packages/ReframeCore/Sources/ReframeCore/Models/TrackingPoint.swift /Users/runner/work/Reframe/Reframe/Packages/ReframeCore/Sources/ReframeCore/Pipeline/ReframePipeline.swift /Users/runner/work/Reframe/Reframe/Packages/ReframeCore/Sources/ReframeCore/ReframeEngine.swift /Users/runner/work/Reframe/Reframe/Packages/ReframeCore/Sources/ReframeCore/Smoothing/CriticallyDampedSpring.swift /Users/runner/work/Reframe/Reframe/Packages/ReframeCore/Sources/ReframeCore/Smoothing/OneEuroFilter.swift -supplementary-output-file-map /Users/runner/work/Reframe/Reframe/App/build/Build/Intermediates.noindex/ReframeCore.build/Debug-iphonesimulator/ReframeCore.build/Objects-normal/x86_64/supplementaryOutputs-2 -target x86_64-apple-ios16.0-simulator -enable-objc-interop -sdk /Applications/Xcode_16.2.app/Contents/Developer/Platforms/iPhoneSimulator.platform/Developer/SDKs/iPhoneSimulator18.2.sdk -I /Users/runner/work/Reframe/Reframe/App/build/Build/Products/Debug-iphonesimulator -I /Applications/Xcode_16.2.app/Contents/Developer/Platforms/iPhoneSimulator.platform/Developer/usr/lib -F /Users/runner/work/Reframe/Reframe/App/build/Build/Products/Debug-iphonesimulator -F /Applications/Xcode_16.2.app/Contents/Developer/Platforms/iPhoneSimulator.platform/Developer/Library/Frameworks -F /Applications/Xcode_16.2.app/Contents/Developer/Platforms/iPhoneSimulator.platform/Developer/SDKs/iPhoneSimulator18.2.sdk/Developer/Library/Frameworks -no-color-diagnostics -enable-testing -g -debug-info-format\=dwarf -dwarf-version\=4 -module-cache-path /Users/runner/work/Reframe/Reframe/App/build/ModuleCache.noindex -swift-version 5 -enforce-exclusivity\=checked -Onone -D SWIFT_PACKAGE -D DEBUG -D Xcode -serialize-debugging-options -const-gather-protocols-file /Users/runner/work/Reframe/Reframe/App/build/Build/Intermediates.noindex/ReframeCore.build/Debug-iphonesimulator/ReframeCore.build/Objects-normal/x86_64/ReframeCore_const_extract_protocols.json -enable-experimental-feature DebugDescriptionMacro -enable-experimental-feature OpaqueTypeErasure -empty-abi-descriptor -plugin-path /Applications/Xcode_16.2.app/Contents/Developer/Toolchains/XcodeDefault.xctoolchain/usr/lib/swift/host/plugins/testing -validate-clang-modules-once -clang-build-session-file /Users/runner/work/Reframe/Reframe/App/build/ModuleCache.noindex/Session.modulevalidation -Xcc -working-directory -Xcc /Users/runner/work/Reframe/Reframe/App/AutoReframe.xcodeproj -resource-dir /Applications/Xcode_16.2.app/Contents/Developer/Toolchains/XcodeDefault.xctoolchain/usr/lib/swift -enable-anonymous-context-mangled-names -file-compilation-dir /Users/runner/work/Reframe/Reframe/App/AutoReframe.xcodeproj -Xcc -D_LIBCPP_HARDENING_MODE\=_LIBCPP_HARDENING_MODE_DEBUG -Xcc -ivfsstatcache -Xcc /Users/runner/work/Reframe/Reframe/App/build/SDKStatCaches.noindex/iphonesimulator18.2-22C146-16b5fc1f628d844b188c57a1ba9d6a81.sdkstatcache -Xcc -I/Users/runner/work/Reframe/Reframe/App/build/Build/Intermediates.noindex/ReframeCore.build/Debug-iphonesimulator/ReframeCore.build/swift-overrides.hmap -Xcc -I/Users/runner/work/Reframe/Reframe/App/build/Build/Products/Debug-iphonesimulator/include -Xcc -I/Users/runner/work/Reframe/Reframe/App/build/Build/Intermediates.noindex/ReframeCore.build/Debug-iphonesimulator/ReframeCore.build/DerivedSources-normal/x86_64 -Xcc -I/Users/runner/work/Reframe/Reframe/App/build/Build/Intermediates.noindex/ReframeCore.build/Debug-iphonesimulator/ReframeCore.build/DerivedSources/x86_64 -Xcc -I/Users/runner/work/Reframe/Reframe/App/build/Build/Intermediates.noindex/ReframeCore.build/Debug-iphonesimulator/ReframeCore.build/DerivedSources -Xcc -DSWIFT_PACKAGE -Xcc -DDEBUG\=1 -module-name ReframeCore -package-name reframecore -frontend-parseable-output -disable-clang-spi -target-sdk-version 18.2 -target-sdk-name iphonesimulator18.2 -external-plugin-path /Applications/Xcode_16.2.app/Contents/Developer/Platforms/iPhoneOS.platform/Developer/usr/lib/swift/host/plugins\#/Applications/Xcode_16.2.app/Contents/Developer/Platforms/iPhoneOS.platform/Developer/usr/bin/swift-plugin-server -external-plugin-path /Applications/Xcode_16.2.app/Contents/Developer/Platforms/iPhoneOS.platform/Developer/usr/local/lib/swift/host/plugins\#/Applications/Xcode_16.2.app/Contents/Developer/Platforms/iPhoneOS.platform/Developer/usr/bin/swift-plugin-server -plugin-path /Applications/Xcode_16.2.app/Contents/Developer/Toolchains/XcodeDefault.xctoolchain/usr/lib/swift/host/plugins -plugin-path /Applications/Xcode_16.2.app/Contents/Developer/Toolchains/XcodeDefault.xctoolchain/usr/local/lib/swift/host/plugins -o /Users/runner/work/Reframe/Reframe/App/build/Build/Intermediates.noindex/ReframeCore.build/Debug-iphonesimulator/ReframeCore.build/Objects-normal/x86_64/CompositionRules.o -o /Users/runner/work/Reframe/Reframe/App/build/Build/Intermediates.noindex/ReframeCore.build/Debug-iphonesimulator/ReframeCore.build/Objects-normal/x86_64/ReframeMetrics.o -o /Users/runner/work/Reframe/Reframe/App/build/Build/Intermediates.noindex/ReframeCore.build/Debug-iphonesimulator/ReframeCore.build/Objects-normal/x86_64/CropGeometry.o -o /Users/runner/work/Reframe/Reframe/App/build/Build/Intermediates.noindex/ReframeCore.build/Debug-iphonesimulator/ReframeCore.build/Objects-normal/x86_64/CropPoint.o -index-unit-output-path /ReframeCore.build/Debug-iphonesimulator/ReframeCore.build/Objects-normal/x86_64/CompositionRules.o -index-unit-output-path /ReframeCore.build/Debug-iphonesimulator/ReframeCore.build/Objects-normal/x86_64/ReframeMetrics.o -index-unit-output-path /ReframeCore.build/Debug-iphonesimulator/ReframeCore.build/Objects-normal/x86_64/CropGeometry.o -index-unit-output-path /ReframeCore.build/Debug-iphonesimulator/ReframeCore.build/Objects-normal/x86_64/CropPoint.o -index-store-path /Users/runner/work/Reframe/Reframe/App/build/Index.noindex/DataStore -index-system-modules

SwiftCompile normal x86_64 /Users/runner/work/Reframe/Reframe/Packages/ReframeCore/Sources/ReframeCore/Models/CropPoint.swift (in target 'ReframeCore' from project 'ReframeCore')
    cd /Users/runner/work/Reframe/Reframe/App/AutoReframe.xcodeproj
    /Applications/Xcode_16.2.app/Contents/Developer/Toolchains/XcodeDefault.xctoolchain/usr/bin/swift-frontend -c -primary-file /Users/runner/work/Reframe/Reframe/Packages/ReframeCore/Sources/ReframeCore/CompositionRules.swift -primary-file /Users/runner/work/Reframe/Reframe/Packages/ReframeCore/Sources/ReframeCore/Metrics/ReframeMetrics.swift -primary-file /Users/runner/work/Reframe/Reframe/Packages/ReframeCore/Sources/ReframeCore/Models/CropGeometry.swift -primary-file /Users/runner/work/Reframe/Reframe/Packages/ReframeCore/Sources/ReframeCore/Models/CropPoint.swift /Users/runner/work/Reframe/Reframe/Packages/ReframeCore/Sources/ReframeCore/Models/ReframeSettings.swift /Users/runner/work/Reframe/Reframe/Packages/ReframeCore/Sources/ReframeCore/Models/TrackingPoint.swift /Users/runner/work/Reframe/Reframe/Packages/ReframeCore/Sources/ReframeCore/Pipeline/ReframePipeline.swift /Users/runner/work/Reframe/Reframe/Packages/ReframeCore/Sources/ReframeCore/ReframeEngine.swift /Users/runner/work/Reframe/Reframe/Packages/ReframeCore/Sources/ReframeCore/Smoothing/CriticallyDampedSpring.swift /Users/runner/work/Reframe/Reframe/Packages/ReframeCore/Sources/ReframeCore/Smoothing/OneEuroFilter.swift -supplementary-output-file-map /Users/runner/work/Reframe/Reframe/App/build/Build/Intermediates.noindex/ReframeCore.build/Debug-iphonesimulator/ReframeCore.build/Objects-normal/x86_64/supplementaryOutputs-2 -target x86_64-apple-ios16.0-simulator -enable-objc-interop -sdk /Applications/Xcode_16.2.app/Contents/Developer/Platforms/iPhoneSimulator.platform/Developer/SDKs/iPhoneSimulator18.2.sdk -I /Users/runner/work/Reframe/Reframe/App/build/Build/Products/Debug-iphonesimulator -I /Applications/Xcode_16.2.app/Contents/Developer/Platforms/iPhoneSimulator.platform/Developer/usr/lib -F /Users/runner/work/Reframe/Reframe/App/build/Build/Products/Debug-iphonesimulator -F /Applications/Xcode_16.2.app/Contents/Developer/Platforms/iPhoneSimulator.platform/Developer/Library/Frameworks -F /Applications/Xcode_16.2.app/Contents/Developer/Platforms/iPhoneSimulator.platform/Developer/SDKs/iPhoneSimulator18.2.sdk/Developer/Library/Frameworks -no-color-diagnostics -enable-testing -g -debug-info-format\=dwarf -dwarf-version\=4 -module-cache-path /Users/runner/work/Reframe/Reframe/App/build/ModuleCache.noindex -swift-version 5 -enforce-exclusivity\=checked -Onone -D SWIFT_PACKAGE -D DEBUG -D Xcode -serialize-debugging-options -const-gather-protocols-file /Users/runner/work/Reframe/Reframe/App/build/Build/Intermediates.noindex/ReframeCore.build/Debug-iphonesimulator/ReframeCore.build/Objects-normal/x86_64/ReframeCore_const_extract_protocols.json -enable-experimental-feature DebugDescriptionMacro -enable-experimental-feature OpaqueTypeErasure -empty-abi-descriptor -plugin-path /Applications/Xcode_16.2.app/Contents/Developer/Toolchains/XcodeDefault.xctoolchain/usr/lib/swift/host/plugins/testing -validate-clang-modules-once -clang-build-session-file /Users/runner/work/Reframe/Reframe/App/build/ModuleCache.noindex/Session.modulevalidation -Xcc -working-directory -Xcc /Users/runner/work/Reframe/Reframe/App/AutoReframe.xcodeproj -resource-dir /Applications/Xcode_16.2.app/Contents/Developer/Toolchains/XcodeDefault.xctoolchain/usr/lib/swift -enable-anonymous-context-mangled-names -file-compilation-dir /Users/runner/work/Reframe/Reframe/App/AutoReframe.xcodeproj -Xcc -D_LIBCPP_HARDENING_MODE\=_LIBCPP_HARDENING_MODE_DEBUG -Xcc -ivfsstatcache -Xcc /Users/runner/work/Reframe/Reframe/App/build/SDKStatCaches.noindex/iphonesimulator18.2-22C146-16b5fc1f628d844b188c57a1ba9d6a81.sdkstatcache -Xcc -I/Users/runner/work/Reframe/Reframe/App/build/Build/Intermediates.noindex/ReframeCore.build/Debug-iphonesimulator/ReframeCore.build/swift-overrides.hmap -Xcc -I/Users/runner/work/Reframe/Reframe/App/build/Build/Products/Debug-iphonesimulator/include -Xcc -I/Users/runner/work/Reframe/Reframe/App/build/Build/Intermediates.noindex/ReframeCore.build/Debug-iphonesimulator/ReframeCore.build/DerivedSources-normal/x86_64 -Xcc -I/Users/runner/work/Reframe/Reframe/App/build/Build/Intermediates.noindex/ReframeCore.build/Debug-iphonesimulator/ReframeCore.build/DerivedSources/x86_64 -Xcc -I/Users/runner/work/Reframe/Reframe/App/build/Build/Intermediates.noindex/ReframeCore.build/Debug-iphonesimulator/ReframeCore.build/DerivedSources -Xcc -DSWIFT_PACKAGE -Xcc -DDEBUG\=1 -module-name ReframeCore -package-name reframecore -frontend-parseable-output -disable-clang-spi -target-sdk-version 18.2 -target-sdk-name iphonesimulator18.2 -external-plugin-path /Applications/Xcode_16.2.app/Contents/Developer/Platforms/iPhoneOS.platform/Developer/usr/lib/swift/host/plugins\#/Applications/Xcode_16.2.app/Contents/Developer/Platforms/iPhoneOS.platform/Developer/usr/bin/swift-plugin-server -external-plugin-path /Applications/Xcode_16.2.app/Contents/Developer/Platforms/iPhoneOS.platform/Developer/usr/local/lib/swift/host/plugins\#/Applications/Xcode_16.2.app/Contents/Developer/Platforms/iPhoneOS.platform/Developer/usr/bin/swift-plugin-server -plugin-path /Applications/Xcode_16.2.app/Contents/Developer/Toolchains/XcodeDefault.xctoolchain/usr/lib/swift/host/plugins -plugin-path /Applications/Xcode_16.2.app/Contents/Developer/Toolchains/XcodeDefault.xctoolchain/usr/local/lib/swift/host/plugins -o /Users/runner/work/Reframe/Reframe/App/build/Build/Intermediates.noindex/ReframeCore.build/Debug-iphonesimulator/ReframeCore.build/Objects-normal/x86_64/CompositionRules.o -o /Users/runner/work/Reframe/Reframe/App/build/Build/Intermediates.noindex/ReframeCore.build/Debug-iphonesimulator/ReframeCore.build/Objects-normal/x86_64/ReframeMetrics.o -o /Users/runner/work/Reframe/Reframe/App/build/Build/Intermediates.noindex/ReframeCore.build/Debug-iphonesimulator/ReframeCore.build/Objects-normal/x86_64/CropGeometry.o -o /Users/runner/work/Reframe/Reframe/App/build/Build/Intermediates.noindex/ReframeCore.build/Debug-iphonesimulator/ReframeCore.build/Objects-normal/x86_64/CropPoint.o -index-unit-output-path /ReframeCore.build/Debug-iphonesimulator/ReframeCore.build/Objects-normal/x86_64/CompositionRules.o -index-unit-output-path /ReframeCore.build/Debug-iphonesimulator/ReframeCore.build/Objects-normal/x86_64/ReframeMetrics.o -index-unit-output-path /ReframeCore.build/Debug-iphonesimulator/ReframeCore.build/Objects-normal/x86_64/CropGeometry.o -index-unit-output-path /ReframeCore.build/Debug-iphonesimulator/ReframeCore.build/Objects-normal/x86_64/CropPoint.o -index-store-path /Users/runner/work/Reframe/Reframe/App/build/Index.noindex/DataStore -index-system-modules

SwiftCompile normal x86_64 Compiling\ ReframeSettings.swift,\ TrackingPoint.swift,\ ReframePipeline.swift /Users/runner/work/Reframe/Reframe/Packages/ReframeCore/Sources/ReframeCore/Models/ReframeSettings.swift /Users/runner/work/Reframe/Reframe/Packages/ReframeCore/Sources/ReframeCore/Models/TrackingPoint.swift /Users/runner/work/Reframe/Reframe/Packages/ReframeCore/Sources/ReframeCore/Pipeline/ReframePipeline.swift (in target 'ReframeCore' from project 'ReframeCore')
    cd /Users/runner/work/Reframe/Reframe/App/AutoReframe.xcodeproj
    builtin-swiftTaskExecution -- /Applications/Xcode_16.2.app/Contents/Developer/Toolchains/XcodeDefault.xctoolchain/usr/bin/swift-frontend -frontend -c /Users/runner/work/Reframe/Reframe/Packages/ReframeCore/Sources/ReframeCore/CompositionRules.swift /Users/runner/work/Reframe/Reframe/Packages/ReframeCore/Sources/ReframeCore/Metrics/ReframeMetrics.swift /Users/runner/work/Reframe/Reframe/Packages/ReframeCore/Sources/ReframeCore/Models/CropGeometry.swift /Users/runner/work/Reframe/Reframe/Packages/ReframeCore/Sources/ReframeCore/Models/CropPoint.swift -primary-file /Users/runner/work/Reframe/Reframe/Packages/ReframeCore/Sources/ReframeCore/Models/ReframeSettings.swift -primary-file /Users/runner/work/Reframe/Reframe/Packages/ReframeCore/Sources/ReframeCore/Models/TrackingPoint.swift -primary-file /Users/runner/work/Reframe/Reframe/Packages/ReframeCore/Sources/ReframeCore/Pipeline/ReframePipeline.swift /Users/runner/work/Reframe/Reframe/Packages/ReframeCore/Sources/ReframeCore/ReframeEngine.swift /Users/runner/work/Reframe/Reframe/Packages/ReframeCore/Sources/ReframeCore/Smoothing/CriticallyDampedSpring.swift /Users/runner/work/Reframe/Reframe/Packages/ReframeCore/Sources/ReframeCore/Smoothing/OneEuroFilter.swift -supplementary-output-file-map /Users/runner/work/Reframe/Reframe/App/build/Build/Intermediates.noindex/ReframeCore.build/Debug-iphonesimulator/ReframeCore.build/Objects-normal/x86_64/supplementaryOutputs-3 -target x86_64-apple-ios16.0-simulator -enable-objc-interop -sdk /Applications/Xcode_16.2.app/Contents/Developer/Platforms/iPhoneSimulator.platform/Developer/SDKs/iPhoneSimulator18.2.sdk -I /Users/runner/work/Reframe/Reframe/App/build/Build/Products/Debug-iphonesimulator -I /Applications/Xcode_16.2.app/Contents/Developer/Platforms/iPhoneSimulator.platform/Developer/usr/lib -F /Users/runner/work/Reframe/Reframe/App/build/Build/Products/Debug-iphonesimulator -F /Applications/Xcode_16.2.app/Contents/Developer/Platforms/iPhoneSimulator.platform/Developer/Library/Frameworks -F /Applications/Xcode_16.2.app/Contents/Developer/Platforms/iPhoneSimulator.platform/Developer/SDKs/iPhoneSimulator18.2.sdk/Developer/Library/Frameworks -no-color-diagnostics -enable-testing -g -debug-info-format\=dwarf -dwarf-version\=4 -module-cache-path /Users/runner/work/Reframe/Reframe/App/build/ModuleCache.noindex -swift-version 5 -enforce-exclusivity\=checked -Onone -D SWIFT_PACKAGE -D DEBUG -D Xcode -serialize-debugging-options -const-gather-protocols-file /Users/runner/work/Reframe/Reframe/App/build/Build/Intermediates.noindex/ReframeCore.build/Debug-iphonesimulator/ReframeCore.build/Objects-normal/x86_64/ReframeCore_const_extract_protocols.json -enable-experimental-feature DebugDescriptionMacro -enable-experimental-feature OpaqueTypeErasure -empty-abi-descriptor -plugin-path /Applications/Xcode_16.2.app/Contents/Developer/Toolchains/XcodeDefault.xctoolchain/usr/lib/swift/host/plugins/testing -validate-clang-modules-once -clang-build-session-file /Users/runner/work/Reframe/Reframe/App/build/ModuleCache.noindex/Session.modulevalidation -Xcc -working-directory -Xcc /Users/runner/work/Reframe/Reframe/App/AutoReframe.xcodeproj -resource-dir /Applications/Xcode_16.2.app/Contents/Developer/Toolchains/XcodeDefault.xctoolchain/usr/lib/swift -enable-anonymous-context-mangled-names -file-compilation-dir /Users/runner/work/Reframe/Reframe/App/AutoReframe.xcodeproj -Xcc -D_LIBCPP_HARDENING_MODE\=_LIBCPP_HARDENING_MODE_DEBUG -Xcc -ivfsstatcache -Xcc /Users/runner/work/Reframe/Reframe/App/build/SDKStatCaches.noindex/iphonesimulator18.2-22C146-16b5fc1f628d844b188c57a1ba9d6a81.sdkstatcache -Xcc -I/Users/runner/work/Reframe/Reframe/App/build/Build/Intermediates.noindex/ReframeCore.build/Debug-iphonesimulator/ReframeCore.build/swift-overrides.hmap -Xcc -I/Users/runner/work/Reframe/Reframe/App/build/Build/Products/Debug-iphonesimulator/include -Xcc -I/Users/runner/work/Reframe/Reframe/App/build/Build/Intermediates.noindex/ReframeCore.build/Debug-iphonesimulator/ReframeCore.build/DerivedSources-normal/x86_64 -Xcc -I/Users/runner/work/Reframe/Reframe/App/build/Build/Intermediates.noindex/ReframeCore.build/Debug-iphonesimulator/ReframeCore.build/DerivedSources/x86_64 -Xcc -I/Users/runner/work/Reframe/Reframe/App/build/Build/Intermediates.noindex/ReframeCore.build/Debug-iphonesimulator/ReframeCore.build/DerivedSources -Xcc -DSWIFT_PACKAGE -Xcc -DDEBUG\=1 -module-name ReframeCore -package-name reframecore -frontend-parseable-output -disable-clang-spi -target-sdk-version 18.2 -target-sdk-name iphonesimulator18.2 -external-plugin-path /Applications/Xcode_16.2.app/Contents/Developer/Platforms/iPhoneOS.platform/Developer/usr/lib/swift/host/plugins\#/Applications/Xcode_16.2.app/Contents/Developer/Platforms/iPhoneOS.platform/Developer/usr/bin/swift-plugin-server -external-plugin-path /Applications/Xcode_16.2.app/Contents/Developer/Platforms/iPhoneOS.platform/Developer/usr/local/lib/swift/host/plugins\#/Applications/Xcode_16.2.app/Contents/Developer/Platforms/iPhoneOS.platform/Developer/usr/bin/swift-plugin-server -plugin-path /Applications/Xcode_16.2.app/Contents/Developer/Toolchains/XcodeDefault.xctoolchain/usr/lib/swift/host/plugins -plugin-path /Applications/Xcode_16.2.app/Contents/Developer/Toolchains/XcodeDefault.xctoolchain/usr/local/lib/swift/host/plugins -o /Users/runner/work/Reframe/Reframe/App/build/Build/Intermediates.noindex/ReframeCore.build/Debug-iphonesimulator/ReframeCore.build/Objects-normal/x86_64/ReframeSettings.o -o /Users/runner/work/Reframe/Reframe/App/build/Build/Intermediates.noindex/ReframeCore.build/Debug-iphonesimulator/ReframeCore.build/Objects-normal/x86_64/TrackingPoint.o -o /Users/runner/work/Reframe/Reframe/App/build/Build/Intermediates.noindex/ReframeCore.build/Debug-iphonesimulator/ReframeCore.build/Objects-normal/x86_64/ReframePipeline.o -index-unit-output-path /ReframeCore.build/Debug-iphonesimulator/ReframeCore.build/Objects-normal/x86_64/ReframeSettings.o -index-unit-output-path /ReframeCore.build/Debug-iphonesimulator/ReframeCore.build/Objects-normal/x86_64/TrackingPoint.o -index-unit-output-path /ReframeCore.build/Debug-iphonesimulator/ReframeCore.build/Objects-normal/x86_64/ReframePipeline.o -index-store-path /Users/runner/work/Reframe/Reframe/App/build/Index.noindex/DataStore -index-system-modules

SwiftCompile normal x86_64 /Users/runner/work/Reframe/Reframe/Packages/ReframeCore/Sources/ReframeCore/Models/ReframeSettings.swift (in target 'ReframeCore' from project 'ReframeCore')
    cd /Users/runner/work/Reframe/Reframe/App/AutoReframe.xcodeproj
    /Applications/Xcode_16.2.app/Contents/Developer/Toolchains/XcodeDefault.xctoolchain/usr/bin/swift-frontend -c /Users/runner/work/Reframe/Reframe/Packages/ReframeCore/Sources/ReframeCore/CompositionRules.swift /Users/runner/work/Reframe/Reframe/Packages/ReframeCore/Sources/ReframeCore/Metrics/ReframeMetrics.swift /Users/runner/work/Reframe/Reframe/Packages/ReframeCore/Sources/ReframeCore/Models/CropGeometry.swift /Users/runner/work/Reframe/Reframe/Packages/ReframeCore/Sources/ReframeCore/Models/CropPoint.swift -primary-file /Users/runner/work/Reframe/Reframe/Packages/ReframeCore/Sources/ReframeCore/Models/ReframeSettings.swift -primary-file /Users/runner/work/Reframe/Reframe/Packages/ReframeCore/Sources/ReframeCore/Models/TrackingPoint.swift -primary-file /Users/runner/work/Reframe/Reframe/Packages/ReframeCore/Sources/ReframeCore/Pipeline/ReframePipeline.swift /Users/runner/work/Reframe/Reframe/Packages/ReframeCore/Sources/ReframeCore/ReframeEngine.swift /Users/runner/work/Reframe/Reframe/Packages/ReframeCore/Sources/ReframeCore/Smoothing/CriticallyDampedSpring.swift /Users/runner/work/Reframe/Reframe/Packages/ReframeCore/Sources/ReframeCore/Smoothing/OneEuroFilter.swift -supplementary-output-file-map /Users/runner/work/Reframe/Reframe/App/build/Build/Intermediates.noindex/ReframeCore.build/Debug-iphonesimulator/ReframeCore.build/Objects-normal/x86_64/supplementaryOutputs-3 -target x86_64-apple-ios16.0-simulator -enable-objc-interop -sdk /Applications/Xcode_16.2.app/Contents/Developer/Platforms/iPhoneSimulator.platform/Developer/SDKs/iPhoneSimulator18.2.sdk -I /Users/runner/work/Reframe/Reframe/App/build/Build/Products/Debug-iphonesimulator -I /Applications/Xcode_16.2.app/Contents/Developer/Platforms/iPhoneSimulator.platform/Developer/usr/lib -F /Users/runner/work/Reframe/Reframe/App/build/Build/Products/Debug-iphonesimulator -F /Applications/Xcode_16.2.app/Contents/Developer/Platforms/iPhoneSimulator.platform/Developer/Library/Frameworks -F /Applications/Xcode_16.2.app/Contents/Developer/Platforms/iPhoneSimulator.platform/Developer/SDKs/iPhoneSimulator18.2.sdk/Developer/Library/Frameworks -no-color-diagnostics -enable-testing -g -debug-info-format\=dwarf -dwarf-version\=4 -module-cache-path /Users/runner/work/Reframe/Reframe/App/build/ModuleCache.noindex -swift-version 5 -enforce-exclusivity\=checked -Onone -D SWIFT_PACKAGE -D DEBUG -D Xcode -serialize-debugging-options -const-gather-protocols-file /Users/runner/work/Reframe/Reframe/App/build/Build/Intermediates.noindex/ReframeCore.build/Debug-iphonesimulator/ReframeCore.build/Objects-normal/x86_64/ReframeCore_const_extract_protocols.json -enable-experimental-feature DebugDescriptionMacro -enable-experimental-feature OpaqueTypeErasure -empty-abi-descriptor -plugin-path /Applications/Xcode_16.2.app/Contents/Developer/Toolchains/XcodeDefault.xctoolchain/usr/lib/swift/host/plugins/testing -validate-clang-modules-once -clang-build-session-file /Users/runner/work/Reframe/Reframe/App/build/ModuleCache.noindex/Session.modulevalidation -Xcc -working-directory -Xcc /Users/runner/work/Reframe/Reframe/App/AutoReframe.xcodeproj -resource-dir /Applications/Xcode_16.2.app/Contents/Developer/Toolchains/XcodeDefault.xctoolchain/usr/lib/swift -enable-anonymous-context-mangled-names -file-compilation-dir /Users/runner/work/Reframe/Reframe/App/AutoReframe.xcodeproj -Xcc -D_LIBCPP_HARDENING_MODE\=_LIBCPP_HARDENING_MODE_DEBUG -Xcc -ivfsstatcache -Xcc /Users/runner/work/Reframe/Reframe/App/build/SDKStatCaches.noindex/iphonesimulator18.2-22C146-16b5fc1f628d844b188c57a1ba9d6a81.sdkstatcache -Xcc -I/Users/runner/work/Reframe/Reframe/App/build/Build/Intermediates.noindex/ReframeCore.build/Debug-iphonesimulator/ReframeCore.build/swift-overrides.hmap -Xcc -I/Users/runner/work/Reframe/Reframe/App/build/Build/Products/Debug-iphonesimulator/include -Xcc -I/Users/runner/work/Reframe/Reframe/App/build/Build/Intermediates.noindex/ReframeCore.build/Debug-iphonesimulator/ReframeCore.build/DerivedSources-normal/x86_64 -Xcc -I/Users/runner/work/Reframe/Reframe/App/build/Build/Intermediates.noindex/ReframeCore.build/Debug-iphonesimulator/ReframeCore.build/DerivedSources/x86_64 -Xcc -I/Users/runner/work/Reframe/Reframe/App/build/Build/Intermediates.noindex/ReframeCore.build/Debug-iphonesimulator/ReframeCore.build/DerivedSources -Xcc -DSWIFT_PACKAGE -Xcc -DDEBUG\=1 -module-name ReframeCore -package-name reframecore -frontend-parseable-output -disable-clang-spi -target-sdk-version 18.2 -target-sdk-name iphonesimulator18.2 -external-plugin-path /Applications/Xcode_16.2.app/Contents/Developer/Platforms/iPhoneOS.platform/Developer/usr/lib/swift/host/plugins\#/Applications/Xcode_16.2.app/Contents/Developer/Platforms/iPhoneOS.platform/Developer/usr/bin/swift-plugin-server -external-plugin-path /Applications/Xcode_16.2.app/Contents/Developer/Platforms/iPhoneOS.platform/Developer/usr/local/lib/swift/host/plugins\#/Applications/Xcode_16.2.app/Contents/Developer/Platforms/iPhoneOS.platform/Developer/usr/bin/swift-plugin-server -plugin-path /Applications/Xcode_16.2.app/Contents/Developer/Toolchains/XcodeDefault.xctoolchain/usr/lib/swift/host/plugins -plugin-path /Applications/Xcode_16.2.app/Contents/Developer/Toolchains/XcodeDefault.xctoolchain/usr/local/lib/swift/host/plugins -o /Users/runner/work/Reframe/Reframe/App/build/Build/Intermediates.noindex/ReframeCore.build/Debug-iphonesimulator/ReframeCore.build/Objects-normal/x86_64/ReframeSettings.o -o /Users/runner/work/Reframe/Reframe/App/build/Build/Intermediates.noindex/ReframeCore.build/Debug-iphonesimulator/ReframeCore.build/Objects-normal/x86_64/TrackingPoint.o -o /Users/runner/work/Reframe/Reframe/App/build/Build/Intermediates.noindex/ReframeCore.build/Debug-iphonesimulator/ReframeCore.build/Objects-normal/x86_64/ReframePipeline.o -index-unit-output-path /ReframeCore.build/Debug-iphonesimulator/ReframeCore.build/Objects-normal/x86_64/ReframeSettings.o -index-unit-output-path /ReframeCore.build/Debug-iphonesimulator/ReframeCore.build/Objects-normal/x86_64/TrackingPoint.o -index-unit-output-path /ReframeCore.build/Debug-iphonesimulator/ReframeCore.build/Objects-normal/x86_64/ReframePipeline.o -index-store-path /Users/runner/work/Reframe/Reframe/App/build/Index.noindex/DataStore -index-system-modules

SwiftCompile normal x86_64 /Users/runner/work/Reframe/Reframe/Packages/ReframeCore/Sources/ReframeCore/Models/TrackingPoint.swift (in target 'ReframeCore' from project 'ReframeCore')
    cd /Users/runner/work/Reframe/Reframe/App/AutoReframe.xcodeproj
    /Applications/Xcode_16.2.app/Contents/Developer/Toolchains/XcodeDefault.xctoolchain/usr/bin/swift-frontend -c /Users/runner/work/Reframe/Reframe/Packages/ReframeCore/Sources/ReframeCore/CompositionRules.swift /Users/runner/work/Reframe/Reframe/Packages/ReframeCore/Sources/ReframeCore/Metrics/ReframeMetrics.swift /Users/runner/work/Reframe/Reframe/Packages/ReframeCore/Sources/ReframeCore/Models/CropGeometry.swift /Users/runner/work/Reframe/Reframe/Packages/ReframeCore/Sources/ReframeCore/Models/CropPoint.swift -primary-file /Users/runner/work/Reframe/Reframe/Packages/ReframeCore/Sources/ReframeCore/Models/ReframeSettings.swift -primary-file /Users/runner/work/Reframe/Reframe/Packages/ReframeCore/Sources/ReframeCore/Models/TrackingPoint.swift -primary-file /Users/runner/work/Reframe/Reframe/Packages/ReframeCore/Sources/ReframeCore/Pipeline/ReframePipeline.swift /Users/runner/work/Reframe/Reframe/Packages/ReframeCore/Sources/ReframeCore/ReframeEngine.swift /Users/runner/work/Reframe/Reframe/Packages/ReframeCore/Sources/ReframeCore/Smoothing/CriticallyDampedSpring.swift /Users/runner/work/Reframe/Reframe/Packages/ReframeCore/Sources/ReframeCore/Smoothing/OneEuroFilter.swift -supplementary-output-file-map /Users/runner/work/Reframe/Reframe/App/build/Build/Intermediates.noindex/ReframeCore.build/Debug-iphonesimulator/ReframeCore.build/Objects-normal/x86_64/supplementaryOutputs-3 -target x86_64-apple-ios16.0-simulator -enable-objc-interop -sdk /Applications/Xcode_16.2.app/Contents/Developer/Platforms/iPhoneSimulator.platform/Developer/SDKs/iPhoneSimulator18.2.sdk -I /Users/runner/work/Reframe/Reframe/App/build/Build/Products/Debug-iphonesimulator -I /Applications/Xcode_16.2.app/Contents/Developer/Platforms/iPhoneSimulator.platform/Developer/usr/lib -F /Users/runner/work/Reframe/Reframe/App/build/Build/Products/Debug-iphonesimulator -F /Applications/Xcode_16.2.app/Contents/Developer/Platforms/iPhoneSimulator.platform/Developer/Library/Frameworks -F /Applications/Xcode_16.2.app/Contents/Developer/Platforms/iPhoneSimulator.platform/Developer/SDKs/iPhoneSimulator18.2.sdk/Developer/Library/Frameworks -no-color-diagnostics -enable-testing -g -debug-info-format\=dwarf -dwarf-version\=4 -module-cache-path /Users/runner/work/Reframe/Reframe/App/build/ModuleCache.noindex -swift-version 5 -enforce-exclusivity\=checked -Onone -D SWIFT_PACKAGE -D DEBUG -D Xcode -serialize-debugging-options -const-gather-protocols-file /Users/runner/work/Reframe/Reframe/App/build/Build/Intermediates.noindex/ReframeCore.build/Debug-iphonesimulator/ReframeCore.build/Objects-normal/x86_64/ReframeCore_const_extract_protocols.json -enable-experimental-feature DebugDescriptionMacro -enable-experimental-feature OpaqueTypeErasure -empty-abi-descriptor -plugin-path /Applications/Xcode_16.2.app/Contents/Developer/Toolchains/XcodeDefault.xctoolchain/usr/lib/swift/host/plugins/testing -validate-clang-modules-once -clang-build-session-file /Users/runner/work/Reframe/Reframe/App/build/ModuleCache.noindex/Session.modulevalidation -Xcc -working-directory -Xcc /Users/runner/work/Reframe/Reframe/App/AutoReframe.xcodeproj -resource-dir /Applications/Xcode_16.2.app/Contents/Developer/Toolchains/XcodeDefault.xctoolchain/usr/lib/swift -enable-anonymous-context-mangled-names -file-compilation-dir /Users/runner/work/Reframe/Reframe/App/AutoReframe.xcodeproj -Xcc -D_LIBCPP_HARDENING_MODE\=_LIBCPP_HARDENING_MODE_DEBUG -Xcc -ivfsstatcache -Xcc /Users/runner/work/Reframe/Reframe/App/build/SDKStatCaches.noindex/iphonesimulator18.2-22C146-16b5fc1f628d844b188c57a1ba9d6a81.sdkstatcache -Xcc -I/Users/runner/work/Reframe/Reframe/App/build/Build/Intermediates.noindex/ReframeCore.build/Debug-iphonesimulator/ReframeCore.build/swift-overrides.hmap -Xcc -I/Users/runner/work/Reframe/Reframe/App/build/Build/Products/Debug-iphonesimulator/include -Xcc -I/Users/runner/work/Reframe/Reframe/App/build/Build/Intermediates.noindex/ReframeCore.build/Debug-iphonesimulator/ReframeCore.build/DerivedSources-normal/x86_64 -Xcc -I/Users/runner/work/Reframe/Reframe/App/build/Build/Intermediates.noindex/ReframeCore.build/Debug-iphonesimulator/ReframeCore.build/DerivedSources/x86_64 -Xcc -I/Users/runner/work/Reframe/Reframe/App/build/Build/Intermediates.noindex/ReframeCore.build/Debug-iphonesimulator/ReframeCore.build/DerivedSources -Xcc -DSWIFT_PACKAGE -Xcc -DDEBUG\=1 -module-name ReframeCore -package-name reframecore -frontend-parseable-output -disable-clang-spi -target-sdk-version 18.2 -target-sdk-name iphonesimulator18.2 -external-plugin-path /Applications/Xcode_16.2.app/Contents/Developer/Platforms/iPhoneOS.platform/Developer/usr/lib/swift/host/plugins\#/Applications/Xcode_16.2.app/Contents/Developer/Platforms/iPhoneOS.platform/Developer/usr/bin/swift-plugin-server -external-plugin-path /Applications/Xcode_16.2.app/Contents/Developer/Platforms/iPhoneOS.platform/Developer/usr/local/lib/swift/host/plugins\#/Applications/Xcode_16.2.app/Contents/Developer/Platforms/iPhoneOS.platform/Developer/usr/bin/swift-plugin-server -plugin-path /Applications/Xcode_16.2.app/Contents/Developer/Toolchains/XcodeDefault.xctoolchain/usr/lib/swift/host/plugins -plugin-path /Applications/Xcode_16.2.app/Contents/Developer/Toolchains/XcodeDefault.xctoolchain/usr/local/lib/swift/host/plugins -o /Users/runner/work/Reframe/Reframe/App/build/Build/Intermediates.noindex/ReframeCore.build/Debug-iphonesimulator/ReframeCore.build/Objects-normal/x86_64/ReframeSettings.o -o /Users/runner/work/Reframe/Reframe/App/build/Build/Intermediates.noindex/ReframeCore.build/Debug-iphonesimulator/ReframeCore.build/Objects-normal/x86_64/TrackingPoint.o -o /Users/runner/work/Reframe/Reframe/App/build/Build/Intermediates.noindex/ReframeCore.build/Debug-iphonesimulator/ReframeCore.build/Objects-normal/x86_64/ReframePipeline.o -index-unit-output-path /ReframeCore.build/Debug-iphonesimulator/ReframeCore.build/Objects-normal/x86_64/ReframeSettings.o -index-unit-output-path /ReframeCore.build/Debug-iphonesimulator/ReframeCore.build/Objects-normal/x86_64/TrackingPoint.o -index-unit-output-path /ReframeCore.build/Debug-iphonesimulator/ReframeCore.build/Objects-normal/x86_64/ReframePipeline.o -index-store-path /Users/runner/work/Reframe/Reframe/App/build/Index.noindex/DataStore -index-system-modules

SwiftCompile normal x86_64 /Users/runner/work/Reframe/Reframe/Packages/ReframeCore/Sources/ReframeCore/Pipeline/ReframePipeline.swift (in target 'ReframeCore' from project 'ReframeCore')
    cd /Users/runner/work/Reframe/Reframe/App/AutoReframe.xcodeproj
    /Applications/Xcode_16.2.app/Contents/Developer/Toolchains/XcodeDefault.xctoolchain/usr/bin/swift-frontend -c /Users/runner/work/Reframe/Reframe/Packages/ReframeCore/Sources/ReframeCore/CompositionRules.swift /Users/runner/work/Reframe/Reframe/Packages/ReframeCore/Sources/ReframeCore/Metrics/ReframeMetrics.swift /Users/runner/work/Reframe/Reframe/Packages/ReframeCore/Sources/ReframeCore/Models/CropGeometry.swift /Users/runner/work/Reframe/Reframe/Packages/ReframeCore/Sources/ReframeCore/Models/CropPoint.swift -primary-file /Users/runner/work/Reframe/Reframe/Packages/ReframeCore/Sources/ReframeCore/Models/ReframeSettings.swift -primary-file /Users/runner/work/Reframe/Reframe/Packages/ReframeCore/Sources/ReframeCore/Models/TrackingPoint.swift -primary-file /Users/runner/work/Reframe/Reframe/Packages/ReframeCore/Sources/ReframeCore/Pipeline/ReframePipeline.swift /Users/runner/work/Reframe/Reframe/Packages/ReframeCore/Sources/ReframeCore/ReframeEngine.swift /Users/runner/work/Reframe/Reframe/Packages/ReframeCore/Sources/ReframeCore/Smoothing/CriticallyDampedSpring.swift /Users/runner/work/Reframe/Reframe/Packages/ReframeCore/Sources/ReframeCore/Smoothing/OneEuroFilter.swift -supplementary-output-file-map /Users/runner/work/Reframe/Reframe/App/build/Build/Intermediates.noindex/ReframeCore.build/Debug-iphonesimulator/ReframeCore.build/Objects-normal/x86_64/supplementaryOutputs-3 -target x86_64-apple-ios16.0-simulator -enable-objc-interop -sdk /Applications/Xcode_16.2.app/Contents/Developer/Platforms/iPhoneSimulator.platform/Developer/SDKs/iPhoneSimulator18.2.sdk -I /Users/runner/work/Reframe/Reframe/App/build/Build/Products/Debug-iphonesimulator -I /Applications/Xcode_16.2.app/Contents/Developer/Platforms/iPhoneSimulator.platform/Developer/usr/lib -F /Users/runner/work/Reframe/Reframe/App/build/Build/Products/Debug-iphonesimulator -F /Applications/Xcode_16.2.app/Contents/Developer/Platforms/iPhoneSimulator.platform/Developer/Library/Frameworks -F /Applications/Xcode_16.2.app/Contents/Developer/Platforms/iPhoneSimulator.platform/Developer/SDKs/iPhoneSimulator18.2.sdk/Developer/Library/Frameworks -no-color-diagnostics -enable-testing -g -debug-info-format\=dwarf -dwarf-version\=4 -module-cache-path /Users/runner/work/Reframe/Reframe/App/build/ModuleCache.noindex -swift-version 5 -enforce-exclusivity\=checked -Onone -D SWIFT_PACKAGE -D DEBUG -D Xcode -serialize-debugging-options -const-gather-protocols-file /Users/runner/work/Reframe/Reframe/App/build/Build/Intermediates.noindex/ReframeCore.build/Debug-iphonesimulator/ReframeCore.build/Objects-normal/x86_64/ReframeCore_const_extract_protocols.json -enable-experimental-feature DebugDescriptionMacro -enable-experimental-feature OpaqueTypeErasure -empty-abi-descriptor -plugin-path /Applications/Xcode_16.2.app/Contents/Developer/Toolchains/XcodeDefault.xctoolchain/usr/lib/swift/host/plugins/testing -validate-clang-modules-once -clang-build-session-file /Users/runner/work/Reframe/Reframe/App/build/ModuleCache.noindex/Session.modulevalidation -Xcc -working-directory -Xcc /Users/runner/work/Reframe/Reframe/App/AutoReframe.xcodeproj -resource-dir /Applications/Xcode_16.2.app/Contents/Developer/Toolchains/XcodeDefault.xctoolchain/usr/lib/swift -enable-anonymous-context-mangled-names -file-compilation-dir /Users/runner/work/Reframe/Reframe/App/AutoReframe.xcodeproj -Xcc -D_LIBCPP_HARDENING_MODE\=_LIBCPP_HARDENING_MODE_DEBUG -Xcc -ivfsstatcache -Xcc /Users/runner/work/Reframe/Reframe/App/build/SDKStatCaches.noindex/iphonesimulator18.2-22C146-16b5fc1f628d844b188c57a1ba9d6a81.sdkstatcache -Xcc -I/Users/runner/work/Reframe/Reframe/App/build/Build/Intermediates.noindex/ReframeCore.build/Debug-iphonesimulator/ReframeCore.build/swift-overrides.hmap -Xcc -I/Users/runner/work/Reframe/Reframe/App/build/Build/Products/Debug-iphonesimulator/include -Xcc -I/Users/runner/work/Reframe/Reframe/App/build/Build/Intermediates.noindex/ReframeCore.build/Debug-iphonesimulator/ReframeCore.build/DerivedSources-normal/x86_64 -Xcc -I/Users/runner/work/Reframe/Reframe/App/build/Build/Intermediates.noindex/ReframeCore.build/Debug-iphonesimulator/ReframeCore.build/DerivedSources/x86_64 -Xcc -I/Users/runner/work/Reframe/Reframe/App/build/Build/Intermediates.noindex/ReframeCore.build/Debug-iphonesimulator/ReframeCore.build/DerivedSources -Xcc -DSWIFT_PACKAGE -Xcc -DDEBUG\=1 -module-name ReframeCore -package-name reframecore -frontend-parseable-output -disable-clang-spi -target-sdk-version 18.2 -target-sdk-name iphonesimulator18.2 -external-plugin-path /Applications/Xcode_16.2.app/Contents/Developer/Platforms/iPhoneOS.platform/Developer/usr/lib/swift/host/plugins\#/Applications/Xcode_16.2.app/Contents/Developer/Platforms/iPhoneOS.platform/Developer/usr/bin/swift-plugin-server -external-plugin-path /Applications/Xcode_16.2.app/Contents/Developer/Platforms/iPhoneOS.platform/Developer/usr/local/lib/swift/host/plugins\#/Applications/Xcode_16.2.app/Contents/Developer/Platforms/iPhoneOS.platform/Developer/usr/bin/swift-plugin-server -plugin-path /Applications/Xcode_16.2.app/Contents/Developer/Toolchains/XcodeDefault.xctoolchain/usr/lib/swift/host/plugins -plugin-path /Applications/Xcode_16.2.app/Contents/Developer/Toolchains/XcodeDefault.xctoolchain/usr/local/lib/swift/host/plugins -o /Users/runner/work/Reframe/Reframe/App/build/Build/Intermediates.noindex/ReframeCore.build/Debug-iphonesimulator/ReframeCore.build/Objects-normal/x86_64/ReframeSettings.o -o /Users/runner/work/Reframe/Reframe/App/build/Build/Intermediates.noindex/ReframeCore.build/Debug-iphonesimulator/ReframeCore.build/Objects-normal/x86_64/TrackingPoint.o -o /Users/runner/work/Reframe/Reframe/App/build/Build/Intermediates.noindex/ReframeCore.build/Debug-iphonesimulator/ReframeCore.build/Objects-normal/x86_64/ReframePipeline.o -index-unit-output-path /ReframeCore.build/Debug-iphonesimulator/ReframeCore.build/Objects-normal/x86_64/ReframeSettings.o -index-unit-output-path /ReframeCore.build/Debug-iphonesimulator/ReframeCore.build/Objects-normal/x86_64/TrackingPoint.o -index-unit-output-path /ReframeCore.build/Debug-iphonesimulator/ReframeCore.build/Objects-normal/x86_64/ReframePipeline.o -index-store-path /Users/runner/work/Reframe/Reframe/App/build/Index.noindex/DataStore -index-system-modules

SwiftDriverJobDiscovery normal arm64 Emitting module for ReframeCore (in target 'ReframeCore' from project 'ReframeCore')

SwiftCompile normal arm64 Compiling\ CompositionRules.swift,\ ReframeMetrics.swift,\ CropGeometry.swift,\ CropPoint.swift /Users/runner/work/Reframe/Reframe/Packages/ReframeCore/Sources/ReframeCore/CompositionRules.swift /Users/runner/work/Reframe/Reframe/Packages/ReframeCore/Sources/ReframeCore/Metrics/ReframeMetrics.swift /Users/runner/work/Reframe/Reframe/Packages/ReframeCore/Sources/ReframeCore/Models/CropGeometry.swift /Users/runner/work/Reframe/Reframe/Packages/ReframeCore/Sources/ReframeCore/Models/CropPoint.swift (in target 'ReframeCore' from project 'ReframeCore')
    cd /Users/runner/work/Reframe/Reframe/App/AutoReframe.xcodeproj
    builtin-swiftTaskExecution -- /Applications/Xcode_16.2.app/Contents/Developer/Toolchains/XcodeDefault.xctoolchain/usr/bin/swift-frontend -frontend -c -primary-file /Users/runner/work/Reframe/Reframe/Packages/ReframeCore/Sources/ReframeCore/CompositionRules.swift -primary-file /Users/runner/work/Reframe/Reframe/Packages/ReframeCore/Sources/ReframeCore/Metrics/ReframeMetrics.swift -primary-file /Users/runner/work/Reframe/Reframe/Packages/ReframeCore/Sources/ReframeCore/Models/CropGeometry.swift -primary-file /Users/runner/work/Reframe/Reframe/Packages/ReframeCore/Sources/ReframeCore/Models/CropPoint.swift /Users/runner/work/Reframe/Reframe/Packages/ReframeCore/Sources/ReframeCore/Models/ReframeSettings.swift /Users/runner/work/Reframe/Reframe/Packages/ReframeCore/Sources/ReframeCore/Models/TrackingPoint.swift /Users/runner/work/Reframe/Reframe/Packages/ReframeCore/Sources/ReframeCore/Pipeline/ReframePipeline.swift /Users/runner/work/Reframe/Reframe/Packages/ReframeCore/Sources/ReframeCore/ReframeEngine.swift /Users/runner/work/Reframe/Reframe/Packages/ReframeCore/Sources/ReframeCore/Smoothing/CriticallyDampedSpring.swift /Users/runner/work/Reframe/Reframe/Packages/ReframeCore/Sources/ReframeCore/Smoothing/OneEuroFilter.swift -supplementary-output-file-map /Users/runner/work/Reframe/Reframe/App/build/Build/Intermediates.noindex/ReframeCore.build/Debug-iphonesimulator/ReframeCore.build/Objects-normal/arm64/supplementaryOutputs-1 -target arm64-apple-ios16.0-simulator -Xllvm -aarch64-use-tbi -enable-objc-interop -sdk /Applications/Xcode_16.2.app/Contents/Developer/Platforms/iPhoneSimulator.platform/Developer/SDKs/iPhoneSimulator18.2.sdk -I /Users/runner/work/Reframe/Reframe/App/build/Build/Products/Debug-iphonesimulator -I /Applications/Xcode_16.2.app/Contents/Developer/Platforms/iPhoneSimulator.platform/Developer/usr/lib -F /Users/runner/work/Reframe/Reframe/App/build/Build/Products/Debug-iphonesimulator -F /Applications/Xcode_16.2.app/Contents/Developer/Platforms/iPhoneSimulator.platform/Developer/Library/Frameworks -F /Applications/Xcode_16.2.app/Contents/Developer/Platforms/iPhoneSimulator.platform/Developer/SDKs/iPhoneSimulator18.2.sdk/Developer/Library/Frameworks -no-color-diagnostics -enable-testing -g -debug-info-format\=dwarf -dwarf-version\=4 -module-cache-path /Users/runner/work/Reframe/Reframe/App/build/ModuleCache.noindex -swift-version 5 -enforce-exclusivity\=checked -Onone -D SWIFT_PACKAGE -D DEBUG -D Xcode -serialize-debugging-options -const-gather-protocols-file /Users/runner/work/Reframe/Reframe/App/build/Build/Intermediates.noindex/ReframeCore.build/Debug-iphonesimulator/ReframeCore.build/Objects-normal/arm64/ReframeCore_const_extract_protocols.json -enable-experimental-feature DebugDescriptionMacro -enable-experimental-feature OpaqueTypeErasure -empty-abi-descriptor -plugin-path /Applications/Xcode_16.2.app/Contents/Developer/Toolchains/XcodeDefault.xctoolchain/usr/lib/swift/host/plugins/testing -validate-clang-modules-once -clang-build-session-file /Users/runner/work/Reframe/Reframe/App/build/ModuleCache.noindex/Session.modulevalidation -Xcc -working-directory -Xcc /Users/runner/work/Reframe/Reframe/App/AutoReframe.xcodeproj -resource-dir /Applications/Xcode_16.2.app/Contents/Developer/Toolchains/XcodeDefault.xctoolchain/usr/lib/swift -enable-anonymous-context-mangled-names -file-compilation-dir /Users/runner/work/Reframe/Reframe/App/AutoReframe.xcodeproj -Xcc -D_LIBCPP_HARDENING_MODE\=_LIBCPP_HARDENING_MODE_DEBUG -Xcc -ivfsstatcache -Xcc /Users/runner/work/Reframe/Reframe/App/build/SDKStatCaches.noindex/iphonesimulator18.2-22C146-16b5fc1f628d844b188c57a1ba9d6a81.sdkstatcache -Xcc -I/Users/runner/work/Reframe/Reframe/App/build/Build/Intermediates.noindex/ReframeCore.build/Debug-iphonesimulator/ReframeCore.build/swift-overrides.hmap -Xcc -I/Users/runner/work/Reframe/Reframe/App/build/Build/Products/Debug-iphonesimulator/include -Xcc -I/Users/runner/work/Reframe/Reframe/App/build/Build/Intermediates.noindex/ReframeCore.build/Debug-iphonesimulator/ReframeCore.build/DerivedSources-normal/arm64 -Xcc -I/Users/runner/work/Reframe/Reframe/App/build/Build/Intermediates.noindex/ReframeCore.build/Debug-iphonesimulator/ReframeCore.build/DerivedSources/arm64 -Xcc -I/Users/runner/work/Reframe/Reframe/App/build/Build/Intermediates.noindex/ReframeCore.build/Debug-iphonesimulator/ReframeCore.build/DerivedSources -Xcc -DSWIFT_PACKAGE -Xcc -DDEBUG\=1 -module-name ReframeCore -package-name reframecore -frontend-parseable-output -disable-clang-spi -target-sdk-version 18.2 -target-sdk-name iphonesimulator18.2 -external-plugin-path /Applications/Xcode_16.2.app/Contents/Developer/Platforms/iPhoneOS.platform/Developer/usr/lib/swift/host/plugins\#/Applications/Xcode_16.2.app/Contents/Developer/Platforms/iPhoneOS.platform/Developer/usr/bin/swift-plugin-server -external-plugin-path /Applications/Xcode_16.2.app/Contents/Developer/Platforms/iPhoneOS.platform/Developer/usr/local/lib/swift/host/plugins\#/Applications/Xcode_16.2.app/Contents/Developer/Platforms/iPhoneOS.platform/Developer/usr/bin/swift-plugin-server -plugin-path /Applications/Xcode_16.2.app/Contents/Developer/Toolchains/XcodeDefault.xctoolchain/usr/lib/swift/host/plugins -plugin-path /Applications/Xcode_16.2.app/Contents/Developer/Toolchains/XcodeDefault.xctoolchain/usr/local/lib/swift/host/plugins -o /Users/runner/work/Reframe/Reframe/App/build/Build/Intermediates.noindex/ReframeCore.build/Debug-iphonesimulator/ReframeCore.build/Objects-normal/arm64/CompositionRules.o -o /Users/runner/work/Reframe/Reframe/App/build/Build/Intermediates.noindex/ReframeCore.build/Debug-iphonesimulator/ReframeCore.build/Objects-normal/arm64/ReframeMetrics.o -o /Users/runner/work/Reframe/Reframe/App/build/Build/Intermediates.noindex/ReframeCore.build/Debug-iphonesimulator/ReframeCore.build/Objects-normal/arm64/CropGeometry.o -o /Users/runner/work/Reframe/Reframe/App/build/Build/Intermediates.noindex/ReframeCore.build/Debug-iphonesimulator/ReframeCore.build/Objects-normal/arm64/CropPoint.o -index-unit-output-path /ReframeCore.build/Debug-iphonesimulator/ReframeCore.build/Objects-normal/arm64/CompositionRules.o -index-unit-output-path /ReframeCore.build/Debug-iphonesimulator/ReframeCore.build/Objects-normal/arm64/ReframeMetrics.o -index-unit-output-path /ReframeCore.build/Debug-iphonesimulator/ReframeCore.build/Objects-normal/arm64/CropGeometry.o -index-unit-output-path /ReframeCore.build/Debug-iphonesimulator/ReframeCore.build/Objects-normal/arm64/CropPoint.o -index-store-path /Users/runner/work/Reframe/Reframe/App/build/Index.noindex/DataStore -index-system-modules
SwiftCompile normal arm64 /Users/runner/work/Reframe/Reframe/Packages/ReframeCore/Sources/ReframeCore/CompositionRules.swift (in target 'ReframeCore' from project 'ReframeCore')
    cd /Users/runner/work/Reframe/Reframe/App/AutoReframe.xcodeproj
    /Applications/Xcode_16.2.app/Contents/Developer/Toolchains/XcodeDefault.xctoolchain/usr/bin/swift-frontend -c -primary-file /Users/runner/work/Reframe/Reframe/Packages/ReframeCore/Sources/ReframeCore/CompositionRules.swift -primary-file /Users/runner/work/Reframe/Reframe/Packages/ReframeCore/Sources/ReframeCore/Metrics/ReframeMetrics.swift -primary-file /Users/runner/work/Reframe/Reframe/Packages/ReframeCore/Sources/ReframeCore/Models/CropGeometry.swift -primary-file /Users/runner/work/Reframe/Reframe/Packages/ReframeCore/Sources/ReframeCore/Models/CropPoint.swift /Users/runner/work/Reframe/Reframe/Packages/ReframeCore/Sources/ReframeCore/Models/ReframeSettings.swift /Users/runner/work/Reframe/Reframe/Packages/ReframeCore/Sources/ReframeCore/Models/TrackingPoint.swift /Users/runner/work/Reframe/Reframe/Packages/ReframeCore/Sources/ReframeCore/Pipeline/ReframePipeline.swift /Users/runner/work/Reframe/Reframe/Packages/ReframeCore/Sources/ReframeCore/ReframeEngine.swift /Users/runner/work/Reframe/Reframe/Packages/ReframeCore/Sources/ReframeCore/Smoothing/CriticallyDampedSpring.swift /Users/runner/work/Reframe/Reframe/Packages/ReframeCore/Sources/ReframeCore/Smoothing/OneEuroFilter.swift -supplementary-output-file-map /Users/runner/work/Reframe/Reframe/App/build/Build/Intermediates.noindex/ReframeCore.build/Debug-iphonesimulator/ReframeCore.build/Objects-normal/arm64/supplementaryOutputs-1 -target arm64-apple-ios16.0-simulator -Xllvm -aarch64-use-tbi -enable-objc-interop -sdk /Applications/Xcode_16.2.app/Contents/Developer/Platforms/iPhoneSimulator.platform/Developer/SDKs/iPhoneSimulator18.2.sdk -I /Users/runner/work/Reframe/Reframe/App/build/Build/Products/Debug-iphonesimulator -I /Applications/Xcode_16.2.app/Contents/Developer/Platforms/iPhoneSimulator.platform/Developer/usr/lib -F /Users/runner/work/Reframe/Reframe/App/build/Build/Products/Debug-iphonesimulator -F /Applications/Xcode_16.2.app/Contents/Developer/Platforms/iPhoneSimulator.platform/Developer/Library/Frameworks -F /Applications/Xcode_16.2.app/Contents/Developer/Platforms/iPhoneSimulator.platform/Developer/SDKs/iPhoneSimulator18.2.sdk/Developer/Library/Frameworks -no-color-diagnostics -enable-testing -g -debug-info-format\=dwarf -dwarf-version\=4 -module-cache-path /Users/runner/work/Reframe/Reframe/App/build/ModuleCache.noindex -swift-version 5 -enforce-exclusivity\=checked -Onone -D SWIFT_PACKAGE -D DEBUG -D Xcode -serialize-debugging-options -const-gather-protocols-file /Users/runner/work/Reframe/Reframe/App/build/Build/Intermediates.noindex/ReframeCore.build/Debug-iphonesimulator/ReframeCore.build/Objects-normal/arm64/ReframeCore_const_extract_protocols.json -enable-experimental-feature DebugDescriptionMacro -enable-experimental-feature OpaqueTypeErasure -empty-abi-descriptor -plugin-path /Applications/Xcode_16.2.app/Contents/Developer/Toolchains/XcodeDefault.xctoolchain/usr/lib/swift/host/plugins/testing -validate-clang-modules-once -clang-build-session-file /Users/runner/work/Reframe/Reframe/App/build/ModuleCache.noindex/Session.modulevalidation -Xcc -working-directory -Xcc /Users/runner/work/Reframe/Reframe/App/AutoReframe.xcodeproj -resource-dir /Applications/Xcode_16.2.app/Contents/Developer/Toolchains/XcodeDefault.xctoolchain/usr/lib/swift -enable-anonymous-context-mangled-names -file-compilation-dir /Users/runner/work/Reframe/Reframe/App/AutoReframe.xcodeproj -Xcc -D_LIBCPP_HARDENING_MODE\=_LIBCPP_HARDENING_MODE_DEBUG -Xcc -ivfsstatcache -Xcc /Users/runner/work/Reframe/Reframe/App/build/SDKStatCaches.noindex/iphonesimulator18.2-22C146-16b5fc1f628d844b188c57a1ba9d6a81.sdkstatcache -Xcc -I/Users/runner/work/Reframe/Reframe/App/build/Build/Intermediates.noindex/ReframeCore.build/Debug-iphonesimulator/ReframeCore.build/swift-overrides.hmap -Xcc -I/Users/runner/work/Reframe/Reframe/App/build/Build/Products/Debug-iphonesimulator/include -Xcc -I/Users/runner/work/Reframe/Reframe/App/build/Build/Intermediates.noindex/ReframeCore.build/Debug-iphonesimulator/ReframeCore.build/DerivedSources-normal/arm64 -Xcc -I/Users/runner/work/Reframe/Reframe/App/build/Build/Intermediates.noindex/ReframeCore.build/Debug-iphonesimulator/ReframeCore.build/DerivedSources/arm64 -Xcc -I/Users/runner/work/Reframe/Reframe/App/build/Build/Intermediates.noindex/ReframeCore.build/Debug-iphonesimulator/ReframeCore.build/DerivedSources -Xcc -DSWIFT_PACKAGE -Xcc -DDEBUG\=1 -module-name ReframeCore -package-name reframecore -frontend-parseable-output -disable-clang-spi -target-sdk-version 18.2 -target-sdk-name iphonesimulator18.2 -external-plugin-path /Applications/Xcode_16.2.app/Contents/Developer/Platforms/iPhoneOS.platform/Developer/usr/lib/swift/host/plugins\#/Applications/Xcode_16.2.app/Contents/Developer/Platforms/iPhoneOS.platform/Developer/usr/bin/swift-plugin-server -external-plugin-path /Applications/Xcode_16.2.app/Contents/Developer/Platforms/iPhoneOS.platform/Developer/usr/local/lib/swift/host/plugins\#/Applications/Xcode_16.2.app/Contents/Developer/Platforms/iPhoneOS.platform/Developer/usr/bin/swift-plugin-server -plugin-path /Applications/Xcode_16.2.app/Contents/Developer/Toolchains/XcodeDefault.xctoolchain/usr/lib/swift/host/plugins -plugin-path /Applications/Xcode_16.2.app/Contents/Developer/Toolchains/XcodeDefault.xctoolchain/usr/local/lib/swift/host/plugins -o /Users/runner/work/Reframe/Reframe/App/build/Build/Intermediates.noindex/ReframeCore.build/Debug-iphonesimulator/ReframeCore.build/Objects-normal/arm64/CompositionRules.o -o /Users/runner/work/Reframe/Reframe/App/build/Build/Intermediates.noindex/ReframeCore.build/Debug-iphonesimulator/ReframeCore.build/Objects-normal/arm64/ReframeMetrics.o -o /Users/runner/work/Reframe/Reframe/App/build/Build/Intermediates.noindex/ReframeCore.build/Debug-iphonesimulator/ReframeCore.build/Objects-normal/arm64/CropGeometry.o -o /Users/runner/work/Reframe/Reframe/App/build/Build/Intermediates.noindex/ReframeCore.build/Debug-iphonesimulator/ReframeCore.build/Objects-normal/arm64/CropPoint.o -index-unit-output-path /ReframeCore.build/Debug-iphonesimulator/ReframeCore.build/Objects-normal/arm64/CompositionRules.o -index-unit-output-path /ReframeCore.build/Debug-iphonesimulator/ReframeCore.build/Objects-normal/arm64/ReframeMetrics.o -index-unit-output-path /ReframeCore.build/Debug-iphonesimulator/ReframeCore.build/Objects-normal/arm64/CropGeometry.o -index-unit-output-path /ReframeCore.build/Debug-iphonesimulator/ReframeCore.build/Objects-normal/arm64/CropPoint.o -index-store-path /Users/runner/work/Reframe/Reframe/App/build/Index.noindex/DataStore -index-system-modules

SwiftCompile normal arm64 /Users/runner/work/Reframe/Reframe/Packages/ReframeCore/Sources/ReframeCore/Metrics/ReframeMetrics.swift (in target 'ReframeCore' from project 'ReframeCore')
    cd /Users/runner/work/Reframe/Reframe/App/AutoReframe.xcodeproj
    /Applications/Xcode_16.2.app/Contents/Developer/Toolchains/XcodeDefault.xctoolchain/usr/bin/swift-frontend -c -primary-file /Users/runner/work/Reframe/Reframe/Packages/ReframeCore/Sources/ReframeCore/CompositionRules.swift -primary-file /Users/runner/work/Reframe/Reframe/Packages/ReframeCore/Sources/ReframeCore/Metrics/ReframeMetrics.swift -primary-file /Users/runner/work/Reframe/Reframe/Packages/ReframeCore/Sources/ReframeCore/Models/CropGeometry.swift -primary-file /Users/runner/work/Reframe/Reframe/Packages/ReframeCore/Sources/ReframeCore/Models/CropPoint.swift /Users/runner/work/Reframe/Reframe/Packages/ReframeCore/Sources/ReframeCore/Models/ReframeSettings.swift /Users/runner/work/Reframe/Reframe/Packages/ReframeCore/Sources/ReframeCore/Models/TrackingPoint.swift /Users/runner/work/Reframe/Reframe/Packages/ReframeCore/Sources/ReframeCore/Pipeline/ReframePipeline.swift /Users/runner/work/Reframe/Reframe/Packages/ReframeCore/Sources/ReframeCore/ReframeEngine.swift /Users/runner/work/Reframe/Reframe/Packages/ReframeCore/Sources/ReframeCore/Smoothing/CriticallyDampedSpring.swift /Users/runner/work/Reframe/Reframe/Packages/ReframeCore/Sources/ReframeCore/Smoothing/OneEuroFilter.swift -supplementary-output-file-map /Users/runner/work/Reframe/Reframe/App/build/Build/Intermediates.noindex/ReframeCore.build/Debug-iphonesimulator/ReframeCore.build/Objects-normal/arm64/supplementaryOutputs-1 -target arm64-apple-ios16.0-simulator -Xllvm -aarch64-use-tbi -enable-objc-interop -sdk /Applications/Xcode_16.2.app/Contents/Developer/Platforms/iPhoneSimulator.platform/Developer/SDKs/iPhoneSimulator18.2.sdk -I /Users/runner/work/Reframe/Reframe/App/build/Build/Products/Debug-iphonesimulator -I /Applications/Xcode_16.2.app/Contents/Developer/Platforms/iPhoneSimulator.platform/Developer/usr/lib -F /Users/runner/work/Reframe/Reframe/App/build/Build/Products/Debug-iphonesimulator -F /Applications/Xcode_16.2.app/Contents/Developer/Platforms/iPhoneSimulator.platform/Developer/Library/Frameworks -F /Applications/Xcode_16.2.app/Contents/Developer/Platforms/iPhoneSimulator.platform/Developer/SDKs/iPhoneSimulator18.2.sdk/Developer/Library/Frameworks -no-color-diagnostics -enable-testing -g -debug-info-format\=dwarf -dwarf-version\=4 -module-cache-path /Users/runner/work/Reframe/Reframe/App/build/ModuleCache.noindex -swift-version 5 -enforce-exclusivity\=checked -Onone -D SWIFT_PACKAGE -D DEBUG -D Xcode -serialize-debugging-options -const-gather-protocols-file /Users/runner/work/Reframe/Reframe/App/build/Build/Intermediates.noindex/ReframeCore.build/Debug-iphonesimulator/ReframeCore.build/Objects-normal/arm64/ReframeCore_const_extract_protocols.json -enable-experimental-feature DebugDescriptionMacro -enable-experimental-feature OpaqueTypeErasure -empty-abi-descriptor -plugin-path /Applications/Xcode_16.2.app/Contents/Developer/Toolchains/XcodeDefault.xctoolchain/usr/lib/swift/host/plugins/testing -validate-clang-modules-once -clang-build-session-file /Users/runner/work/Reframe/Reframe/App/build/ModuleCache.noindex/Session.modulevalidation -Xcc -working-directory -Xcc /Users/runner/work/Reframe/Reframe/App/AutoReframe.xcodeproj -resource-dir /Applications/Xcode_16.2.app/Contents/Developer/Toolchains/XcodeDefault.xctoolchain/usr/lib/swift -enable-anonymous-context-mangled-names -file-compilation-dir /Users/runner/work/Reframe/Reframe/App/AutoReframe.xcodeproj -Xcc -D_LIBCPP_HARDENING_MODE\=_LIBCPP_HARDENING_MODE_DEBUG -Xcc -ivfsstatcache -Xcc /Users/runner/work/Reframe/Reframe/App/build/SDKStatCaches.noindex/iphonesimulator18.2-22C146-16b5fc1f628d844b188c57a1ba9d6a81.sdkstatcache -Xcc -I/Users/runner/work/Reframe/Reframe/App/build/Build/Intermediates.noindex/ReframeCore.build/Debug-iphonesimulator/ReframeCore.build/swift-overrides.hmap -Xcc -I/Users/runner/work/Reframe/Reframe/App/build/Build/Products/Debug-iphonesimulator/include -Xcc -I/Users/runner/work/Reframe/Reframe/App/build/Build/Intermediates.noindex/ReframeCore.build/Debug-iphonesimulator/ReframeCore.build/DerivedSources-normal/arm64 -Xcc -I/Users/runner/work/Reframe/Reframe/App/build/Build/Intermediates.noindex/ReframeCore.build/Debug-iphonesimulator/ReframeCore.build/DerivedSources/arm64 -Xcc -I/Users/runner/work/Reframe/Reframe/App/build/Build/Intermediates.noindex/ReframeCore.build/Debug-iphonesimulator/ReframeCore.build/DerivedSources -Xcc -DSWIFT_PACKAGE -Xcc -DDEBUG\=1 -module-name ReframeCore -package-name reframecore -frontend-parseable-output -disable-clang-spi -target-sdk-version 18.2 -target-sdk-name iphonesimulator18.2 -external-plugin-path /Applications/Xcode_16.2.app/Contents/Developer/Platforms/iPhoneOS.platform/Developer/usr/lib/swift/host/plugins\#/Applications/Xcode_16.2.app/Contents/Developer/Platforms/iPhoneOS.platform/Developer/usr/bin/swift-plugin-server -external-plugin-path /Applications/Xcode_16.2.app/Contents/Developer/Platforms/iPhoneOS.platform/Developer/usr/local/lib/swift/host/plugins\#/Applications/Xcode_16.2.app/Contents/Developer/Platforms/iPhoneOS.platform/Developer/usr/bin/swift-plugin-server -plugin-path /Applications/Xcode_16.2.app/Contents/Developer/Toolchains/XcodeDefault.xctoolchain/usr/lib/swift/host/plugins -plugin-path /Applications/Xcode_16.2.app/Contents/Developer/Toolchains/XcodeDefault.xctoolchain/usr/local/lib/swift/host/plugins -o /Users/runner/work/Reframe/Reframe/App/build/Build/Intermediates.noindex/ReframeCore.build/Debug-iphonesimulator/ReframeCore.build/Objects-normal/arm64/CompositionRules.o -o /Users/runner/work/Reframe/Reframe/App/build/Build/Intermediates.noindex/ReframeCore.build/Debug-iphonesimulator/ReframeCore.build/Objects-normal/arm64/ReframeMetrics.o -o /Users/runner/work/Reframe/Reframe/App/build/Build/Intermediates.noindex/ReframeCore.build/Debug-iphonesimulator/ReframeCore.build/Objects-normal/arm64/CropGeometry.o -o /Users/runner/work/Reframe/Reframe/App/build/Build/Intermediates.noindex/ReframeCore.build/Debug-iphonesimulator/ReframeCore.build/Objects-normal/arm64/CropPoint.o -index-unit-output-path /ReframeCore.build/Debug-iphonesimulator/ReframeCore.build/Objects-normal/arm64/CompositionRules.o -index-unit-output-path /ReframeCore.build/Debug-iphonesimulator/ReframeCore.build/Objects-normal/arm64/ReframeMetrics.o -index-unit-output-path /ReframeCore.build/Debug-iphonesimulator/ReframeCore.build/Objects-normal/arm64/CropGeometry.o -index-unit-output-path /ReframeCore.build/Debug-iphonesimulator/ReframeCore.build/Objects-normal/arm64/CropPoint.o -index-store-path /Users/runner/work/Reframe/Reframe/App/build/Index.noindex/DataStore -index-system-modules

SwiftCompile normal arm64 /Users/runner/work/Reframe/Reframe/Packages/ReframeCore/Sources/ReframeCore/Models/CropGeometry.swift (in target 'ReframeCore' from project 'ReframeCore')
    cd /Users/runner/work/Reframe/Reframe/App/AutoReframe.xcodeproj
    /Applications/Xcode_16.2.app/Contents/Developer/Toolchains/XcodeDefault.xctoolchain/usr/bin/swift-frontend -c -primary-file /Users/runner/work/Reframe/Reframe/Packages/ReframeCore/Sources/ReframeCore/CompositionRules.swift -primary-file /Users/runner/work/Reframe/Reframe/Packages/ReframeCore/Sources/ReframeCore/Metrics/ReframeMetrics.swift -primary-file /Users/runner/work/Reframe/Reframe/Packages/ReframeCore/Sources/ReframeCore/Models/CropGeometry.swift -primary-file /Users/runner/work/Reframe/Reframe/Packages/ReframeCore/Sources/ReframeCore/Models/CropPoint.swift /Users/runner/work/Reframe/Reframe/Packages/ReframeCore/Sources/ReframeCore/Models/ReframeSettings.swift /Users/runner/work/Reframe/Reframe/Packages/ReframeCore/Sources/ReframeCore/Models/TrackingPoint.swift /Users/runner/work/Reframe/Reframe/Packages/ReframeCore/Sources/ReframeCore/Pipeline/ReframePipeline.swift /Users/runner/work/Reframe/Reframe/Packages/ReframeCore/Sources/ReframeCore/ReframeEngine.swift /Users/runner/work/Reframe/Reframe/Packages/ReframeCore/Sources/ReframeCore/Smoothing/CriticallyDampedSpring.swift /Users/runner/work/Reframe/Reframe/Packages/ReframeCore/Sources/ReframeCore/Smoothing/OneEuroFilter.swift -supplementary-output-file-map /Users/runner/work/Reframe/Reframe/App/build/Build/Intermediates.noindex/ReframeCore.build/Debug-iphonesimulator/ReframeCore.build/Objects-normal/arm64/supplementaryOutputs-1 -target arm64-apple-ios16.0-simulator -Xllvm -aarch64-use-tbi -enable-objc-interop -sdk /Applications/Xcode_16.2.app/Contents/Developer/Platforms/iPhoneSimulator.platform/Developer/SDKs/iPhoneSimulator18.2.sdk -I /Users/runner/work/Reframe/Reframe/App/build/Build/Products/Debug-iphonesimulator -I /Applications/Xcode_16.2.app/Contents/Developer/Platforms/iPhoneSimulator.platform/Developer/usr/lib -F /Users/runner/work/Reframe/Reframe/App/build/Build/Products/Debug-iphonesimulator -F /Applications/Xcode_16.2.app/Contents/Developer/Platforms/iPhoneSimulator.platform/Developer/Library/Frameworks -F /Applications/Xcode_16.2.app/Contents/Developer/Platforms/iPhoneSimulator.platform/Developer/SDKs/iPhoneSimulator18.2.sdk/Developer/Library/Frameworks -no-color-diagnostics -enable-testing -g -debug-info-format\=dwarf -dwarf-version\=4 -module-cache-path /Users/runner/work/Reframe/Reframe/App/build/ModuleCache.noindex -swift-version 5 -enforce-exclusivity\=checked -Onone -D SWIFT_PACKAGE -D DEBUG -D Xcode -serialize-debugging-options -const-gather-protocols-file /Users/runner/work/Reframe/Reframe/App/build/Build/Intermediates.noindex/ReframeCore.build/Debug-iphonesimulator/ReframeCore.build/Objects-normal/arm64/ReframeCore_const_extract_protocols.json -enable-experimental-feature DebugDescriptionMacro -enable-experimental-feature OpaqueTypeErasure -empty-abi-descriptor -plugin-path /Applications/Xcode_16.2.app/Contents/Developer/Toolchains/XcodeDefault.xctoolchain/usr/lib/swift/host/plugins/testing -validate-clang-modules-once -clang-build-session-file /Users/runner/work/Reframe/Reframe/App/build/ModuleCache.noindex/Session.modulevalidation -Xcc -working-directory -Xcc /Users/runner/work/Reframe/Reframe/App/AutoReframe.xcodeproj -resource-dir /Applications/Xcode_16.2.app/Contents/Developer/Toolchains/XcodeDefault.xctoolchain/usr/lib/swift -enable-anonymous-context-mangled-names -file-compilation-dir /Users/runner/work/Reframe/Reframe/App/AutoReframe.xcodeproj -Xcc -D_LIBCPP_HARDENING_MODE\=_LIBCPP_HARDENING_MODE_DEBUG -Xcc -ivfsstatcache -Xcc /Users/runner/work/Reframe/Reframe/App/build/SDKStatCaches.noindex/iphonesimulator18.2-22C146-16b5fc1f628d844b188c57a1ba9d6a81.sdkstatcache -Xcc -I/Users/runner/work/Reframe/Reframe/App/build/Build/Intermediates.noindex/ReframeCore.build/Debug-iphonesimulator/ReframeCore.build/swift-overrides.hmap -Xcc -I/Users/runner/work/Reframe/Reframe/App/build/Build/Products/Debug-iphonesimulator/include -Xcc -I/Users/runner/work/Reframe/Reframe/App/build/Build/Intermediates.noindex/ReframeCore.build/Debug-iphonesimulator/ReframeCore.build/DerivedSources-normal/arm64 -Xcc -I/Users/runner/work/Reframe/Reframe/App/build/Build/Intermediates.noindex/ReframeCore.build/Debug-iphonesimulator/ReframeCore.build/DerivedSources/arm64 -Xcc -I/Users/runner/work/Reframe/Reframe/App/build/Build/Intermediates.noindex/ReframeCore.build/Debug-iphonesimulator/ReframeCore.build/DerivedSources -Xcc -DSWIFT_PACKAGE -Xcc -DDEBUG\=1 -module-name ReframeCore -package-name reframecore -frontend-parseable-output -disable-clang-spi -target-sdk-version 18.2 -target-sdk-name iphonesimulator18.2 -external-plugin-path /Applications/Xcode_16.2.app/Contents/Developer/Platforms/iPhoneOS.platform/Developer/usr/lib/swift/host/plugins\#/Applications/Xcode_16.2.app/Contents/Developer/Platforms/iPhoneOS.platform/Developer/usr/bin/swift-plugin-server -external-plugin-path /Applications/Xcode_16.2.app/Contents/Developer/Platforms/iPhoneOS.platform/Developer/usr/local/lib/swift/host/plugins\#/Applications/Xcode_16.2.app/Contents/Developer/Platforms/iPhoneOS.platform/Developer/usr/bin/swift-plugin-server -plugin-path /Applications/Xcode_16.2.app/Contents/Developer/Toolchains/XcodeDefault.xctoolchain/usr/lib/swift/host/plugins -plugin-path /Applications/Xcode_16.2.app/Contents/Developer/Toolchains/XcodeDefault.xctoolchain/usr/local/lib/swift/host/plugins -o /Users/runner/work/Reframe/Reframe/App/build/Build/Intermediates.noindex/ReframeCore.build/Debug-iphonesimulator/ReframeCore.build/Objects-normal/arm64/CompositionRules.o -o /Users/runner/work/Reframe/Reframe/App/build/Build/Intermediates.noindex/ReframeCore.build/Debug-iphonesimulator/ReframeCore.build/Objects-normal/arm64/ReframeMetrics.o -o /Users/runner/work/Reframe/Reframe/App/build/Build/Intermediates.noindex/ReframeCore.build/Debug-iphonesimulator/ReframeCore.build/Objects-normal/arm64/CropGeometry.o -o /Users/runner/work/Reframe/Reframe/App/build/Build/Intermediates.noindex/ReframeCore.build/Debug-iphonesimulator/ReframeCore.build/Objects-normal/arm64/CropPoint.o -index-unit-output-path /ReframeCore.build/Debug-iphonesimulator/ReframeCore.build/Objects-normal/arm64/CompositionRules.o -index-unit-output-path /ReframeCore.build/Debug-iphonesimulator/ReframeCore.build/Objects-normal/arm64/ReframeMetrics.o -index-unit-output-path /ReframeCore.build/Debug-iphonesimulator/ReframeCore.build/Objects-normal/arm64/CropGeometry.o -index-unit-output-path /ReframeCore.build/Debug-iphonesimulator/ReframeCore.build/Objects-normal/arm64/CropPoint.o -index-store-path /Users/runner/work/Reframe/Reframe/App/build/Index.noindex/DataStore -index-system-modules

SwiftCompile normal arm64 /Users/runner/work/Reframe/Reframe/Packages/ReframeCore/Sources/ReframeCore/Models/CropPoint.swift (in target 'ReframeCore' from project 'ReframeCore')
    cd /Users/runner/work/Reframe/Reframe/App/AutoReframe.xcodeproj
    /Applications/Xcode_16.2.app/Contents/Developer/Toolchains/XcodeDefault.xctoolchain/usr/bin/swift-frontend -c -primary-file /Users/runner/work/Reframe/Reframe/Packages/ReframeCore/Sources/ReframeCore/CompositionRules.swift -primary-file /Users/runner/work/Reframe/Reframe/Packages/ReframeCore/Sources/ReframeCore/Metrics/ReframeMetrics.swift -primary-file /Users/runner/work/Reframe/Reframe/Packages/ReframeCore/Sources/ReframeCore/Models/CropGeometry.swift -primary-file /Users/runner/work/Reframe/Reframe/Packages/ReframeCore/Sources/ReframeCore/Models/CropPoint.swift /Users/runner/work/Reframe/Reframe/Packages/ReframeCore/Sources/ReframeCore/Models/ReframeSettings.swift /Users/runner/work/Reframe/Reframe/Packages/ReframeCore/Sources/ReframeCore/Models/TrackingPoint.swift /Users/runner/work/Reframe/Reframe/Packages/ReframeCore/Sources/ReframeCore/Pipeline/ReframePipeline.swift /Users/runner/work/Reframe/Reframe/Packages/ReframeCore/Sources/ReframeCore/ReframeEngine.swift /Users/runner/work/Reframe/Reframe/Packages/ReframeCore/Sources/ReframeCore/Smoothing/CriticallyDampedSpring.swift /Users/runner/work/Reframe/Reframe/Packages/ReframeCore/Sources/ReframeCore/Smoothing/OneEuroFilter.swift -supplementary-output-file-map /Users/runner/work/Reframe/Reframe/App/build/Build/Intermediates.noindex/ReframeCore.build/Debug-iphonesimulator/ReframeCore.build/Objects-normal/arm64/supplementaryOutputs-1 -target arm64-apple-ios16.0-simulator -Xllvm -aarch64-use-tbi -enable-objc-interop -sdk /Applications/Xcode_16.2.app/Contents/Developer/Platforms/iPhoneSimulator.platform/Developer/SDKs/iPhoneSimulator18.2.sdk -I /Users/runner/work/Reframe/Reframe/App/build/Build/Products/Debug-iphonesimulator -I /Applications/Xcode_16.2.app/Contents/Developer/Platforms/iPhoneSimulator.platform/Developer/usr/lib -F /Users/runner/work/Reframe/Reframe/App/build/Build/Products/Debug-iphonesimulator -F /Applications/Xcode_16.2.app/Contents/Developer/Platforms/iPhoneSimulator.platform/Developer/Library/Frameworks -F /Applications/Xcode_16.2.app/Contents/Developer/Platforms/iPhoneSimulator.platform/Developer/SDKs/iPhoneSimulator18.2.sdk/Developer/Library/Frameworks -no-color-diagnostics -enable-testing -g -debug-info-format\=dwarf -dwarf-version\=4 -module-cache-path /Users/runner/work/Reframe/Reframe/App/build/ModuleCache.noindex -swift-version 5 -enforce-exclusivity\=checked -Onone -D SWIFT_PACKAGE -D DEBUG -D Xcode -serialize-debugging-options -const-gather-protocols-file /Users/runner/work/Reframe/Reframe/App/build/Build/Intermediates.noindex/ReframeCore.build/Debug-iphonesimulator/ReframeCore.build/Objects-normal/arm64/ReframeCore_const_extract_protocols.json -enable-experimental-feature DebugDescriptionMacro -enable-experimental-feature OpaqueTypeErasure -empty-abi-descriptor -plugin-path /Applications/Xcode_16.2.app/Contents/Developer/Toolchains/XcodeDefault.xctoolchain/usr/lib/swift/host/plugins/testing -validate-clang-modules-once -clang-build-session-file /Users/runner/work/Reframe/Reframe/App/build/ModuleCache.noindex/Session.modulevalidation -Xcc -working-directory -Xcc /Users/runner/work/Reframe/Reframe/App/AutoReframe.xcodeproj -resource-dir /Applications/Xcode_16.2.app/Contents/Developer/Toolchains/XcodeDefault.xctoolchain/usr/lib/swift -enable-anonymous-context-mangled-names -file-compilation-dir /Users/runner/work/Reframe/Reframe/App/AutoReframe.xcodeproj -Xcc -D_LIBCPP_HARDENING_MODE\=_LIBCPP_HARDENING_MODE_DEBUG -Xcc -ivfsstatcache -Xcc /Users/runner/work/Reframe/Reframe/App/build/SDKStatCaches.noindex/iphonesimulator18.2-22C146-16b5fc1f628d844b188c57a1ba9d6a81.sdkstatcache -Xcc -I/Users/runner/work/Reframe/Reframe/App/build/Build/Intermediates.noindex/ReframeCore.build/Debug-iphonesimulator/ReframeCore.build/swift-overrides.hmap -Xcc -I/Users/runner/work/Reframe/Reframe/App/build/Build/Products/Debug-iphonesimulator/include -Xcc -I/Users/runner/work/Reframe/Reframe/App/build/Build/Intermediates.noindex/ReframeCore.build/Debug-iphonesimulator/ReframeCore.build/DerivedSources-normal/arm64 -Xcc -I/Users/runner/work/Reframe/Reframe/App/build/Build/Intermediates.noindex/ReframeCore.build/Debug-iphonesimulator/ReframeCore.build/DerivedSources/arm64 -Xcc -I/Users/runner/work/Reframe/Reframe/App/build/Build/Intermediates.noindex/ReframeCore.build/Debug-iphonesimulator/ReframeCore.build/DerivedSources -Xcc -DSWIFT_PACKAGE -Xcc -DDEBUG\=1 -module-name ReframeCore -package-name reframecore -frontend-parseable-output -disable-clang-spi -target-sdk-version 18.2 -target-sdk-name iphonesimulator18.2 -external-plugin-path /Applications/Xcode_16.2.app/Contents/Developer/Platforms/iPhoneOS.platform/Developer/usr/lib/swift/host/plugins\#/Applications/Xcode_16.2.app/Contents/Developer/Platforms/iPhoneOS.platform/Developer/usr/bin/swift-plugin-server -external-plugin-path /Applications/Xcode_16.2.app/Contents/Developer/Platforms/iPhoneOS.platform/Developer/usr/local/lib/swift/host/plugins\#/Applications/Xcode_16.2.app/Contents/Developer/Platforms/iPhoneOS.platform/Developer/usr/bin/swift-plugin-server -plugin-path /Applications/Xcode_16.2.app/Contents/Developer/Toolchains/XcodeDefault.xctoolchain/usr/lib/swift/host/plugins -plugin-path /Applications/Xcode_16.2.app/Contents/Developer/Toolchains/XcodeDefault.xctoolchain/usr/local/lib/swift/host/plugins -o /Users/runner/work/Reframe/Reframe/App/build/Build/Intermediates.noindex/ReframeCore.build/Debug-iphonesimulator/ReframeCore.build/Objects-normal/arm64/CompositionRules.o -o /Users/runner/work/Reframe/Reframe/App/build/Build/Intermediates.noindex/ReframeCore.build/Debug-iphonesimulator/ReframeCore.build/Objects-normal/arm64/ReframeMetrics.o -o /Users/runner/work/Reframe/Reframe/App/build/Build/Intermediates.noindex/ReframeCore.build/Debug-iphonesimulator/ReframeCore.build/Objects-normal/arm64/CropGeometry.o -o /Users/runner/work/Reframe/Reframe/App/build/Build/Intermediates.noindex/ReframeCore.build/Debug-iphonesimulator/ReframeCore.build/Objects-normal/arm64/CropPoint.o -index-unit-output-path /ReframeCore.build/Debug-iphonesimulator/ReframeCore.build/Objects-normal/arm64/CompositionRules.o -index-unit-output-path /ReframeCore.build/Debug-iphonesimulator/ReframeCore.build/Objects-normal/arm64/ReframeMetrics.o -index-unit-output-path /ReframeCore.build/Debug-iphonesimulator/ReframeCore.build/Objects-normal/arm64/CropGeometry.o -index-unit-output-path /ReframeCore.build/Debug-iphonesimulator/ReframeCore.build/Objects-normal/arm64/CropPoint.o -index-store-path /Users/runner/work/Reframe/Reframe/App/build/Index.noindex/DataStore -index-system-modules

SwiftDriverJobDiscovery normal x86_64 Emitting module for ReframeCore (in target 'ReframeCore' from project 'ReframeCore')

SwiftDriverJobDiscovery normal x86_64 Compiling ReframeSettings.swift, TrackingPoint.swift, ReframePipeline.swift (in target 'ReframeCore' from project 'ReframeCore')

SwiftDriver\ Compilation\ Requirements ReframeCore normal x86_64 com.apple.xcode.tools.swift.compiler (in target 'ReframeCore' from project 'ReframeCore')
    cd /Users/runner/work/Reframe/Reframe/App/AutoReframe.xcodeproj
    builtin-Swift-Compilation-Requirements -- /Applications/Xcode_16.2.app/Contents/Developer/Toolchains/XcodeDefault.xctoolchain/usr/bin/swiftc -module-name ReframeCore -Onone -enforce-exclusivity\=checked @/Users/runner/work/Reframe/Reframe/App/build/Build/Intermediates.noindex/ReframeCore.build/Debug-iphonesimulator/ReframeCore.build/Objects-normal/x86_64/ReframeCore.SwiftFileList -DSWIFT_PACKAGE -DDEBUG -DXcode -plugin-path /Applications/Xcode_16.2.app/Contents/Developer/Toolchains/XcodeDefault.xctoolchain/usr/lib/swift/host/plugins/testing -enable-experimental-feature DebugDescriptionMacro -sdk /Applications/Xcode_16.2.app/Contents/Developer/Platforms/iPhoneSimulator.platform/Developer/SDKs/iPhoneSimulator18.2.sdk -target x86_64-apple-ios16.0-simulator -g -module-cache-path /Users/runner/work/Reframe/Reframe/App/build/ModuleCache.noindex -Xfrontend -serialize-debugging-options -enable-testing -index-store-path /Users/runner/work/Reframe/Reframe/App/build/Index.noindex/DataStore -enable-experimental-feature OpaqueTypeErasure -Xcc -D_LIBCPP_HARDENING_MODE\=_LIBCPP_HARDENING_MODE_DEBUG -swift-version 5 -I /Users/runner/work/Reframe/Reframe/App/build/Build/Products/Debug-iphonesimulator -I /Applications/Xcode_16.2.app/Contents/Developer/Platforms/iPhoneSimulator.platform/Developer/usr/lib -F /Users/runner/work/Reframe/Reframe/App/build/Build/Products/Debug-iphonesimulator -F /Applications/Xcode_16.2.app/Contents/Developer/Platforms/iPhoneSimulator.platform/Developer/Library/Frameworks -F /Applications/Xcode_16.2.app/Contents/Developer/Platforms/iPhoneSimulator.platform/Developer/SDKs/iPhoneSimulator18.2.sdk/Developer/Library/Frameworks -c -j3 -enable-batch-mode -incremental -Xcc -ivfsstatcache -Xcc /Users/runner/work/Reframe/Reframe/App/build/SDKStatCaches.noindex/iphonesimulator18.2-22C146-16b5fc1f628d844b188c57a1ba9d6a81.sdkstatcache -output-file-map /Users/runner/work/Reframe/Reframe/App/build/Build/Intermediates.noindex/ReframeCore.build/Debug-iphonesimulator/ReframeCore.build/Objects-normal/x86_64/ReframeCore-OutputFileMap.json -use-frontend-parseable-output -save-temps -no-color-diagnostics -serialize-diagnostics -emit-dependencies -emit-module -emit-module-path /Users/runner/work/Reframe/Reframe/App/build/Build/Intermediates.noindex/ReframeCore.build/Debug-iphonesimulator/ReframeCore.build/Objects-normal/x86_64/ReframeCore.swiftmodule -validate-clang-modules-once -clang-build-session-file /Users/runner/work/Reframe/Reframe/App/build/ModuleCache.noindex/Session.modulevalidation -package-name reframecore -Xcc -I/Users/runner/work/Reframe/Reframe/App/build/Build/Intermediates.noindex/ReframeCore.build/Debug-iphonesimulator/ReframeCore.build/swift-overrides.hmap -emit-const-values -Xfrontend -const-gather-protocols-file -Xfrontend /Users/runner/work/Reframe/Reframe/App/build/Build/Intermediates.noindex/ReframeCore.build/Debug-iphonesimulator/ReframeCore.build/Objects-normal/x86_64/ReframeCore_const_extract_protocols.json -Xcc -I/Users/runner/work/Reframe/Reframe/App/build/Build/Products/Debug-iphonesimulator/include -Xcc -I/Users/runner/work/Reframe/Reframe/App/build/Build/Intermediates.noindex/ReframeCore.build/Debug-iphonesimulator/ReframeCore.build/DerivedSources-normal/x86_64 -Xcc -I/Users/runner/work/Reframe/Reframe/App/build/Build/Intermediates.noindex/ReframeCore.build/Debug-iphonesimulator/ReframeCore.build/DerivedSources/x86_64 -Xcc -I/Users/runner/work/Reframe/Reframe/App/build/Build/Intermediates.noindex/ReframeCore.build/Debug-iphonesimulator/ReframeCore.build/DerivedSources -Xcc -DSWIFT_PACKAGE -Xcc -DDEBUG\=1 -emit-objc-header -emit-objc-header-path /Users/runner/work/Reframe/Reframe/App/build/Build/Intermediates.noindex/ReframeCore.build/Debug-iphonesimulator/ReframeCore.build/Objects-normal/x86_64/ReframeCore-Swift.h -working-directory /Users/runner/work/Reframe/Reframe/App/AutoReframe.xcodeproj -experimental-emit-module-separately -disable-cmo

SwiftDriver\ Compilation\ Requirements ReframeCore normal arm64 com.apple.xcode.tools.swift.compiler (in target 'ReframeCore' from project 'ReframeCore')
    cd /Users/runner/work/Reframe/Reframe/App/AutoReframe.xcodeproj
    builtin-Swift-Compilation-Requirements -- /Applications/Xcode_16.2.app/Contents/Developer/Toolchains/XcodeDefault.xctoolchain/usr/bin/swiftc -module-name ReframeCore -Onone -enforce-exclusivity\=checked @/Users/runner/work/Reframe/Reframe/App/build/Build/Intermediates.noindex/ReframeCore.build/Debug-iphonesimulator/ReframeCore.build/Objects-normal/arm64/ReframeCore.SwiftFileList -DSWIFT_PACKAGE -DDEBUG -DXcode -plugin-path /Applications/Xcode_16.2.app/Contents/Developer/Toolchains/XcodeDefault.xctoolchain/usr/lib/swift/host/plugins/testing -enable-experimental-feature DebugDescriptionMacro -sdk /Applications/Xcode_16.2.app/Contents/Developer/Platforms/iPhoneSimulator.platform/Developer/SDKs/iPhoneSimulator18.2.sdk -target arm64-apple-ios16.0-simulator -g -module-cache-path /Users/runner/work/Reframe/Reframe/App/build/ModuleCache.noindex -Xfrontend -serialize-debugging-options -enable-testing -index-store-path /Users/runner/work/Reframe/Reframe/App/build/Index.noindex/DataStore -enable-experimental-feature OpaqueTypeErasure -Xcc -D_LIBCPP_HARDENING_MODE\=_LIBCPP_HARDENING_MODE_DEBUG -swift-version 5 -I /Users/runner/work/Reframe/Reframe/App/build/Build/Products/Debug-iphonesimulator -I /Applications/Xcode_16.2.app/Contents/Developer/Platforms/iPhoneSimulator.platform/Developer/usr/lib -F /Users/runner/work/Reframe/Reframe/App/build/Build/Products/Debug-iphonesimulator -F /Applications/Xcode_16.2.app/Contents/Developer/Platforms/iPhoneSimulator.platform/Developer/Library/Frameworks -F /Applications/Xcode_16.2.app/Contents/Developer/Platforms/iPhoneSimulator.platform/Developer/SDKs/iPhoneSimulator18.2.sdk/Developer/Library/Frameworks -c -j3 -enable-batch-mode -incremental -Xcc -ivfsstatcache -Xcc /Users/runner/work/Reframe/Reframe/App/build/SDKStatCaches.noindex/iphonesimulator18.2-22C146-16b5fc1f628d844b188c57a1ba9d6a81.sdkstatcache -output-file-map /Users/runner/work/Reframe/Reframe/App/build/Build/Intermediates.noindex/ReframeCore.build/Debug-iphonesimulator/ReframeCore.build/Objects-normal/arm64/ReframeCore-OutputFileMap.json -use-frontend-parseable-output -save-temps -no-color-diagnostics -serialize-diagnostics -emit-dependencies -emit-module -emit-module-path /Users/runner/work/Reframe/Reframe/App/build/Build/Intermediates.noindex/ReframeCore.build/Debug-iphonesimulator/ReframeCore.build/Objects-normal/arm64/ReframeCore.swiftmodule -validate-clang-modules-once -clang-build-session-file /Users/runner/work/Reframe/Reframe/App/build/ModuleCache.noindex/Session.modulevalidation -package-name reframecore -Xcc -I/Users/runner/work/Reframe/Reframe/App/build/Build/Intermediates.noindex/ReframeCore.build/Debug-iphonesimulator/ReframeCore.build/swift-overrides.hmap -emit-const-values -Xfrontend -const-gather-protocols-file -Xfrontend /Users/runner/work/Reframe/Reframe/App/build/Build/Intermediates.noindex/ReframeCore.build/Debug-iphonesimulator/ReframeCore.build/Objects-normal/arm64/ReframeCore_const_extract_protocols.json -Xcc -I/Users/runner/work/Reframe/Reframe/App/build/Build/Products/Debug-iphonesimulator/include -Xcc -I/Users/runner/work/Reframe/Reframe/App/build/Build/Intermediates.noindex/ReframeCore.build/Debug-iphonesimulator/ReframeCore.build/DerivedSources-normal/arm64 -Xcc -I/Users/runner/work/Reframe/Reframe/App/build/Build/Intermediates.noindex/ReframeCore.build/Debug-iphonesimulator/ReframeCore.build/DerivedSources/arm64 -Xcc -I/Users/runner/work/Reframe/Reframe/App/build/Build/Intermediates.noindex/ReframeCore.build/Debug-iphonesimulator/ReframeCore.build/DerivedSources -Xcc -DSWIFT_PACKAGE -Xcc -DDEBUG\=1 -emit-objc-header -emit-objc-header-path /Users/runner/work/Reframe/Reframe/App/build/Build/Intermediates.noindex/ReframeCore.build/Debug-iphonesimulator/ReframeCore.build/Objects-normal/arm64/ReframeCore-Swift.h -working-directory /Users/runner/work/Reframe/Reframe/App/AutoReframe.xcodeproj -experimental-emit-module-separately -disable-cmo

Copy /Users/runner/work/Reframe/Reframe/App/build/Build/Products/Debug-iphonesimulator/ReframeCore.swiftmodule/x86_64-apple-ios-simulator.swiftmodule /Users/runner/work/Reframe/Reframe/App/build/Build/Intermediates.noindex/ReframeCore.build/Debug-iphonesimulator/ReframeCore.build/Objects-normal/x86_64/ReframeCore.swiftmodule (in target 'ReframeCore' from project 'ReframeCore')
    cd /Users/runner/work/Reframe/Reframe/Packages/ReframeCore
    builtin-copy -exclude .DS_Store -exclude CVS -exclude .svn -exclude .git -exclude .hg -resolve-src-symlinks -rename /Users/runner/work/Reframe/Reframe/App/build/Build/Intermediates.noindex/ReframeCore.build/Debug-iphonesimulator/ReframeCore.build/Objects-normal/x86_64/ReframeCore.swiftmodule /Users/runner/work/Reframe/Reframe/App/build/Build/Products/Debug-iphonesimulator/ReframeCore.swiftmodule/x86_64-apple-ios-simulator.swiftmodule

SwiftDriverJobDiscovery normal x86_64 Compiling CompositionRules.swift, ReframeMetrics.swift, CropGeometry.swift, CropPoint.swift (in target 'ReframeCore' from project 'ReframeCore')

Copy /Users/runner/work/Reframe/Reframe/App/build/Build/Products/Debug-iphonesimulator/ReframeCore.swiftmodule/x86_64-apple-ios-simulator.swiftdoc /Users/runner/work/Reframe/Reframe/App/build/Build/Intermediates.noindex/ReframeCore.build/Debug-iphonesimulator/ReframeCore.build/Objects-normal/x86_64/ReframeCore.swiftdoc (in target 'ReframeCore' from project 'ReframeCore')
    cd /Users/runner/work/Reframe/Reframe/Packages/ReframeCore
    builtin-copy -exclude .DS_Store -exclude CVS -exclude .svn -exclude .git -exclude .hg -resolve-src-symlinks -rename /Users/runner/work/Reframe/Reframe/App/build/Build/Intermediates.noindex/ReframeCore.build/Debug-iphonesimulator/ReframeCore.build/Objects-normal/x86_64/ReframeCore.swiftdoc /Users/runner/work/Reframe/Reframe/App/build/Build/Products/Debug-iphonesimulator/ReframeCore.swiftmodule/x86_64-apple-ios-simulator.swiftdoc

Copy /Users/runner/work/Reframe/Reframe/App/build/Build/Products/Debug-iphonesimulator/ReframeCore.swiftmodule/x86_64-apple-ios-simulator.abi.json /Users/runner/work/Reframe/Reframe/App/build/Build/Intermediates.noindex/ReframeCore.build/Debug-iphonesimulator/ReframeCore.build/Objects-normal/x86_64/ReframeCore.abi.json (in target 'ReframeCore' from project 'ReframeCore')
    cd /Users/runner/work/Reframe/Reframe/Packages/ReframeCore
    builtin-copy -exclude .DS_Store -exclude CVS -exclude .svn -exclude .git -exclude .hg -resolve-src-symlinks -rename /Users/runner/work/Reframe/Reframe/App/build/Build/Intermediates.noindex/ReframeCore.build/Debug-iphonesimulator/ReframeCore.build/Objects-normal/x86_64/ReframeCore.abi.json /Users/runner/work/Reframe/Reframe/App/build/Build/Products/Debug-iphonesimulator/ReframeCore.swiftmodule/x86_64-apple-ios-simulator.abi.json

Copy /Users/runner/work/Reframe/Reframe/App/build/Build/Products/Debug-iphonesimulator/ReframeCore.swiftmodule/Project/x86_64-apple-ios-simulator.swiftsourceinfo /Users/runner/work/Reframe/Reframe/App/build/Build/Intermediates.noindex/ReframeCore.build/Debug-iphonesimulator/ReframeCore.build/Objects-normal/x86_64/ReframeCore.swiftsourceinfo (in target 'ReframeCore' from project 'ReframeCore')
    cd /Users/runner/work/Reframe/Reframe/Packages/ReframeCore
    builtin-copy -exclude .DS_Store -exclude CVS -exclude .svn -exclude .git -exclude .hg -resolve-src-symlinks -rename /Users/runner/work/Reframe/Reframe/App/build/Build/Intermediates.noindex/ReframeCore.build/Debug-iphonesimulator/ReframeCore.build/Objects-normal/x86_64/ReframeCore.swiftsourceinfo /Users/runner/work/Reframe/Reframe/App/build/Build/Products/Debug-iphonesimulator/ReframeCore.swiftmodule/Project/x86_64-apple-ios-simulator.swiftsourceinfo

SwiftCompile normal arm64 Compiling\ ReframeSettings.swift,\ TrackingPoint.swift,\ ReframePipeline.swift /Users/runner/work/Reframe/Reframe/Packages/ReframeCore/Sources/ReframeCore/Models/ReframeSettings.swift /Users/runner/work/Reframe/Reframe/Packages/ReframeCore/Sources/ReframeCore/Models/TrackingPoint.swift /Users/runner/work/Reframe/Reframe/Packages/ReframeCore/Sources/ReframeCore/Pipeline/ReframePipeline.swift (in target 'ReframeCore' from project 'ReframeCore')
    cd /Users/runner/work/Reframe/Reframe/App/AutoReframe.xcodeproj
    builtin-swiftTaskExecution -- /Applications/Xcode_16.2.app/Contents/Developer/Toolchains/XcodeDefault.xctoolchain/usr/bin/swift-frontend -frontend -c /Users/runner/work/Reframe/Reframe/Packages/ReframeCore/Sources/ReframeCore/CompositionRules.swift /Users/runner/work/Reframe/Reframe/Packages/ReframeCore/Sources/ReframeCore/Metrics/ReframeMetrics.swift /Users/runner/work/Reframe/Reframe/Packages/ReframeCore/Sources/ReframeCore/Models/CropGeometry.swift /Users/runner/work/Reframe/Reframe/Packages/ReframeCore/Sources/ReframeCore/Models/CropPoint.swift -primary-file /Users/runner/work/Reframe/Reframe/Packages/ReframeCore/Sources/ReframeCore/Models/ReframeSettings.swift -primary-file /Users/runner/work/Reframe/Reframe/Packages/ReframeCore/Sources/ReframeCore/Models/TrackingPoint.swift -primary-file /Users/runner/work/Reframe/Reframe/Packages/ReframeCore/Sources/ReframeCore/Pipeline/ReframePipeline.swift /Users/runner/work/Reframe/Reframe/Packages/ReframeCore/Sources/ReframeCore/ReframeEngine.swift /Users/runner/work/Reframe/Reframe/Packages/ReframeCore/Sources/ReframeCore/Smoothing/CriticallyDampedSpring.swift /Users/runner/work/Reframe/Reframe/Packages/ReframeCore/Sources/ReframeCore/Smoothing/OneEuroFilter.swift -supplementary-output-file-map /Users/runner/work/Reframe/Reframe/App/build/Build/Intermediates.noindex/ReframeCore.build/Debug-iphonesimulator/ReframeCore.build/Objects-normal/arm64/supplementaryOutputs-4 -target arm64-apple-ios16.0-simulator -Xllvm -aarch64-use-tbi -enable-objc-interop -sdk /Applications/Xcode_16.2.app/Contents/Developer/Platforms/iPhoneSimulator.platform/Developer/SDKs/iPhoneSimulator18.2.sdk -I /Users/runner/work/Reframe/Reframe/App/build/Build/Products/Debug-iphonesimulator -I /Applications/Xcode_16.2.app/Contents/Developer/Platforms/iPhoneSimulator.platform/Developer/usr/lib -F /Users/runner/work/Reframe/Reframe/App/build/Build/Products/Debug-iphonesimulator -F /Applications/Xcode_16.2.app/Contents/Developer/Platforms/iPhoneSimulator.platform/Developer/Library/Frameworks -F /Applications/Xcode_16.2.app/Contents/Developer/Platforms/iPhoneSimulator.platform/Developer/SDKs/iPhoneSimulator18.2.sdk/Developer/Library/Frameworks -no-color-diagnostics -enable-testing -g -debug-info-format\=dwarf -dwarf-version\=4 -module-cache-path /Users/runner/work/Reframe/Reframe/App/build/ModuleCache.noindex -swift-version 5 -enforce-exclusivity\=checked -Onone -D SWIFT_PACKAGE -D DEBUG -D Xcode -serialize-debugging-options -const-gather-protocols-file /Users/runner/work/Reframe/Reframe/App/build/Build/Intermediates.noindex/ReframeCore.build/Debug-iphonesimulator/ReframeCore.build/Objects-normal/arm64/ReframeCore_const_extract_protocols.json -enable-experimental-feature DebugDescriptionMacro -enable-experimental-feature OpaqueTypeErasure -empty-abi-descriptor -plugin-path /Applications/Xcode_16.2.app/Contents/Developer/Toolchains/XcodeDefault.xctoolchain/usr/lib/swift/host/plugins/testing -validate-clang-modules-once -clang-build-session-file /Users/runner/work/Reframe/Reframe/App/build/ModuleCache.noindex/Session.modulevalidation -Xcc -working-directory -Xcc /Users/runner/work/Reframe/Reframe/App/AutoReframe.xcodeproj -resource-dir /Applications/Xcode_16.2.app/Contents/Developer/Toolchains/XcodeDefault.xctoolchain/usr/lib/swift -enable-anonymous-context-mangled-names -file-compilation-dir /Users/runner/work/Reframe/Reframe/App/AutoReframe.xcodeproj -Xcc -D_LIBCPP_HARDENING_MODE\=_LIBCPP_HARDENING_MODE_DEBUG -Xcc -ivfsstatcache -Xcc /Users/runner/work/Reframe/Reframe/App/build/SDKStatCaches.noindex/iphonesimulator18.2-22C146-16b5fc1f628d844b188c57a1ba9d6a81.sdkstatcache -Xcc -I/Users/runner/work/Reframe/Reframe/App/build/Build/Intermediates.noindex/ReframeCore.build/Debug-iphonesimulator/ReframeCore.build/swift-overrides.hmap -Xcc -I/Users/runner/work/Reframe/Reframe/App/build/Build/Products/Debug-iphonesimulator/include -Xcc -I/Users/runner/work/Reframe/Reframe/App/build/Build/Intermediates.noindex/ReframeCore.build/Debug-iphonesimulator/ReframeCore.build/DerivedSources-normal/arm64 -Xcc -I/Users/runner/work/Reframe/Reframe/App/build/Build/Intermediates.noindex/ReframeCore.build/Debug-iphonesimulator/ReframeCore.build/DerivedSources/arm64 -Xcc -I/Users/runner/work/Reframe/Reframe/App/build/Build/Intermediates.noindex/ReframeCore.build/Debug-iphonesimulator/ReframeCore.build/DerivedSources -Xcc -DSWIFT_PACKAGE -Xcc -DDEBUG\=1 -module-name ReframeCore -package-name reframecore -frontend-parseable-output -disable-clang-spi -target-sdk-version 18.2 -target-sdk-name iphonesimulator18.2 -external-plugin-path /Applications/Xcode_16.2.app/Contents/Developer/Platforms/iPhoneOS.platform/Developer/usr/lib/swift/host/plugins\#/Applications/Xcode_16.2.app/Contents/Developer/Platforms/iPhoneOS.platform/Developer/usr/bin/swift-plugin-server -external-plugin-path /Applications/Xcode_16.2.app/Contents/Developer/Platforms/iPhoneOS.platform/Developer/usr/local/lib/swift/host/plugins\#/Applications/Xcode_16.2.app/Contents/Developer/Platforms/iPhoneOS.platform/Developer/usr/bin/swift-plugin-server -plugin-path /Applications/Xcode_16.2.app/Contents/Developer/Toolchains/XcodeDefault.xctoolchain/usr/lib/swift/host/plugins -plugin-path /Applications/Xcode_16.2.app/Contents/Developer/Toolchains/XcodeDefault.xctoolchain/usr/local/lib/swift/host/plugins -o /Users/runner/work/Reframe/Reframe/App/build/Build/Intermediates.noindex/ReframeCore.build/Debug-iphonesimulator/ReframeCore.build/Objects-normal/arm64/ReframeSettings.o -o /Users/runner/work/Reframe/Reframe/App/build/Build/Intermediates.noindex/ReframeCore.build/Debug-iphonesimulator/ReframeCore.build/Objects-normal/arm64/TrackingPoint.o -o /Users/runner/work/Reframe/Reframe/App/build/Build/Intermediates.noindex/ReframeCore.build/Debug-iphonesimulator/ReframeCore.build/Objects-normal/arm64/ReframePipeline.o -index-unit-output-path /ReframeCore.build/Debug-iphonesimulator/ReframeCore.build/Objects-normal/arm64/ReframeSettings.o -index-unit-output-path /ReframeCore.build/Debug-iphonesimulator/ReframeCore.build/Objects-normal/arm64/TrackingPoint.o -index-unit-output-path /ReframeCore.build/Debug-iphonesimulator/ReframeCore.build/Objects-normal/arm64/ReframePipeline.o -index-store-path /Users/runner/work/Reframe/Reframe/App/build/Index.noindex/DataStore -index-system-modules
SwiftCompile normal arm64 /Users/runner/work/Reframe/Reframe/Packages/ReframeCore/Sources/ReframeCore/Models/ReframeSettings.swift (in target 'ReframeCore' from project 'ReframeCore')
    cd /Users/runner/work/Reframe/Reframe/App/AutoReframe.xcodeproj
    /Applications/Xcode_16.2.app/Contents/Developer/Toolchains/XcodeDefault.xctoolchain/usr/bin/swift-frontend -c /Users/runner/work/Reframe/Reframe/Packages/ReframeCore/Sources/ReframeCore/CompositionRules.swift /Users/runner/work/Reframe/Reframe/Packages/ReframeCore/Sources/ReframeCore/Metrics/ReframeMetrics.swift /Users/runner/work/Reframe/Reframe/Packages/ReframeCore/Sources/ReframeCore/Models/CropGeometry.swift /Users/runner/work/Reframe/Reframe/Packages/ReframeCore/Sources/ReframeCore/Models/CropPoint.swift -primary-file /Users/runner/work/Reframe/Reframe/Packages/ReframeCore/Sources/ReframeCore/Models/ReframeSettings.swift -primary-file /Users/runner/work/Reframe/Reframe/Packages/ReframeCore/Sources/ReframeCore/Models/TrackingPoint.swift -primary-file /Users/runner/work/Reframe/Reframe/Packages/ReframeCore/Sources/ReframeCore/Pipeline/ReframePipeline.swift /Users/runner/work/Reframe/Reframe/Packages/ReframeCore/Sources/ReframeCore/ReframeEngine.swift /Users/runner/work/Reframe/Reframe/Packages/ReframeCore/Sources/ReframeCore/Smoothing/CriticallyDampedSpring.swift /Users/runner/work/Reframe/Reframe/Packages/ReframeCore/Sources/ReframeCore/Smoothing/OneEuroFilter.swift -supplementary-output-file-map /Users/runner/work/Reframe/Reframe/App/build/Build/Intermediates.noindex/ReframeCore.build/Debug-iphonesimulator/ReframeCore.build/Objects-normal/arm64/supplementaryOutputs-4 -target arm64-apple-ios16.0-simulator -Xllvm -aarch64-use-tbi -enable-objc-interop -sdk /Applications/Xcode_16.2.app/Contents/Developer/Platforms/iPhoneSimulator.platform/Developer/SDKs/iPhoneSimulator18.2.sdk -I /Users/runner/work/Reframe/Reframe/App/build/Build/Products/Debug-iphonesimulator -I /Applications/Xcode_16.2.app/Contents/Developer/Platforms/iPhoneSimulator.platform/Developer/usr/lib -F /Users/runner/work/Reframe/Reframe/App/build/Build/Products/Debug-iphonesimulator -F /Applications/Xcode_16.2.app/Contents/Developer/Platforms/iPhoneSimulator.platform/Developer/Library/Frameworks -F /Applications/Xcode_16.2.app/Contents/Developer/Platforms/iPhoneSimulator.platform/Developer/SDKs/iPhoneSimulator18.2.sdk/Developer/Library/Frameworks -no-color-diagnostics -enable-testing -g -debug-info-format\=dwarf -dwarf-version\=4 -module-cache-path /Users/runner/work/Reframe/Reframe/App/build/ModuleCache.noindex -swift-version 5 -enforce-exclusivity\=checked -Onone -D SWIFT_PACKAGE -D DEBUG -D Xcode -serialize-debugging-options -const-gather-protocols-file /Users/runner/work/Reframe/Reframe/App/build/Build/Intermediates.noindex/ReframeCore.build/Debug-iphonesimulator/ReframeCore.build/Objects-normal/arm64/ReframeCore_const_extract_protocols.json -enable-experimental-feature DebugDescriptionMacro -enable-experimental-feature OpaqueTypeErasure -empty-abi-descriptor -plugin-path /Applications/Xcode_16.2.app/Contents/Developer/Toolchains/XcodeDefault.xctoolchain/usr/lib/swift/host/plugins/testing -validate-clang-modules-once -clang-build-session-file /Users/runner/work/Reframe/Reframe/App/build/ModuleCache.noindex/Session.modulevalidation -Xcc -working-directory -Xcc /Users/runner/work/Reframe/Reframe/App/AutoReframe.xcodeproj -resource-dir /Applications/Xcode_16.2.app/Contents/Developer/Toolchains/XcodeDefault.xctoolchain/usr/lib/swift -enable-anonymous-context-mangled-names -file-compilation-dir /Users/runner/work/Reframe/Reframe/App/AutoReframe.xcodeproj -Xcc -D_LIBCPP_HARDENING_MODE\=_LIBCPP_HARDENING_MODE_DEBUG -Xcc -ivfsstatcache -Xcc /Users/runner/work/Reframe/Reframe/App/build/SDKStatCaches.noindex/iphonesimulator18.2-22C146-16b5fc1f628d844b188c57a1ba9d6a81.sdkstatcache -Xcc -I/Users/runner/work/Reframe/Reframe/App/build/Build/Intermediates.noindex/ReframeCore.build/Debug-iphonesimulator/ReframeCore.build/swift-overrides.hmap -Xcc -I/Users/runner/work/Reframe/Reframe/App/build/Build/Products/Debug-iphonesimulator/include -Xcc -I/Users/runner/work/Reframe/Reframe/App/build/Build/Intermediates.noindex/ReframeCore.build/Debug-iphonesimulator/ReframeCore.build/DerivedSources-normal/arm64 -Xcc -I/Users/runner/work/Reframe/Reframe/App/build/Build/Intermediates.noindex/ReframeCore.build/Debug-iphonesimulator/ReframeCore.build/DerivedSources/arm64 -Xcc -I/Users/runner/work/Reframe/Reframe/App/build/Build/Intermediates.noindex/ReframeCore.build/Debug-iphonesimulator/ReframeCore.build/DerivedSources -Xcc -DSWIFT_PACKAGE -Xcc -DDEBUG\=1 -module-name ReframeCore -package-name reframecore -frontend-parseable-output -disable-clang-spi -target-sdk-version 18.2 -target-sdk-name iphonesimulator18.2 -external-plugin-path /Applications/Xcode_16.2.app/Contents/Developer/Platforms/iPhoneOS.platform/Developer/usr/lib/swift/host/plugins\#/Applications/Xcode_16.2.app/Contents/Developer/Platforms/iPhoneOS.platform/Developer/usr/bin/swift-plugin-server -external-plugin-path /Applications/Xcode_16.2.app/Contents/Developer/Platforms/iPhoneOS.platform/Developer/usr/local/lib/swift/host/plugins\#/Applications/Xcode_16.2.app/Contents/Developer/Platforms/iPhoneOS.platform/Developer/usr/bin/swift-plugin-server -plugin-path /Applications/Xcode_16.2.app/Contents/Developer/Toolchains/XcodeDefault.xctoolchain/usr/lib/swift/host/plugins -plugin-path /Applications/Xcode_16.2.app/Contents/Developer/Toolchains/XcodeDefault.xctoolchain/usr/local/lib/swift/host/plugins -o /Users/runner/work/Reframe/Reframe/App/build/Build/Intermediates.noindex/ReframeCore.build/Debug-iphonesimulator/ReframeCore.build/Objects-normal/arm64/ReframeSettings.o -o /Users/runner/work/Reframe/Reframe/App/build/Build/Intermediates.noindex/ReframeCore.build/Debug-iphonesimulator/ReframeCore.build/Objects-normal/arm64/TrackingPoint.o -o /Users/runner/work/Reframe/Reframe/App/build/Build/Intermediates.noindex/ReframeCore.build/Debug-iphonesimulator/ReframeCore.build/Objects-normal/arm64/ReframePipeline.o -index-unit-output-path /ReframeCore.build/Debug-iphonesimulator/ReframeCore.build/Objects-normal/arm64/ReframeSettings.o -index-unit-output-path /ReframeCore.build/Debug-iphonesimulator/ReframeCore.build/Objects-normal/arm64/TrackingPoint.o -index-unit-output-path /ReframeCore.build/Debug-iphonesimulator/ReframeCore.build/Objects-normal/arm64/ReframePipeline.o -index-store-path /Users/runner/work/Reframe/Reframe/App/build/Index.noindex/DataStore -index-system-modules

SwiftCompile normal arm64 /Users/runner/work/Reframe/Reframe/Packages/ReframeCore/Sources/ReframeCore/Models/TrackingPoint.swift (in target 'ReframeCore' from project 'ReframeCore')
    cd /Users/runner/work/Reframe/Reframe/App/AutoReframe.xcodeproj
    /Applications/Xcode_16.2.app/Contents/Developer/Toolchains/XcodeDefault.xctoolchain/usr/bin/swift-frontend -c /Users/runner/work/Reframe/Reframe/Packages/ReframeCore/Sources/ReframeCore/CompositionRules.swift /Users/runner/work/Reframe/Reframe/Packages/ReframeCore/Sources/ReframeCore/Metrics/ReframeMetrics.swift /Users/runner/work/Reframe/Reframe/Packages/ReframeCore/Sources/ReframeCore/Models/CropGeometry.swift /Users/runner/work/Reframe/Reframe/Packages/ReframeCore/Sources/ReframeCore/Models/CropPoint.swift -primary-file /Users/runner/work/Reframe/Reframe/Packages/ReframeCore/Sources/ReframeCore/Models/ReframeSettings.swift -primary-file /Users/runner/work/Reframe/Reframe/Packages/ReframeCore/Sources/ReframeCore/Models/TrackingPoint.swift -primary-file /Users/runner/work/Reframe/Reframe/Packages/ReframeCore/Sources/ReframeCore/Pipeline/ReframePipeline.swift /Users/runner/work/Reframe/Reframe/Packages/ReframeCore/Sources/ReframeCore/ReframeEngine.swift /Users/runner/work/Reframe/Reframe/Packages/ReframeCore/Sources/ReframeCore/Smoothing/CriticallyDampedSpring.swift /Users/runner/work/Reframe/Reframe/Packages/ReframeCore/Sources/ReframeCore/Smoothing/OneEuroFilter.swift -supplementary-output-file-map /Users/runner/work/Reframe/Reframe/App/build/Build/Intermediates.noindex/ReframeCore.build/Debug-iphonesimulator/ReframeCore.build/Objects-normal/arm64/supplementaryOutputs-4 -target arm64-apple-ios16.0-simulator -Xllvm -aarch64-use-tbi -enable-objc-interop -sdk /Applications/Xcode_16.2.app/Contents/Developer/Platforms/iPhoneSimulator.platform/Developer/SDKs/iPhoneSimulator18.2.sdk -I /Users/runner/work/Reframe/Reframe/App/build/Build/Products/Debug-iphonesimulator -I /Applications/Xcode_16.2.app/Contents/Developer/Platforms/iPhoneSimulator.platform/Developer/usr/lib -F /Users/runner/work/Reframe/Reframe/App/build/Build/Products/Debug-iphonesimulator -F /Applications/Xcode_16.2.app/Contents/Developer/Platforms/iPhoneSimulator.platform/Developer/Library/Frameworks -F /Applications/Xcode_16.2.app/Contents/Developer/Platforms/iPhoneSimulator.platform/Developer/SDKs/iPhoneSimulator18.2.sdk/Developer/Library/Frameworks -no-color-diagnostics -enable-testing -g -debug-info-format\=dwarf -dwarf-version\=4 -module-cache-path /Users/runner/work/Reframe/Reframe/App/build/ModuleCache.noindex -swift-version 5 -enforce-exclusivity\=checked -Onone -D SWIFT_PACKAGE -D DEBUG -D Xcode -serialize-debugging-options -const-gather-protocols-file /Users/runner/work/Reframe/Reframe/App/build/Build/Intermediates.noindex/ReframeCore.build/Debug-iphonesimulator/ReframeCore.build/Objects-normal/arm64/ReframeCore_const_extract_protocols.json -enable-experimental-feature DebugDescriptionMacro -enable-experimental-feature OpaqueTypeErasure -empty-abi-descriptor -plugin-path /Applications/Xcode_16.2.app/Contents/Developer/Toolchains/XcodeDefault.xctoolchain/usr/lib/swift/host/plugins/testing -validate-clang-modules-once -clang-build-session-file /Users/runner/work/Reframe/Reframe/App/build/ModuleCache.noindex/Session.modulevalidation -Xcc -working-directory -Xcc /Users/runner/work/Reframe/Reframe/App/AutoReframe.xcodeproj -resource-dir /Applications/Xcode_16.2.app/Contents/Developer/Toolchains/XcodeDefault.xctoolchain/usr/lib/swift -enable-anonymous-context-mangled-names -file-compilation-dir /Users/runner/work/Reframe/Reframe/App/AutoReframe.xcodeproj -Xcc -D_LIBCPP_HARDENING_MODE\=_LIBCPP_HARDENING_MODE_DEBUG -Xcc -ivfsstatcache -Xcc /Users/runner/work/Reframe/Reframe/App/build/SDKStatCaches.noindex/iphonesimulator18.2-22C146-16b5fc1f628d844b188c57a1ba9d6a81.sdkstatcache -Xcc -I/Users/runner/work/Reframe/Reframe/App/build/Build/Intermediates.noindex/ReframeCore.build/Debug-iphonesimulator/ReframeCore.build/swift-overrides.hmap -Xcc -I/Users/runner/work/Reframe/Reframe/App/build/Build/Products/Debug-iphonesimulator/include -Xcc -I/Users/runner/work/Reframe/Reframe/App/build/Build/Intermediates.noindex/ReframeCore.build/Debug-iphonesimulator/ReframeCore.build/DerivedSources-normal/arm64 -Xcc -I/Users/runner/work/Reframe/Reframe/App/build/Build/Intermediates.noindex/ReframeCore.build/Debug-iphonesimulator/ReframeCore.build/DerivedSources/arm64 -Xcc -I/Users/runner/work/Reframe/Reframe/App/build/Build/Intermediates.noindex/ReframeCore.build/Debug-iphonesimulator/ReframeCore.build/DerivedSources -Xcc -DSWIFT_PACKAGE -Xcc -DDEBUG\=1 -module-name ReframeCore -package-name reframecore -frontend-parseable-output -disable-clang-spi -target-sdk-version 18.2 -target-sdk-name iphonesimulator18.2 -external-plugin-path /Applications/Xcode_16.2.app/Contents/Developer/Platforms/iPhoneOS.platform/Developer/usr/lib/swift/host/plugins\#/Applications/Xcode_16.2.app/Contents/Developer/Platforms/iPhoneOS.platform/Developer/usr/bin/swift-plugin-server -external-plugin-path /Applications/Xcode_16.2.app/Contents/Developer/Platforms/iPhoneOS.platform/Developer/usr/local/lib/swift/host/plugins\#/Applications/Xcode_16.2.app/Contents/Developer/Platforms/iPhoneOS.platform/Developer/usr/bin/swift-plugin-server -plugin-path /Applications/Xcode_16.2.app/Contents/Developer/Toolchains/XcodeDefault.xctoolchain/usr/lib/swift/host/plugins -plugin-path /Applications/Xcode_16.2.app/Contents/Developer/Toolchains/XcodeDefault.xctoolchain/usr/local/lib/swift/host/plugins -o /Users/runner/work/Reframe/Reframe/App/build/Build/Intermediates.noindex/ReframeCore.build/Debug-iphonesimulator/ReframeCore.build/Objects-normal/arm64/ReframeSettings.o -o /Users/runner/work/Reframe/Reframe/App/build/Build/Intermediates.noindex/ReframeCore.build/Debug-iphonesimulator/ReframeCore.build/Objects-normal/arm64/TrackingPoint.o -o /Users/runner/work/Reframe/Reframe/App/build/Build/Intermediates.noindex/ReframeCore.build/Debug-iphonesimulator/ReframeCore.build/Objects-normal/arm64/ReframePipeline.o -index-unit-output-path /ReframeCore.build/Debug-iphonesimulator/ReframeCore.build/Objects-normal/arm64/ReframeSettings.o -index-unit-output-path /ReframeCore.build/Debug-iphonesimulator/ReframeCore.build/Objects-normal/arm64/TrackingPoint.o -index-unit-output-path /ReframeCore.build/Debug-iphonesimulator/ReframeCore.build/Objects-normal/arm64/ReframePipeline.o -index-store-path /Users/runner/work/Reframe/Reframe/App/build/Index.noindex/DataStore -index-system-modules

SwiftCompile normal arm64 /Users/runner/work/Reframe/Reframe/Packages/ReframeCore/Sources/ReframeCore/Pipeline/ReframePipeline.swift (in target 'ReframeCore' from project 'ReframeCore')
    cd /Users/runner/work/Reframe/Reframe/App/AutoReframe.xcodeproj
    /Applications/Xcode_16.2.app/Contents/Developer/Toolchains/XcodeDefault.xctoolchain/usr/bin/swift-frontend -c /Users/runner/work/Reframe/Reframe/Packages/ReframeCore/Sources/ReframeCore/CompositionRules.swift /Users/runner/work/Reframe/Reframe/Packages/ReframeCore/Sources/ReframeCore/Metrics/ReframeMetrics.swift /Users/runner/work/Reframe/Reframe/Packages/ReframeCore/Sources/ReframeCore/Models/CropGeometry.swift /Users/runner/work/Reframe/Reframe/Packages/ReframeCore/Sources/ReframeCore/Models/CropPoint.swift -primary-file /Users/runner/work/Reframe/Reframe/Packages/ReframeCore/Sources/ReframeCore/Models/ReframeSettings.swift -primary-file /Users/runner/work/Reframe/Reframe/Packages/ReframeCore/Sources/ReframeCore/Models/TrackingPoint.swift -primary-file /Users/runner/work/Reframe/Reframe/Packages/ReframeCore/Sources/ReframeCore/Pipeline/ReframePipeline.swift /Users/runner/work/Reframe/Reframe/Packages/ReframeCore/Sources/ReframeCore/ReframeEngine.swift /Users/runner/work/Reframe/Reframe/Packages/ReframeCore/Sources/ReframeCore/Smoothing/CriticallyDampedSpring.swift /Users/runner/work/Reframe/Reframe/Packages/ReframeCore/Sources/ReframeCore/Smoothing/OneEuroFilter.swift -supplementary-output-file-map /Users/runner/work/Reframe/Reframe/App/build/Build/Intermediates.noindex/ReframeCore.build/Debug-iphonesimulator/ReframeCore.build/Objects-normal/arm64/supplementaryOutputs-4 -target arm64-apple-ios16.0-simulator -Xllvm -aarch64-use-tbi -enable-objc-interop -sdk /Applications/Xcode_16.2.app/Contents/Developer/Platforms/iPhoneSimulator.platform/Developer/SDKs/iPhoneSimulator18.2.sdk -I /Users/runner/work/Reframe/Reframe/App/build/Build/Products/Debug-iphonesimulator -I /Applications/Xcode_16.2.app/Contents/Developer/Platforms/iPhoneSimulator.platform/Developer/usr/lib -F /Users/runner/work/Reframe/Reframe/App/build/Build/Products/Debug-iphonesimulator -F /Applications/Xcode_16.2.app/Contents/Developer/Platforms/iPhoneSimulator.platform/Developer/Library/Frameworks -F /Applications/Xcode_16.2.app/Contents/Developer/Platforms/iPhoneSimulator.platform/Developer/SDKs/iPhoneSimulator18.2.sdk/Developer/Library/Frameworks -no-color-diagnostics -enable-testing -g -debug-info-format\=dwarf -dwarf-version\=4 -module-cache-path /Users/runner/work/Reframe/Reframe/App/build/ModuleCache.noindex -swift-version 5 -enforce-exclusivity\=checked -Onone -D SWIFT_PACKAGE -D DEBUG -D Xcode -serialize-debugging-options -const-gather-protocols-file /Users/runner/work/Reframe/Reframe/App/build/Build/Intermediates.noindex/ReframeCore.build/Debug-iphonesimulator/ReframeCore.build/Objects-normal/arm64/ReframeCore_const_extract_protocols.json -enable-experimental-feature DebugDescriptionMacro -enable-experimental-feature OpaqueTypeErasure -empty-abi-descriptor -plugin-path /Applications/Xcode_16.2.app/Contents/Developer/Toolchains/XcodeDefault.xctoolchain/usr/lib/swift/host/plugins/testing -validate-clang-modules-once -clang-build-session-file /Users/runner/work/Reframe/Reframe/App/build/ModuleCache.noindex/Session.modulevalidation -Xcc -working-directory -Xcc /Users/runner/work/Reframe/Reframe/App/AutoReframe.xcodeproj -resource-dir /Applications/Xcode_16.2.app/Contents/Developer/Toolchains/XcodeDefault.xctoolchain/usr/lib/swift -enable-anonymous-context-mangled-names -file-compilation-dir /Users/runner/work/Reframe/Reframe/App/AutoReframe.xcodeproj -Xcc -D_LIBCPP_HARDENING_MODE\=_LIBCPP_HARDENING_MODE_DEBUG -Xcc -ivfsstatcache -Xcc /Users/runner/work/Reframe/Reframe/App/build/SDKStatCaches.noindex/iphonesimulator18.2-22C146-16b5fc1f628d844b188c57a1ba9d6a81.sdkstatcache -Xcc -I/Users/runner/work/Reframe/Reframe/App/build/Build/Intermediates.noindex/ReframeCore.build/Debug-iphonesimulator/ReframeCore.build/swift-overrides.hmap -Xcc -I/Users/runner/work/Reframe/Reframe/App/build/Build/Products/Debug-iphonesimulator/include -Xcc -I/Users/runner/work/Reframe/Reframe/App/build/Build/Intermediates.noindex/ReframeCore.build/Debug-iphonesimulator/ReframeCore.build/DerivedSources-normal/arm64 -Xcc -I/Users/runner/work/Reframe/Reframe/App/build/Build/Intermediates.noindex/ReframeCore.build/Debug-iphonesimulator/ReframeCore.build/DerivedSources/arm64 -Xcc -I/Users/runner/work/Reframe/Reframe/App/build/Build/Intermediates.noindex/ReframeCore.build/Debug-iphonesimulator/ReframeCore.build/DerivedSources -Xcc -DSWIFT_PACKAGE -Xcc -DDEBUG\=1 -module-name ReframeCore -package-name reframecore -frontend-parseable-output -disable-clang-spi -target-sdk-version 18.2 -target-sdk-name iphonesimulator18.2 -external-plugin-path /Applications/Xcode_16.2.app/Contents/Developer/Platforms/iPhoneOS.platform/Developer/usr/lib/swift/host/plugins\#/Applications/Xcode_16.2.app/Contents/Developer/Platforms/iPhoneOS.platform/Developer/usr/bin/swift-plugin-server -external-plugin-path /Applications/Xcode_16.2.app/Contents/Developer/Platforms/iPhoneOS.platform/Developer/usr/local/lib/swift/host/plugins\#/Applications/Xcode_16.2.app/Contents/Developer/Platforms/iPhoneOS.platform/Developer/usr/bin/swift-plugin-server -plugin-path /Applications/Xcode_16.2.app/Contents/Developer/Toolchains/XcodeDefault.xctoolchain/usr/lib/swift/host/plugins -plugin-path /Applications/Xcode_16.2.app/Contents/Developer/Toolchains/XcodeDefault.xctoolchain/usr/local/lib/swift/host/plugins -o /Users/runner/work/Reframe/Reframe/App/build/Build/Intermediates.noindex/ReframeCore.build/Debug-iphonesimulator/ReframeCore.build/Objects-normal/arm64/ReframeSettings.o -o /Users/runner/work/Reframe/Reframe/App/build/Build/Intermediates.noindex/ReframeCore.build/Debug-iphonesimulator/ReframeCore.build/Objects-normal/arm64/TrackingPoint.o -o /Users/runner/work/Reframe/Reframe/App/build/Build/Intermediates.noindex/ReframeCore.build/Debug-iphonesimulator/ReframeCore.build/Objects-normal/arm64/ReframePipeline.o -index-unit-output-path /ReframeCore.build/Debug-iphonesimulator/ReframeCore.build/Objects-normal/arm64/ReframeSettings.o -index-unit-output-path /ReframeCore.build/Debug-iphonesimulator/ReframeCore.build/Objects-normal/arm64/TrackingPoint.o -index-unit-output-path /ReframeCore.build/Debug-iphonesimulator/ReframeCore.build/Objects-normal/arm64/ReframePipeline.o -index-store-path /Users/runner/work/Reframe/Reframe/App/build/Index.noindex/DataStore -index-system-modules

SwiftMergeGeneratedHeaders /Users/runner/work/Reframe/Reframe/App/build/Build/Intermediates.noindex/GeneratedModuleMaps-iphonesimulator/ReframeCore-Swift.h /Users/runner/work/Reframe/Reframe/App/build/Build/Intermediates.noindex/ReframeCore.build/Debug-iphonesimulator/ReframeCore.build/Objects-normal/arm64/ReframeCore-Swift.h /Users/runner/work/Reframe/Reframe/App/build/Build/Intermediates.noindex/ReframeCore.build/Debug-iphonesimulator/ReframeCore.build/Objects-normal/x86_64/ReframeCore-Swift.h (in target 'ReframeCore' from project 'ReframeCore')
    cd /Users/runner/work/Reframe/Reframe/Packages/ReframeCore
    builtin-swiftHeaderTool -arch arm64 /Users/runner/work/Reframe/Reframe/App/build/Build/Intermediates.noindex/ReframeCore.build/Debug-iphonesimulator/ReframeCore.build/Objects-normal/arm64/ReframeCore-Swift.h -arch x86_64 /Users/runner/work/Reframe/Reframe/App/build/Build/Intermediates.noindex/ReframeCore.build/Debug-iphonesimulator/ReframeCore.build/Objects-normal/x86_64/ReframeCore-Swift.h -o /Users/runner/work/Reframe/Reframe/App/build/Build/Intermediates.noindex/GeneratedModuleMaps-iphonesimulator/ReframeCore-Swift.h

Copy /Users/runner/work/Reframe/Reframe/App/build/Build/Products/Debug-iphonesimulator/ReframeCore.swiftmodule/arm64-apple-ios-simulator.swiftmodule /Users/runner/work/Reframe/Reframe/App/build/Build/Intermediates.noindex/ReframeCore.build/Debug-iphonesimulator/ReframeCore.build/Objects-normal/arm64/ReframeCore.swiftmodule (in target 'ReframeCore' from project 'ReframeCore')
    cd /Users/runner/work/Reframe/Reframe/Packages/ReframeCore
    builtin-copy -exclude .DS_Store -exclude CVS -exclude .svn -exclude .git -exclude .hg -resolve-src-symlinks -rename /Users/runner/work/Reframe/Reframe/App/build/Build/Intermediates.noindex/ReframeCore.build/Debug-iphonesimulator/ReframeCore.build/Objects-normal/arm64/ReframeCore.swiftmodule /Users/runner/work/Reframe/Reframe/App/build/Build/Products/Debug-iphonesimulator/ReframeCore.swiftmodule/arm64-apple-ios-simulator.swiftmodule

Copy /Users/runner/work/Reframe/Reframe/App/build/Build/Products/Debug-iphonesimulator/ReframeCore.swiftmodule/arm64-apple-ios-simulator.swiftdoc /Users/runner/work/Reframe/Reframe/App/build/Build/Intermediates.noindex/ReframeCore.build/Debug-iphonesimulator/ReframeCore.build/Objects-normal/arm64/ReframeCore.swiftdoc (in target 'ReframeCore' from project 'ReframeCore')
    cd /Users/runner/work/Reframe/Reframe/Packages/ReframeCore
    builtin-copy -exclude .DS_Store -exclude CVS -exclude .svn -exclude .git -exclude .hg -resolve-src-symlinks -rename /Users/runner/work/Reframe/Reframe/App/build/Build/Intermediates.noindex/ReframeCore.build/Debug-iphonesimulator/ReframeCore.build/Objects-normal/arm64/ReframeCore.swiftdoc /Users/runner/work/Reframe/Reframe/App/build/Build/Products/Debug-iphonesimulator/ReframeCore.swiftmodule/arm64-apple-ios-simulator.swiftdoc

Copy /Users/runner/work/Reframe/Reframe/App/build/Build/Products/Debug-iphonesimulator/ReframeCore.swiftmodule/arm64-apple-ios-simulator.abi.json /Users/runner/work/Reframe/Reframe/App/build/Build/Intermediates.noindex/ReframeCore.build/Debug-iphonesimulator/ReframeCore.build/Objects-normal/arm64/ReframeCore.abi.json (in target 'ReframeCore' from project 'ReframeCore')
    cd /Users/runner/work/Reframe/Reframe/Packages/ReframeCore
    builtin-copy -exclude .DS_Store -exclude CVS -exclude .svn -exclude .git -exclude .hg -resolve-src-symlinks -rename /Users/runner/work/Reframe/Reframe/App/build/Build/Intermediates.noindex/ReframeCore.build/Debug-iphonesimulator/ReframeCore.build/Objects-normal/arm64/ReframeCore.abi.json /Users/runner/work/Reframe/Reframe/App/build/Build/Products/Debug-iphonesimulator/ReframeCore.swiftmodule/arm64-apple-ios-simulator.abi.json

Copy /Users/runner/work/Reframe/Reframe/App/build/Build/Products/Debug-iphonesimulator/ReframeCore.swiftmodule/Project/arm64-apple-ios-simulator.swiftsourceinfo /Users/runner/work/Reframe/Reframe/App/build/Build/Intermediates.noindex/ReframeCore.build/Debug-iphonesimulator/ReframeCore.build/Objects-normal/arm64/ReframeCore.swiftsourceinfo (in target 'ReframeCore' from project 'ReframeCore')
    cd /Users/runner/work/Reframe/Reframe/Packages/ReframeCore
    builtin-copy -exclude .DS_Store -exclude CVS -exclude .svn -exclude .git -exclude .hg -resolve-src-symlinks -rename /Users/runner/work/Reframe/Reframe/App/build/Build/Intermediates.noindex/ReframeCore.build/Debug-iphonesimulator/ReframeCore.build/Objects-normal/arm64/ReframeCore.swiftsourceinfo /Users/runner/work/Reframe/Reframe/App/build/Build/Products/Debug-iphonesimulator/ReframeCore.swiftmodule/Project/arm64-apple-ios-simulator.swiftsourceinfo

SwiftCompile normal x86_64 Compiling\ ReframeEngine.swift,\ CriticallyDampedSpring.swift,\ OneEuroFilter.swift /Users/runner/work/Reframe/Reframe/Packages/ReframeCore/Sources/ReframeCore/ReframeEngine.swift /Users/runner/work/Reframe/Reframe/Packages/ReframeCore/Sources/ReframeCore/Smoothing/CriticallyDampedSpring.swift /Users/runner/work/Reframe/Reframe/Packages/ReframeCore/Sources/ReframeCore/Smoothing/OneEuroFilter.swift (in target 'ReframeCore' from project 'ReframeCore')
    cd /Users/runner/work/Reframe/Reframe/App/AutoReframe.xcodeproj
    builtin-swiftTaskExecution -- /Applications/Xcode_16.2.app/Contents/Developer/Toolchains/XcodeDefault.xctoolchain/usr/bin/swift-frontend -frontend -c /Users/runner/work/Reframe/Reframe/Packages/ReframeCore/Sources/ReframeCore/CompositionRules.swift /Users/runner/work/Reframe/Reframe/Packages/ReframeCore/Sources/ReframeCore/Metrics/ReframeMetrics.swift /Users/runner/work/Reframe/Reframe/Packages/ReframeCore/Sources/ReframeCore/Models/CropGeometry.swift /Users/runner/work/Reframe/Reframe/Packages/ReframeCore/Sources/ReframeCore/Models/CropPoint.swift /Users/runner/work/Reframe/Reframe/Packages/ReframeCore/Sources/ReframeCore/Models/ReframeSettings.swift /Users/runner/work/Reframe/Reframe/Packages/ReframeCore/Sources/ReframeCore/Models/TrackingPoint.swift /Users/runner/work/Reframe/Reframe/Packages/ReframeCore/Sources/ReframeCore/Pipeline/ReframePipeline.swift -primary-file /Users/runner/work/Reframe/Reframe/Packages/ReframeCore/Sources/ReframeCore/ReframeEngine.swift -primary-file /Users/runner/work/Reframe/Reframe/Packages/ReframeCore/Sources/ReframeCore/Smoothing/CriticallyDampedSpring.swift -primary-file /Users/runner/work/Reframe/Reframe/Packages/ReframeCore/Sources/ReframeCore/Smoothing/OneEuroFilter.swift -supplementary-output-file-map /Users/runner/work/Reframe/Reframe/App/build/Build/Intermediates.noindex/ReframeCore.build/Debug-iphonesimulator/ReframeCore.build/Objects-normal/x86_64/supplementaryOutputs-6 -target x86_64-apple-ios16.0-simulator -enable-objc-interop -sdk /Applications/Xcode_16.2.app/Contents/Developer/Platforms/iPhoneSimulator.platform/Developer/SDKs/iPhoneSimulator18.2.sdk -I /Users/runner/work/Reframe/Reframe/App/build/Build/Products/Debug-iphonesimulator -I /Applications/Xcode_16.2.app/Contents/Developer/Platforms/iPhoneSimulator.platform/Developer/usr/lib -F /Users/runner/work/Reframe/Reframe/App/build/Build/Products/Debug-iphonesimulator -F /Applications/Xcode_16.2.app/Contents/Developer/Platforms/iPhoneSimulator.platform/Developer/Library/Frameworks -F /Applications/Xcode_16.2.app/Contents/Developer/Platforms/iPhoneSimulator.platform/Developer/SDKs/iPhoneSimulator18.2.sdk/Developer/Library/Frameworks -no-color-diagnostics -enable-testing -g -debug-info-format\=dwarf -dwarf-version\=4 -module-cache-path /Users/runner/work/Reframe/Reframe/App/build/ModuleCache.noindex -swift-version 5 -enforce-exclusivity\=checked -Onone -D SWIFT_PACKAGE -D DEBUG -D Xcode -serialize-debugging-options -const-gather-protocols-file /Users/runner/work/Reframe/Reframe/App/build/Build/Intermediates.noindex/ReframeCore.build/Debug-iphonesimulator/ReframeCore.build/Objects-normal/x86_64/ReframeCore_const_extract_protocols.json -enable-experimental-feature DebugDescriptionMacro -enable-experimental-feature OpaqueTypeErasure -empty-abi-descriptor -plugin-path /Applications/Xcode_16.2.app/Contents/Developer/Toolchains/XcodeDefault.xctoolchain/usr/lib/swift/host/plugins/testing -validate-clang-modules-once -clang-build-session-file /Users/runner/work/Reframe/Reframe/App/build/ModuleCache.noindex/Session.modulevalidation -Xcc -working-directory -Xcc /Users/runner/work/Reframe/Reframe/App/AutoReframe.xcodeproj -resource-dir /Applications/Xcode_16.2.app/Contents/Developer/Toolchains/XcodeDefault.xctoolchain/usr/lib/swift -enable-anonymous-context-mangled-names -file-compilation-dir /Users/runner/work/Reframe/Reframe/App/AutoReframe.xcodeproj -Xcc -D_LIBCPP_HARDENING_MODE\=_LIBCPP_HARDENING_MODE_DEBUG -Xcc -ivfsstatcache -Xcc /Users/runner/work/Reframe/Reframe/App/build/SDKStatCaches.noindex/iphonesimulator18.2-22C146-16b5fc1f628d844b188c57a1ba9d6a81.sdkstatcache -Xcc -I/Users/runner/work/Reframe/Reframe/App/build/Build/Intermediates.noindex/ReframeCore.build/Debug-iphonesimulator/ReframeCore.build/swift-overrides.hmap -Xcc -I/Users/runner/work/Reframe/Reframe/App/build/Build/Products/Debug-iphonesimulator/include -Xcc -I/Users/runner/work/Reframe/Reframe/App/build/Build/Intermediates.noindex/ReframeCore.build/Debug-iphonesimulator/ReframeCore.build/DerivedSources-normal/x86_64 -Xcc -I/Users/runner/work/Reframe/Reframe/App/build/Build/Intermediates.noindex/ReframeCore.build/Debug-iphonesimulator/ReframeCore.build/DerivedSources/x86_64 -Xcc -I/Users/runner/work/Reframe/Reframe/App/build/Build/Intermediates.noindex/ReframeCore.build/Debug-iphonesimulator/ReframeCore.build/DerivedSources -Xcc -DSWIFT_PACKAGE -Xcc -DDEBUG\=1 -module-name ReframeCore -package-name reframecore -frontend-parseable-output -disable-clang-spi -target-sdk-version 18.2 -target-sdk-name iphonesimulator18.2 -external-plugin-path /Applications/Xcode_16.2.app/Contents/Developer/Platforms/iPhoneOS.platform/Developer/usr/lib/swift/host/plugins\#/Applications/Xcode_16.2.app/Contents/Developer/Platforms/iPhoneOS.platform/Developer/usr/bin/swift-plugin-server -external-plugin-path /Applications/Xcode_16.2.app/Contents/Developer/Platforms/iPhoneOS.platform/Developer/usr/local/lib/swift/host/plugins\#/Applications/Xcode_16.2.app/Contents/Developer/Platforms/iPhoneOS.platform/Developer/usr/bin/swift-plugin-server -plugin-path /Applications/Xcode_16.2.app/Contents/Developer/Toolchains/XcodeDefault.xctoolchain/usr/lib/swift/host/plugins -plugin-path /Applications/Xcode_16.2.app/Contents/Developer/Toolchains/XcodeDefault.xctoolchain/usr/local/lib/swift/host/plugins -o /Users/runner/work/Reframe/Reframe/App/build/Build/Intermediates.noindex/ReframeCore.build/Debug-iphonesimulator/ReframeCore.build/Objects-normal/x86_64/ReframeEngine.o -o /Users/runner/work/Reframe/Reframe/App/build/Build/Intermediates.noindex/ReframeCore.build/Debug-iphonesimulator/ReframeCore.build/Objects-normal/x86_64/CriticallyDampedSpring.o -o /Users/runner/work/Reframe/Reframe/App/build/Build/Intermediates.noindex/ReframeCore.build/Debug-iphonesimulator/ReframeCore.build/Objects-normal/x86_64/OneEuroFilter.o -index-unit-output-path /ReframeCore.build/Debug-iphonesimulator/ReframeCore.build/Objects-normal/x86_64/ReframeEngine.o -index-unit-output-path /ReframeCore.build/Debug-iphonesimulator/ReframeCore.build/Objects-normal/x86_64/CriticallyDampedSpring.o -index-unit-output-path /ReframeCore.build/Debug-iphonesimulator/ReframeCore.build/Objects-normal/x86_64/OneEuroFilter.o -index-store-path /Users/runner/work/Reframe/Reframe/App/build/Index.noindex/DataStore -index-system-modules

SwiftCompile normal x86_64 /Users/runner/work/Reframe/Reframe/Packages/ReframeCore/Sources/ReframeCore/ReframeEngine.swift (in target 'ReframeCore' from project 'ReframeCore')
    cd /Users/runner/work/Reframe/Reframe/App/AutoReframe.xcodeproj
    /Applications/Xcode_16.2.app/Contents/Developer/Toolchains/XcodeDefault.xctoolchain/usr/bin/swift-frontend -c /Users/runner/work/Reframe/Reframe/Packages/ReframeCore/Sources/ReframeCore/CompositionRules.swift /Users/runner/work/Reframe/Reframe/Packages/ReframeCore/Sources/ReframeCore/Metrics/ReframeMetrics.swift /Users/runner/work/Reframe/Reframe/Packages/ReframeCore/Sources/ReframeCore/Models/CropGeometry.swift /Users/runner/work/Reframe/Reframe/Packages/ReframeCore/Sources/ReframeCore/Models/CropPoint.swift /Users/runner/work/Reframe/Reframe/Packages/ReframeCore/Sources/ReframeCore/Models/ReframeSettings.swift /Users/runner/work/Reframe/Reframe/Packages/ReframeCore/Sources/ReframeCore/Models/TrackingPoint.swift /Users/runner/work/Reframe/Reframe/Packages/ReframeCore/Sources/ReframeCore/Pipeline/ReframePipeline.swift -primary-file /Users/runner/work/Reframe/Reframe/Packages/ReframeCore/Sources/ReframeCore/ReframeEngine.swift -primary-file /Users/runner/work/Reframe/Reframe/Packages/ReframeCore/Sources/ReframeCore/Smoothing/CriticallyDampedSpring.swift -primary-file /Users/runner/work/Reframe/Reframe/Packages/ReframeCore/Sources/ReframeCore/Smoothing/OneEuroFilter.swift -supplementary-output-file-map /Users/runner/work/Reframe/Reframe/App/build/Build/Intermediates.noindex/ReframeCore.build/Debug-iphonesimulator/ReframeCore.build/Objects-normal/x86_64/supplementaryOutputs-6 -target x86_64-apple-ios16.0-simulator -enable-objc-interop -sdk /Applications/Xcode_16.2.app/Contents/Developer/Platforms/iPhoneSimulator.platform/Developer/SDKs/iPhoneSimulator18.2.sdk -I /Users/runner/work/Reframe/Reframe/App/build/Build/Products/Debug-iphonesimulator -I /Applications/Xcode_16.2.app/Contents/Developer/Platforms/iPhoneSimulator.platform/Developer/usr/lib -F /Users/runner/work/Reframe/Reframe/App/build/Build/Products/Debug-iphonesimulator -F /Applications/Xcode_16.2.app/Contents/Developer/Platforms/iPhoneSimulator.platform/Developer/Library/Frameworks -F /Applications/Xcode_16.2.app/Contents/Developer/Platforms/iPhoneSimulator.platform/Developer/SDKs/iPhoneSimulator18.2.sdk/Developer/Library/Frameworks -no-color-diagnostics -enable-testing -g -debug-info-format\=dwarf -dwarf-version\=4 -module-cache-path /Users/runner/work/Reframe/Reframe/App/build/ModuleCache.noindex -swift-version 5 -enforce-exclusivity\=checked -Onone -D SWIFT_PACKAGE -D DEBUG -D Xcode -serialize-debugging-options -const-gather-protocols-file /Users/runner/work/Reframe/Reframe/App/build/Build/Intermediates.noindex/ReframeCore.build/Debug-iphonesimulator/ReframeCore.build/Objects-normal/x86_64/ReframeCore_const_extract_protocols.json -enable-experimental-feature DebugDescriptionMacro -enable-experimental-feature OpaqueTypeErasure -empty-abi-descriptor -plugin-path /Applications/Xcode_16.2.app/Contents/Developer/Toolchains/XcodeDefault.xctoolchain/usr/lib/swift/host/plugins/testing -validate-clang-modules-once -clang-build-session-file /Users/runner/work/Reframe/Reframe/App/build/ModuleCache.noindex/Session.modulevalidation -Xcc -working-directory -Xcc /Users/runner/work/Reframe/Reframe/App/AutoReframe.xcodeproj -resource-dir /Applications/Xcode_16.2.app/Contents/Developer/Toolchains/XcodeDefault.xctoolchain/usr/lib/swift -enable-anonymous-context-mangled-names -file-compilation-dir /Users/runner/work/Reframe/Reframe/App/AutoReframe.xcodeproj -Xcc -D_LIBCPP_HARDENING_MODE\=_LIBCPP_HARDENING_MODE_DEBUG -Xcc -ivfsstatcache -Xcc /Users/runner/work/Reframe/Reframe/App/build/SDKStatCaches.noindex/iphonesimulator18.2-22C146-16b5fc1f628d844b188c57a1ba9d6a81.sdkstatcache -Xcc -I/Users/runner/work/Reframe/Reframe/App/build/Build/Intermediates.noindex/ReframeCore.build/Debug-iphonesimulator/ReframeCore.build/swift-overrides.hmap -Xcc -I/Users/runner/work/Reframe/Reframe/App/build/Build/Products/Debug-iphonesimulator/include -Xcc -I/Users/runner/work/Reframe/Reframe/App/build/Build/Intermediates.noindex/ReframeCore.build/Debug-iphonesimulator/ReframeCore.build/DerivedSources-normal/x86_64 -Xcc -I/Users/runner/work/Reframe/Reframe/App/build/Build/Intermediates.noindex/ReframeCore.build/Debug-iphonesimulator/ReframeCore.build/DerivedSources/x86_64 -Xcc -I/Users/runner/work/Reframe/Reframe/App/build/Build/Intermediates.noindex/ReframeCore.build/Debug-iphonesimulator/ReframeCore.build/DerivedSources -Xcc -DSWIFT_PACKAGE -Xcc -DDEBUG\=1 -module-name ReframeCore -package-name reframecore -frontend-parseable-output -disable-clang-spi -target-sdk-version 18.2 -target-sdk-name iphonesimulator18.2 -external-plugin-path /Applications/Xcode_16.2.app/Contents/Developer/Platforms/iPhoneOS.platform/Developer/usr/lib/swift/host/plugins\#/Applications/Xcode_16.2.app/Contents/Developer/Platforms/iPhoneOS.platform/Developer/usr/bin/swift-plugin-server -external-plugin-path /Applications/Xcode_16.2.app/Contents/Developer/Platforms/iPhoneOS.platform/Developer/usr/local/lib/swift/host/plugins\#/Applications/Xcode_16.2.app/Contents/Developer/Platforms/iPhoneOS.platform/Developer/usr/bin/swift-plugin-server -plugin-path /Applications/Xcode_16.2.app/Contents/Developer/Toolchains/XcodeDefault.xctoolchain/usr/lib/swift/host/plugins -plugin-path /Applications/Xcode_16.2.app/Contents/Developer/Toolchains/XcodeDefault.xctoolchain/usr/local/lib/swift/host/plugins -o /Users/runner/work/Reframe/Reframe/App/build/Build/Intermediates.noindex/ReframeCore.build/Debug-iphonesimulator/ReframeCore.build/Objects-normal/x86_64/ReframeEngine.o -o /Users/runner/work/Reframe/Reframe/App/build/Build/Intermediates.noindex/ReframeCore.build/Debug-iphonesimulator/ReframeCore.build/Objects-normal/x86_64/CriticallyDampedSpring.o -o /Users/runner/work/Reframe/Reframe/App/build/Build/Intermediates.noindex/ReframeCore.build/Debug-iphonesimulator/ReframeCore.build/Objects-normal/x86_64/OneEuroFilter.o -index-unit-output-path /ReframeCore.build/Debug-iphonesimulator/ReframeCore.build/Objects-normal/x86_64/ReframeEngine.o -index-unit-output-path /ReframeCore.build/Debug-iphonesimulator/ReframeCore.build/Objects-normal/x86_64/CriticallyDampedSpring.o -index-unit-output-path /ReframeCore.build/Debug-iphonesimulator/ReframeCore.build/Objects-normal/x86_64/OneEuroFilter.o -index-store-path /Users/runner/work/Reframe/Reframe/App/build/Index.noindex/DataStore -index-system-modules

SwiftCompile normal x86_64 /Users/runner/work/Reframe/Reframe/Packages/ReframeCore/Sources/ReframeCore/Smoothing/CriticallyDampedSpring.swift (in target 'ReframeCore' from project 'ReframeCore')
    cd /Users/runner/work/Reframe/Reframe/App/AutoReframe.xcodeproj
    /Applications/Xcode_16.2.app/Contents/Developer/Toolchains/XcodeDefault.xctoolchain/usr/bin/swift-frontend -c /Users/runner/work/Reframe/Reframe/Packages/ReframeCore/Sources/ReframeCore/CompositionRules.swift /Users/runner/work/Reframe/Reframe/Packages/ReframeCore/Sources/ReframeCore/Metrics/ReframeMetrics.swift /Users/runner/work/Reframe/Reframe/Packages/ReframeCore/Sources/ReframeCore/Models/CropGeometry.swift /Users/runner/work/Reframe/Reframe/Packages/ReframeCore/Sources/ReframeCore/Models/CropPoint.swift /Users/runner/work/Reframe/Reframe/Packages/ReframeCore/Sources/ReframeCore/Models/ReframeSettings.swift /Users/runner/work/Reframe/Reframe/Packages/ReframeCore/Sources/ReframeCore/Models/TrackingPoint.swift /Users/runner/work/Reframe/Reframe/Packages/ReframeCore/Sources/ReframeCore/Pipeline/ReframePipeline.swift -primary-file /Users/runner/work/Reframe/Reframe/Packages/ReframeCore/Sources/ReframeCore/ReframeEngine.swift -primary-file /Users/runner/work/Reframe/Reframe/Packages/ReframeCore/Sources/ReframeCore/Smoothing/CriticallyDampedSpring.swift -primary-file /Users/runner/work/Reframe/Reframe/Packages/ReframeCore/Sources/ReframeCore/Smoothing/OneEuroFilter.swift -supplementary-output-file-map /Users/runner/work/Reframe/Reframe/App/build/Build/Intermediates.noindex/ReframeCore.build/Debug-iphonesimulator/ReframeCore.build/Objects-normal/x86_64/supplementaryOutputs-6 -target x86_64-apple-ios16.0-simulator -enable-objc-interop -sdk /Applications/Xcode_16.2.app/Contents/Developer/Platforms/iPhoneSimulator.platform/Developer/SDKs/iPhoneSimulator18.2.sdk -I /Users/runner/work/Reframe/Reframe/App/build/Build/Products/Debug-iphonesimulator -I /Applications/Xcode_16.2.app/Contents/Developer/Platforms/iPhoneSimulator.platform/Developer/usr/lib -F /Users/runner/work/Reframe/Reframe/App/build/Build/Products/Debug-iphonesimulator -F /Applications/Xcode_16.2.app/Contents/Developer/Platforms/iPhoneSimulator.platform/Developer/Library/Frameworks -F /Applications/Xcode_16.2.app/Contents/Developer/Platforms/iPhoneSimulator.platform/Developer/SDKs/iPhoneSimulator18.2.sdk/Developer/Library/Frameworks -no-color-diagnostics -enable-testing -g -debug-info-format\=dwarf -dwarf-version\=4 -module-cache-path /Users/runner/work/Reframe/Reframe/App/build/ModuleCache.noindex -swift-version 5 -enforce-exclusivity\=checked -Onone -D SWIFT_PACKAGE -D DEBUG -D Xcode -serialize-debugging-options -const-gather-protocols-file /Users/runner/work/Reframe/Reframe/App/build/Build/Intermediates.noindex/ReframeCore.build/Debug-iphonesimulator/ReframeCore.build/Objects-normal/x86_64/ReframeCore_const_extract_protocols.json -enable-experimental-feature DebugDescriptionMacro -enable-experimental-feature OpaqueTypeErasure -empty-abi-descriptor -plugin-path /Applications/Xcode_16.2.app/Contents/Developer/Toolchains/XcodeDefault.xctoolchain/usr/lib/swift/host/plugins/testing -validate-clang-modules-once -clang-build-session-file /Users/runner/work/Reframe/Reframe/App/build/ModuleCache.noindex/Session.modulevalidation -Xcc -working-directory -Xcc /Users/runner/work/Reframe/Reframe/App/AutoReframe.xcodeproj -resource-dir /Applications/Xcode_16.2.app/Contents/Developer/Toolchains/XcodeDefault.xctoolchain/usr/lib/swift -enable-anonymous-context-mangled-names -file-compilation-dir /Users/runner/work/Reframe/Reframe/App/AutoReframe.xcodeproj -Xcc -D_LIBCPP_HARDENING_MODE\=_LIBCPP_HARDENING_MODE_DEBUG -Xcc -ivfsstatcache -Xcc /Users/runner/work/Reframe/Reframe/App/build/SDKStatCaches.noindex/iphonesimulator18.2-22C146-16b5fc1f628d844b188c57a1ba9d6a81.sdkstatcache -Xcc -I/Users/runner/work/Reframe/Reframe/App/build/Build/Intermediates.noindex/ReframeCore.build/Debug-iphonesimulator/ReframeCore.build/swift-overrides.hmap -Xcc -I/Users/runner/work/Reframe/Reframe/App/build/Build/Products/Debug-iphonesimulator/include -Xcc -I/Users/runner/work/Reframe/Reframe/App/build/Build/Intermediates.noindex/ReframeCore.build/Debug-iphonesimulator/ReframeCore.build/DerivedSources-normal/x86_64 -Xcc -I/Users/runner/work/Reframe/Reframe/App/build/Build/Intermediates.noindex/ReframeCore.build/Debug-iphonesimulator/ReframeCore.build/DerivedSources/x86_64 -Xcc -I/Users/runner/work/Reframe/Reframe/App/build/Build/Intermediates.noindex/ReframeCore.build/Debug-iphonesimulator/ReframeCore.build/DerivedSources -Xcc -DSWIFT_PACKAGE -Xcc -DDEBUG\=1 -module-name ReframeCore -package-name reframecore -frontend-parseable-output -disable-clang-spi -target-sdk-version 18.2 -target-sdk-name iphonesimulator18.2 -external-plugin-path /Applications/Xcode_16.2.app/Contents/Developer/Platforms/iPhoneOS.platform/Developer/usr/lib/swift/host/plugins\#/Applications/Xcode_16.2.app/Contents/Developer/Platforms/iPhoneOS.platform/Developer/usr/bin/swift-plugin-server -external-plugin-path /Applications/Xcode_16.2.app/Contents/Developer/Platforms/iPhoneOS.platform/Developer/usr/local/lib/swift/host/plugins\#/Applications/Xcode_16.2.app/Contents/Developer/Platforms/iPhoneOS.platform/Developer/usr/bin/swift-plugin-server -plugin-path /Applications/Xcode_16.2.app/Contents/Developer/Toolchains/XcodeDefault.xctoolchain/usr/lib/swift/host/plugins -plugin-path /Applications/Xcode_16.2.app/Contents/Developer/Toolchains/XcodeDefault.xctoolchain/usr/local/lib/swift/host/plugins -o /Users/runner/work/Reframe/Reframe/App/build/Build/Intermediates.noindex/ReframeCore.build/Debug-iphonesimulator/ReframeCore.build/Objects-normal/x86_64/ReframeEngine.o -o /Users/runner/work/Reframe/Reframe/App/build/Build/Intermediates.noindex/ReframeCore.build/Debug-iphonesimulator/ReframeCore.build/Objects-normal/x86_64/CriticallyDampedSpring.o -o /Users/runner/work/Reframe/Reframe/App/build/Build/Intermediates.noindex/ReframeCore.build/Debug-iphonesimulator/ReframeCore.build/Objects-normal/x86_64/OneEuroFilter.o -index-unit-output-path /ReframeCore.build/Debug-iphonesimulator/ReframeCore.build/Objects-normal/x86_64/ReframeEngine.o -index-unit-output-path /ReframeCore.build/Debug-iphonesimulator/ReframeCore.build/Objects-normal/x86_64/CriticallyDampedSpring.o -index-unit-output-path /ReframeCore.build/Debug-iphonesimulator/ReframeCore.build/Objects-normal/x86_64/OneEuroFilter.o -index-store-path /Users/runner/work/Reframe/Reframe/App/build/Index.noindex/DataStore -index-system-modules

SwiftCompile normal x86_64 /Users/runner/work/Reframe/Reframe/Packages/ReframeCore/Sources/ReframeCore/Smoothing/OneEuroFilter.swift (in target 'ReframeCore' from project 'ReframeCore')
    cd /Users/runner/work/Reframe/Reframe/App/AutoReframe.xcodeproj
    /Applications/Xcode_16.2.app/Contents/Developer/Toolchains/XcodeDefault.xctoolchain/usr/bin/swift-frontend -c /Users/runner/work/Reframe/Reframe/Packages/ReframeCore/Sources/ReframeCore/CompositionRules.swift /Users/runner/work/Reframe/Reframe/Packages/ReframeCore/Sources/ReframeCore/Metrics/ReframeMetrics.swift /Users/runner/work/Reframe/Reframe/Packages/ReframeCore/Sources/ReframeCore/Models/CropGeometry.swift /Users/runner/work/Reframe/Reframe/Packages/ReframeCore/Sources/ReframeCore/Models/CropPoint.swift /Users/runner/work/Reframe/Reframe/Packages/ReframeCore/Sources/ReframeCore/Models/ReframeSettings.swift /Users/runner/work/Reframe/Reframe/Packages/ReframeCore/Sources/ReframeCore/Models/TrackingPoint.swift /Users/runner/work/Reframe/Reframe/Packages/ReframeCore/Sources/ReframeCore/Pipeline/ReframePipeline.swift -primary-file /Users/runner/work/Reframe/Reframe/Packages/ReframeCore/Sources/ReframeCore/ReframeEngine.swift -primary-file /Users/runner/work/Reframe/Reframe/Packages/ReframeCore/Sources/ReframeCore/Smoothing/CriticallyDampedSpring.swift -primary-file /Users/runner/work/Reframe/Reframe/Packages/ReframeCore/Sources/ReframeCore/Smoothing/OneEuroFilter.swift -supplementary-output-file-map /Users/runner/work/Reframe/Reframe/App/build/Build/Intermediates.noindex/ReframeCore.build/Debug-iphonesimulator/ReframeCore.build/Objects-normal/x86_64/supplementaryOutputs-6 -target x86_64-apple-ios16.0-simulator -enable-objc-interop -sdk /Applications/Xcode_16.2.app/Contents/Developer/Platforms/iPhoneSimulator.platform/Developer/SDKs/iPhoneSimulator18.2.sdk -I /Users/runner/work/Reframe/Reframe/App/build/Build/Products/Debug-iphonesimulator -I /Applications/Xcode_16.2.app/Contents/Developer/Platforms/iPhoneSimulator.platform/Developer/usr/lib -F /Users/runner/work/Reframe/Reframe/App/build/Build/Products/Debug-iphonesimulator -F /Applications/Xcode_16.2.app/Contents/Developer/Platforms/iPhoneSimulator.platform/Developer/Library/Frameworks -F /Applications/Xcode_16.2.app/Contents/Developer/Platforms/iPhoneSimulator.platform/Developer/SDKs/iPhoneSimulator18.2.sdk/Developer/Library/Frameworks -no-color-diagnostics -enable-testing -g -debug-info-format\=dwarf -dwarf-version\=4 -module-cache-path /Users/runner/work/Reframe/Reframe/App/build/ModuleCache.noindex -swift-version 5 -enforce-exclusivity\=checked -Onone -D SWIFT_PACKAGE -D DEBUG -D Xcode -serialize-debugging-options -const-gather-protocols-file /Users/runner/work/Reframe/Reframe/App/build/Build/Intermediates.noindex/ReframeCore.build/Debug-iphonesimulator/ReframeCore.build/Objects-normal/x86_64/ReframeCore_const_extract_protocols.json -enable-experimental-feature DebugDescriptionMacro -enable-experimental-feature OpaqueTypeErasure -empty-abi-descriptor -plugin-path /Applications/Xcode_16.2.app/Contents/Developer/Toolchains/XcodeDefault.xctoolchain/usr/lib/swift/host/plugins/testing -validate-clang-modules-once -clang-build-session-file /Users/runner/work/Reframe/Reframe/App/build/ModuleCache.noindex/Session.modulevalidation -Xcc -working-directory -Xcc /Users/runner/work/Reframe/Reframe/App/AutoReframe.xcodeproj -resource-dir /Applications/Xcode_16.2.app/Contents/Developer/Toolchains/XcodeDefault.xctoolchain/usr/lib/swift -enable-anonymous-context-mangled-names -file-compilation-dir /Users/runner/work/Reframe/Reframe/App/AutoReframe.xcodeproj -Xcc -D_LIBCPP_HARDENING_MODE\=_LIBCPP_HARDENING_MODE_DEBUG -Xcc -ivfsstatcache -Xcc /Users/runner/work/Reframe/Reframe/App/build/SDKStatCaches.noindex/iphonesimulator18.2-22C146-16b5fc1f628d844b188c57a1ba9d6a81.sdkstatcache -Xcc -I/Users/runner/work/Reframe/Reframe/App/build/Build/Intermediates.noindex/ReframeCore.build/Debug-iphonesimulator/ReframeCore.build/swift-overrides.hmap -Xcc -I/Users/runner/work/Reframe/Reframe/App/build/Build/Products/Debug-iphonesimulator/include -Xcc -I/Users/runner/work/Reframe/Reframe/App/build/Build/Intermediates.noindex/ReframeCore.build/Debug-iphonesimulator/ReframeCore.build/DerivedSources-normal/x86_64 -Xcc -I/Users/runner/work/Reframe/Reframe/App/build/Build/Intermediates.noindex/ReframeCore.build/Debug-iphonesimulator/ReframeCore.build/DerivedSources/x86_64 -Xcc -I/Users/runner/work/Reframe/Reframe/App/build/Build/Intermediates.noindex/ReframeCore.build/Debug-iphonesimulator/ReframeCore.build/DerivedSources -Xcc -DSWIFT_PACKAGE -Xcc -DDEBUG\=1 -module-name ReframeCore -package-name reframecore -frontend-parseable-output -disable-clang-spi -target-sdk-version 18.2 -target-sdk-name iphonesimulator18.2 -external-plugin-path /Applications/Xcode_16.2.app/Contents/Developer/Platforms/iPhoneOS.platform/Developer/usr/lib/swift/host/plugins\#/Applications/Xcode_16.2.app/Contents/Developer/Platforms/iPhoneOS.platform/Developer/usr/bin/swift-plugin-server -external-plugin-path /Applications/Xcode_16.2.app/Contents/Developer/Platforms/iPhoneOS.platform/Developer/usr/local/lib/swift/host/plugins\#/Applications/Xcode_16.2.app/Contents/Developer/Platforms/iPhoneOS.platform/Developer/usr/bin/swift-plugin-server -plugin-path /Applications/Xcode_16.2.app/Contents/Developer/Toolchains/XcodeDefault.xctoolchain/usr/lib/swift/host/plugins -plugin-path /Applications/Xcode_16.2.app/Contents/Developer/Toolchains/XcodeDefault.xctoolchain/usr/local/lib/swift/host/plugins -o /Users/runner/work/Reframe/Reframe/App/build/Build/Intermediates.noindex/ReframeCore.build/Debug-iphonesimulator/ReframeCore.build/Objects-normal/x86_64/ReframeEngine.o -o /Users/runner/work/Reframe/Reframe/App/build/Build/Intermediates.noindex/ReframeCore.build/Debug-iphonesimulator/ReframeCore.build/Objects-normal/x86_64/CriticallyDampedSpring.o -o /Users/runner/work/Reframe/Reframe/App/build/Build/Intermediates.noindex/ReframeCore.build/Debug-iphonesimulator/ReframeCore.build/Objects-normal/x86_64/OneEuroFilter.o -index-unit-output-path /ReframeCore.build/Debug-iphonesimulator/ReframeCore.build/Objects-normal/x86_64/ReframeEngine.o -index-unit-output-path /ReframeCore.build/Debug-iphonesimulator/ReframeCore.build/Objects-normal/x86_64/CriticallyDampedSpring.o -index-unit-output-path /ReframeCore.build/Debug-iphonesimulator/ReframeCore.build/Objects-normal/x86_64/OneEuroFilter.o -index-store-path /Users/runner/work/Reframe/Reframe/App/build/Index.noindex/DataStore -index-system-modules

SwiftDriverJobDiscovery normal x86_64 Compiling ReframeEngine.swift, CriticallyDampedSpring.swift, OneEuroFilter.swift (in target 'ReframeCore' from project 'ReframeCore')

SwiftCompile normal arm64 Compiling\ ReframeEngine.swift,\ CriticallyDampedSpring.swift,\ OneEuroFilter.swift /Users/runner/work/Reframe/Reframe/Packages/ReframeCore/Sources/ReframeCore/ReframeEngine.swift /Users/runner/work/Reframe/Reframe/Packages/ReframeCore/Sources/ReframeCore/Smoothing/CriticallyDampedSpring.swift /Users/runner/work/Reframe/Reframe/Packages/ReframeCore/Sources/ReframeCore/Smoothing/OneEuroFilter.swift (in target 'ReframeCore' from project 'ReframeCore')
    cd /Users/runner/work/Reframe/Reframe/App/AutoReframe.xcodeproj
    builtin-swiftTaskExecution -- /Applications/Xcode_16.2.app/Contents/Developer/Toolchains/XcodeDefault.xctoolchain/usr/bin/swift-frontend -frontend -c /Users/runner/work/Reframe/Reframe/Packages/ReframeCore/Sources/ReframeCore/CompositionRules.swift /Users/runner/work/Reframe/Reframe/Packages/ReframeCore/Sources/ReframeCore/Metrics/ReframeMetrics.swift /Users/runner/work/Reframe/Reframe/Packages/ReframeCore/Sources/ReframeCore/Models/CropGeometry.swift /Users/runner/work/Reframe/Reframe/Packages/ReframeCore/Sources/ReframeCore/Models/CropPoint.swift /Users/runner/work/Reframe/Reframe/Packages/ReframeCore/Sources/ReframeCore/Models/ReframeSettings.swift /Users/runner/work/Reframe/Reframe/Packages/ReframeCore/Sources/ReframeCore/Models/TrackingPoint.swift /Users/runner/work/Reframe/Reframe/Packages/ReframeCore/Sources/ReframeCore/Pipeline/ReframePipeline.swift -primary-file /Users/runner/work/Reframe/Reframe/Packages/ReframeCore/Sources/ReframeCore/ReframeEngine.swift -primary-file /Users/runner/work/Reframe/Reframe/Packages/ReframeCore/Sources/ReframeCore/Smoothing/CriticallyDampedSpring.swift -primary-file /Users/runner/work/Reframe/Reframe/Packages/ReframeCore/Sources/ReframeCore/Smoothing/OneEuroFilter.swift -supplementary-output-file-map /Users/runner/work/Reframe/Reframe/App/build/Build/Intermediates.noindex/ReframeCore.build/Debug-iphonesimulator/ReframeCore.build/Objects-normal/arm64/supplementaryOutputs-5 -target arm64-apple-ios16.0-simulator -Xllvm -aarch64-use-tbi -enable-objc-interop -sdk /Applications/Xcode_16.2.app/Contents/Developer/Platforms/iPhoneSimulator.platform/Developer/SDKs/iPhoneSimulator18.2.sdk -I /Users/runner/work/Reframe/Reframe/App/build/Build/Products/Debug-iphonesimulator -I /Applications/Xcode_16.2.app/Contents/Developer/Platforms/iPhoneSimulator.platform/Developer/usr/lib -F /Users/runner/work/Reframe/Reframe/App/build/Build/Products/Debug-iphonesimulator -F /Applications/Xcode_16.2.app/Contents/Developer/Platforms/iPhoneSimulator.platform/Developer/Library/Frameworks -F /Applications/Xcode_16.2.app/Contents/Developer/Platforms/iPhoneSimulator.platform/Developer/SDKs/iPhoneSimulator18.2.sdk/Developer/Library/Frameworks -no-color-diagnostics -enable-testing -g -debug-info-format\=dwarf -dwarf-version\=4 -module-cache-path /Users/runner/work/Reframe/Reframe/App/build/ModuleCache.noindex -swift-version 5 -enforce-exclusivity\=checked -Onone -D SWIFT_PACKAGE -D DEBUG -D Xcode -serialize-debugging-options -const-gather-protocols-file /Users/runner/work/Reframe/Reframe/App/build/Build/Intermediates.noindex/ReframeCore.build/Debug-iphonesimulator/ReframeCore.build/Objects-normal/arm64/ReframeCore_const_extract_protocols.json -enable-experimental-feature DebugDescriptionMacro -enable-experimental-feature OpaqueTypeErasure -empty-abi-descriptor -plugin-path /Applications/Xcode_16.2.app/Contents/Developer/Toolchains/XcodeDefault.xctoolchain/usr/lib/swift/host/plugins/testing -validate-clang-modules-once -clang-build-session-file /Users/runner/work/Reframe/Reframe/App/build/ModuleCache.noindex/Session.modulevalidation -Xcc -working-directory -Xcc /Users/runner/work/Reframe/Reframe/App/AutoReframe.xcodeproj -resource-dir /Applications/Xcode_16.2.app/Contents/Developer/Toolchains/XcodeDefault.xctoolchain/usr/lib/swift -enable-anonymous-context-mangled-names -file-compilation-dir /Users/runner/work/Reframe/Reframe/App/AutoReframe.xcodeproj -Xcc -D_LIBCPP_HARDENING_MODE\=_LIBCPP_HARDENING_MODE_DEBUG -Xcc -ivfsstatcache -Xcc /Users/runner/work/Reframe/Reframe/App/build/SDKStatCaches.noindex/iphonesimulator18.2-22C146-16b5fc1f628d844b188c57a1ba9d6a81.sdkstatcache -Xcc -I/Users/runner/work/Reframe/Reframe/App/build/Build/Intermediates.noindex/ReframeCore.build/Debug-iphonesimulator/ReframeCore.build/swift-overrides.hmap -Xcc -I/Users/runner/work/Reframe/Reframe/App/build/Build/Products/Debug-iphonesimulator/include -Xcc -I/Users/runner/work/Reframe/Reframe/App/build/Build/Intermediates.noindex/ReframeCore.build/Debug-iphonesimulator/ReframeCore.build/DerivedSources-normal/arm64 -Xcc -I/Users/runner/work/Reframe/Reframe/App/build/Build/Intermediates.noindex/ReframeCore.build/Debug-iphonesimulator/ReframeCore.build/DerivedSources/arm64 -Xcc -I/Users/runner/work/Reframe/Reframe/App/build/Build/Intermediates.noindex/ReframeCore.build/Debug-iphonesimulator/ReframeCore.build/DerivedSources -Xcc -DSWIFT_PACKAGE -Xcc -DDEBUG\=1 -module-name ReframeCore -package-name reframecore -frontend-parseable-output -disable-clang-spi -target-sdk-version 18.2 -target-sdk-name iphonesimulator18.2 -external-plugin-path /Applications/Xcode_16.2.app/Contents/Developer/Platforms/iPhoneOS.platform/Developer/usr/lib/swift/host/plugins\#/Applications/Xcode_16.2.app/Contents/Developer/Platforms/iPhoneOS.platform/Developer/usr/bin/swift-plugin-server -external-plugin-path /Applications/Xcode_16.2.app/Contents/Developer/Platforms/iPhoneOS.platform/Developer/usr/local/lib/swift/host/plugins\#/Applications/Xcode_16.2.app/Contents/Developer/Platforms/iPhoneOS.platform/Developer/usr/bin/swift-plugin-server -plugin-path /Applications/Xcode_16.2.app/Contents/Developer/Toolchains/XcodeDefault.xctoolchain/usr/lib/swift/host/plugins -plugin-path /Applications/Xcode_16.2.app/Contents/Developer/Toolchains/XcodeDefault.xctoolchain/usr/local/lib/swift/host/plugins -o /Users/runner/work/Reframe/Reframe/App/build/Build/Intermediates.noindex/ReframeCore.build/Debug-iphonesimulator/ReframeCore.build/Objects-normal/arm64/ReframeEngine.o -o /Users/runner/work/Reframe/Reframe/App/build/Build/Intermediates.noindex/ReframeCore.build/Debug-iphonesimulator/ReframeCore.build/Objects-normal/arm64/CriticallyDampedSpring.o -o /Users/runner/work/Reframe/Reframe/App/build/Build/Intermediates.noindex/ReframeCore.build/Debug-iphonesimulator/ReframeCore.build/Objects-normal/arm64/OneEuroFilter.o -index-unit-output-path /ReframeCore.build/Debug-iphonesimulator/ReframeCore.build/Objects-normal/arm64/ReframeEngine.o -index-unit-output-path /ReframeCore.build/Debug-iphonesimulator/ReframeCore.build/Objects-normal/arm64/CriticallyDampedSpring.o -index-unit-output-path /ReframeCore.build/Debug-iphonesimulator/ReframeCore.build/Objects-normal/arm64/OneEuroFilter.o -index-store-path /Users/runner/work/Reframe/Reframe/App/build/Index.noindex/DataStore -index-system-modules

SwiftCompile normal arm64 /Users/runner/work/Reframe/Reframe/Packages/ReframeCore/Sources/ReframeCore/ReframeEngine.swift (in target 'ReframeCore' from project 'ReframeCore')
    cd /Users/runner/work/Reframe/Reframe/App/AutoReframe.xcodeproj
    /Applications/Xcode_16.2.app/Contents/Developer/Toolchains/XcodeDefault.xctoolchain/usr/bin/swift-frontend -c /Users/runner/work/Reframe/Reframe/Packages/ReframeCore/Sources/ReframeCore/CompositionRules.swift /Users/runner/work/Reframe/Reframe/Packages/ReframeCore/Sources/ReframeCore/Metrics/ReframeMetrics.swift /Users/runner/work/Reframe/Reframe/Packages/ReframeCore/Sources/ReframeCore/Models/CropGeometry.swift /Users/runner/work/Reframe/Reframe/Packages/ReframeCore/Sources/ReframeCore/Models/CropPoint.swift /Users/runner/work/Reframe/Reframe/Packages/ReframeCore/Sources/ReframeCore/Models/ReframeSettings.swift /Users/runner/work/Reframe/Reframe/Packages/ReframeCore/Sources/ReframeCore/Models/TrackingPoint.swift /Users/runner/work/Reframe/Reframe/Packages/ReframeCore/Sources/ReframeCore/Pipeline/ReframePipeline.swift -primary-file /Users/runner/work/Reframe/Reframe/Packages/ReframeCore/Sources/ReframeCore/ReframeEngine.swift -primary-file /Users/runner/work/Reframe/Reframe/Packages/ReframeCore/Sources/ReframeCore/Smoothing/CriticallyDampedSpring.swift -primary-file /Users/runner/work/Reframe/Reframe/Packages/ReframeCore/Sources/ReframeCore/Smoothing/OneEuroFilter.swift -supplementary-output-file-map /Users/runner/work/Reframe/Reframe/App/build/Build/Intermediates.noindex/ReframeCore.build/Debug-iphonesimulator/ReframeCore.build/Objects-normal/arm64/supplementaryOutputs-5 -target arm64-apple-ios16.0-simulator -Xllvm -aarch64-use-tbi -enable-objc-interop -sdk /Applications/Xcode_16.2.app/Contents/Developer/Platforms/iPhoneSimulator.platform/Developer/SDKs/iPhoneSimulator18.2.sdk -I /Users/runner/work/Reframe/Reframe/App/build/Build/Products/Debug-iphonesimulator -I /Applications/Xcode_16.2.app/Contents/Developer/Platforms/iPhoneSimulator.platform/Developer/usr/lib -F /Users/runner/work/Reframe/Reframe/App/build/Build/Products/Debug-iphonesimulator -F /Applications/Xcode_16.2.app/Contents/Developer/Platforms/iPhoneSimulator.platform/Developer/Library/Frameworks -F /Applications/Xcode_16.2.app/Contents/Developer/Platforms/iPhoneSimulator.platform/Developer/SDKs/iPhoneSimulator18.2.sdk/Developer/Library/Frameworks -no-color-diagnostics -enable-testing -g -debug-info-format\=dwarf -dwarf-version\=4 -module-cache-path /Users/runner/work/Reframe/Reframe/App/build/ModuleCache.noindex -swift-version 5 -enforce-exclusivity\=checked -Onone -D SWIFT_PACKAGE -D DEBUG -D Xcode -serialize-debugging-options -const-gather-protocols-file /Users/runner/work/Reframe/Reframe/App/build/Build/Intermediates.noindex/ReframeCore.build/Debug-iphonesimulator/ReframeCore.build/Objects-normal/arm64/ReframeCore_const_extract_protocols.json -enable-experimental-feature DebugDescriptionMacro -enable-experimental-feature OpaqueTypeErasure -empty-abi-descriptor -plugin-path /Applications/Xcode_16.2.app/Contents/Developer/Toolchains/XcodeDefault.xctoolchain/usr/lib/swift/host/plugins/testing -validate-clang-modules-once -clang-build-session-file /Users/runner/work/Reframe/Reframe/App/build/ModuleCache.noindex/Session.modulevalidation -Xcc -working-directory -Xcc /Users/runner/work/Reframe/Reframe/App/AutoReframe.xcodeproj -resource-dir /Applications/Xcode_16.2.app/Contents/Developer/Toolchains/XcodeDefault.xctoolchain/usr/lib/swift -enable-anonymous-context-mangled-names -file-compilation-dir /Users/runner/work/Reframe/Reframe/App/AutoReframe.xcodeproj -Xcc -D_LIBCPP_HARDENING_MODE\=_LIBCPP_HARDENING_MODE_DEBUG -Xcc -ivfsstatcache -Xcc /Users/runner/work/Reframe/Reframe/App/build/SDKStatCaches.noindex/iphonesimulator18.2-22C146-16b5fc1f628d844b188c57a1ba9d6a81.sdkstatcache -Xcc -I/Users/runner/work/Reframe/Reframe/App/build/Build/Intermediates.noindex/ReframeCore.build/Debug-iphonesimulator/ReframeCore.build/swift-overrides.hmap -Xcc -I/Users/runner/work/Reframe/Reframe/App/build/Build/Products/Debug-iphonesimulator/include -Xcc -I/Users/runner/work/Reframe/Reframe/App/build/Build/Intermediates.noindex/ReframeCore.build/Debug-iphonesimulator/ReframeCore.build/DerivedSources-normal/arm64 -Xcc -I/Users/runner/work/Reframe/Reframe/App/build/Build/Intermediates.noindex/ReframeCore.build/Debug-iphonesimulator/ReframeCore.build/DerivedSources/arm64 -Xcc -I/Users/runner/work/Reframe/Reframe/App/build/Build/Intermediates.noindex/ReframeCore.build/Debug-iphonesimulator/ReframeCore.build/DerivedSources -Xcc -DSWIFT_PACKAGE -Xcc -DDEBUG\=1 -module-name ReframeCore -package-name reframecore -frontend-parseable-output -disable-clang-spi -target-sdk-version 18.2 -target-sdk-name iphonesimulator18.2 -external-plugin-path /Applications/Xcode_16.2.app/Contents/Developer/Platforms/iPhoneOS.platform/Developer/usr/lib/swift/host/plugins\#/Applications/Xcode_16.2.app/Contents/Developer/Platforms/iPhoneOS.platform/Developer/usr/bin/swift-plugin-server -external-plugin-path /Applications/Xcode_16.2.app/Contents/Developer/Platforms/iPhoneOS.platform/Developer/usr/local/lib/swift/host/plugins\#/Applications/Xcode_16.2.app/Contents/Developer/Platforms/iPhoneOS.platform/Developer/usr/bin/swift-plugin-server -plugin-path /Applications/Xcode_16.2.app/Contents/Developer/Toolchains/XcodeDefault.xctoolchain/usr/lib/swift/host/plugins -plugin-path /Applications/Xcode_16.2.app/Contents/Developer/Toolchains/XcodeDefault.xctoolchain/usr/local/lib/swift/host/plugins -o /Users/runner/work/Reframe/Reframe/App/build/Build/Intermediates.noindex/ReframeCore.build/Debug-iphonesimulator/ReframeCore.build/Objects-normal/arm64/ReframeEngine.o -o /Users/runner/work/Reframe/Reframe/App/build/Build/Intermediates.noindex/ReframeCore.build/Debug-iphonesimulator/ReframeCore.build/Objects-normal/arm64/CriticallyDampedSpring.o -o /Users/runner/work/Reframe/Reframe/App/build/Build/Intermediates.noindex/ReframeCore.build/Debug-iphonesimulator/ReframeCore.build/Objects-normal/arm64/OneEuroFilter.o -index-unit-output-path /ReframeCore.build/Debug-iphonesimulator/ReframeCore.build/Objects-normal/arm64/ReframeEngine.o -index-unit-output-path /ReframeCore.build/Debug-iphonesimulator/ReframeCore.build/Objects-normal/arm64/CriticallyDampedSpring.o -index-unit-output-path /ReframeCore.build/Debug-iphonesimulator/ReframeCore.build/Objects-normal/arm64/OneEuroFilter.o -index-store-path /Users/runner/work/Reframe/Reframe/App/build/Index.noindex/DataStore -index-system-modules

SwiftCompile normal arm64 /Users/runner/work/Reframe/Reframe/Packages/ReframeCore/Sources/ReframeCore/Smoothing/CriticallyDampedSpring.swift (in target 'ReframeCore' from project 'ReframeCore')
    cd /Users/runner/work/Reframe/Reframe/App/AutoReframe.xcodeproj
    /Applications/Xcode_16.2.app/Contents/Developer/Toolchains/XcodeDefault.xctoolchain/usr/bin/swift-frontend -c /Users/runner/work/Reframe/Reframe/Packages/ReframeCore/Sources/ReframeCore/CompositionRules.swift /Users/runner/work/Reframe/Reframe/Packages/ReframeCore/Sources/ReframeCore/Metrics/ReframeMetrics.swift /Users/runner/work/Reframe/Reframe/Packages/ReframeCore/Sources/ReframeCore/Models/CropGeometry.swift /Users/runner/work/Reframe/Reframe/Packages/ReframeCore/Sources/ReframeCore/Models/CropPoint.swift /Users/runner/work/Reframe/Reframe/Packages/ReframeCore/Sources/ReframeCore/Models/ReframeSettings.swift /Users/runner/work/Reframe/Reframe/Packages/ReframeCore/Sources/ReframeCore/Models/TrackingPoint.swift /Users/runner/work/Reframe/Reframe/Packages/ReframeCore/Sources/ReframeCore/Pipeline/ReframePipeline.swift -primary-file /Users/runner/work/Reframe/Reframe/Packages/ReframeCore/Sources/ReframeCore/ReframeEngine.swift -primary-file /Users/runner/work/Reframe/Reframe/Packages/ReframeCore/Sources/ReframeCore/Smoothing/CriticallyDampedSpring.swift -primary-file /Users/runner/work/Reframe/Reframe/Packages/ReframeCore/Sources/ReframeCore/Smoothing/OneEuroFilter.swift -supplementary-output-file-map /Users/runner/work/Reframe/Reframe/App/build/Build/Intermediates.noindex/ReframeCore.build/Debug-iphonesimulator/ReframeCore.build/Objects-normal/arm64/supplementaryOutputs-5 -target arm64-apple-ios16.0-simulator -Xllvm -aarch64-use-tbi -enable-objc-interop -sdk /Applications/Xcode_16.2.app/Contents/Developer/Platforms/iPhoneSimulator.platform/Developer/SDKs/iPhoneSimulator18.2.sdk -I /Users/runner/work/Reframe/Reframe/App/build/Build/Products/Debug-iphonesimulator -I /Applications/Xcode_16.2.app/Contents/Developer/Platforms/iPhoneSimulator.platform/Developer/usr/lib -F /Users/runner/work/Reframe/Reframe/App/build/Build/Products/Debug-iphonesimulator -F /Applications/Xcode_16.2.app/Contents/Developer/Platforms/iPhoneSimulator.platform/Developer/Library/Frameworks -F /Applications/Xcode_16.2.app/Contents/Developer/Platforms/iPhoneSimulator.platform/Developer/SDKs/iPhoneSimulator18.2.sdk/Developer/Library/Frameworks -no-color-diagnostics -enable-testing -g -debug-info-format\=dwarf -dwarf-version\=4 -module-cache-path /Users/runner/work/Reframe/Reframe/App/build/ModuleCache.noindex -swift-version 5 -enforce-exclusivity\=checked -Onone -D SWIFT_PACKAGE -D DEBUG -D Xcode -serialize-debugging-options -const-gather-protocols-file /Users/runner/work/Reframe/Reframe/App/build/Build/Intermediates.noindex/ReframeCore.build/Debug-iphonesimulator/ReframeCore.build/Objects-normal/arm64/ReframeCore_const_extract_protocols.json -enable-experimental-feature DebugDescriptionMacro -enable-experimental-feature OpaqueTypeErasure -empty-abi-descriptor -plugin-path /Applications/Xcode_16.2.app/Contents/Developer/Toolchains/XcodeDefault.xctoolchain/usr/lib/swift/host/plugins/testing -validate-clang-modules-once -clang-build-session-file /Users/runner/work/Reframe/Reframe/App/build/ModuleCache.noindex/Session.modulevalidation -Xcc -working-directory -Xcc /Users/runner/work/Reframe/Reframe/App/AutoReframe.xcodeproj -resource-dir /Applications/Xcode_16.2.app/Contents/Developer/Toolchains/XcodeDefault.xctoolchain/usr/lib/swift -enable-anonymous-context-mangled-names -file-compilation-dir /Users/runner/work/Reframe/Reframe/App/AutoReframe.xcodeproj -Xcc -D_LIBCPP_HARDENING_MODE\=_LIBCPP_HARDENING_MODE_DEBUG -Xcc -ivfsstatcache -Xcc /Users/runner/work/Reframe/Reframe/App/build/SDKStatCaches.noindex/iphonesimulator18.2-22C146-16b5fc1f628d844b188c57a1ba9d6a81.sdkstatcache -Xcc -I/Users/runner/work/Reframe/Reframe/App/build/Build/Intermediates.noindex/ReframeCore.build/Debug-iphonesimulator/ReframeCore.build/swift-overrides.hmap -Xcc -I/Users/runner/work/Reframe/Reframe/App/build/Build/Products/Debug-iphonesimulator/include -Xcc -I/Users/runner/work/Reframe/Reframe/App/build/Build/Intermediates.noindex/ReframeCore.build/Debug-iphonesimulator/ReframeCore.build/DerivedSources-normal/arm64 -Xcc -I/Users/runner/work/Reframe/Reframe/App/build/Build/Intermediates.noindex/ReframeCore.build/Debug-iphonesimulator/ReframeCore.build/DerivedSources/arm64 -Xcc -I/Users/runner/work/Reframe/Reframe/App/build/Build/Intermediates.noindex/ReframeCore.build/Debug-iphonesimulator/ReframeCore.build/DerivedSources -Xcc -DSWIFT_PACKAGE -Xcc -DDEBUG\=1 -module-name ReframeCore -package-name reframecore -frontend-parseable-output -disable-clang-spi -target-sdk-version 18.2 -target-sdk-name iphonesimulator18.2 -external-plugin-path /Applications/Xcode_16.2.app/Contents/Developer/Platforms/iPhoneOS.platform/Developer/usr/lib/swift/host/plugins\#/Applications/Xcode_16.2.app/Contents/Developer/Platforms/iPhoneOS.platform/Developer/usr/bin/swift-plugin-server -external-plugin-path /Applications/Xcode_16.2.app/Contents/Developer/Platforms/iPhoneOS.platform/Developer/usr/local/lib/swift/host/plugins\#/Applications/Xcode_16.2.app/Contents/Developer/Platforms/iPhoneOS.platform/Developer/usr/bin/swift-plugin-server -plugin-path /Applications/Xcode_16.2.app/Contents/Developer/Toolchains/XcodeDefault.xctoolchain/usr/lib/swift/host/plugins -plugin-path /Applications/Xcode_16.2.app/Contents/Developer/Toolchains/XcodeDefault.xctoolchain/usr/local/lib/swift/host/plugins -o /Users/runner/work/Reframe/Reframe/App/build/Build/Intermediates.noindex/ReframeCore.build/Debug-iphonesimulator/ReframeCore.build/Objects-normal/arm64/ReframeEngine.o -o /Users/runner/work/Reframe/Reframe/App/build/Build/Intermediates.noindex/ReframeCore.build/Debug-iphonesimulator/ReframeCore.build/Objects-normal/arm64/CriticallyDampedSpring.o -o /Users/runner/work/Reframe/Reframe/App/build/Build/Intermediates.noindex/ReframeCore.build/Debug-iphonesimulator/ReframeCore.build/Objects-normal/arm64/OneEuroFilter.o -index-unit-output-path /ReframeCore.build/Debug-iphonesimulator/ReframeCore.build/Objects-normal/arm64/ReframeEngine.o -index-unit-output-path /ReframeCore.build/Debug-iphonesimulator/ReframeCore.build/Objects-normal/arm64/CriticallyDampedSpring.o -index-unit-output-path /ReframeCore.build/Debug-iphonesimulator/ReframeCore.build/Objects-normal/arm64/OneEuroFilter.o -index-store-path /Users/runner/work/Reframe/Reframe/App/build/Index.noindex/DataStore -index-system-modules

SwiftCompile normal arm64 /Users/runner/work/Reframe/Reframe/Packages/ReframeCore/Sources/ReframeCore/Smoothing/OneEuroFilter.swift (in target 'ReframeCore' from project 'ReframeCore')
    cd /Users/runner/work/Reframe/Reframe/App/AutoReframe.xcodeproj
    /Applications/Xcode_16.2.app/Contents/Developer/Toolchains/XcodeDefault.xctoolchain/usr/bin/swift-frontend -c /Users/runner/work/Reframe/Reframe/Packages/ReframeCore/Sources/ReframeCore/CompositionRules.swift /Users/runner/work/Reframe/Reframe/Packages/ReframeCore/Sources/ReframeCore/Metrics/ReframeMetrics.swift /Users/runner/work/Reframe/Reframe/Packages/ReframeCore/Sources/ReframeCore/Models/CropGeometry.swift /Users/runner/work/Reframe/Reframe/Packages/ReframeCore/Sources/ReframeCore/Models/CropPoint.swift /Users/runner/work/Reframe/Reframe/Packages/ReframeCore/Sources/ReframeCore/Models/ReframeSettings.swift /Users/runner/work/Reframe/Reframe/Packages/ReframeCore/Sources/ReframeCore/Models/TrackingPoint.swift /Users/runner/work/Reframe/Reframe/Packages/ReframeCore/Sources/ReframeCore/Pipeline/ReframePipeline.swift -primary-file /Users/runner/work/Reframe/Reframe/Packages/ReframeCore/Sources/ReframeCore/ReframeEngine.swift -primary-file /Users/runner/work/Reframe/Reframe/Packages/ReframeCore/Sources/ReframeCore/Smoothing/CriticallyDampedSpring.swift -primary-file /Users/runner/work/Reframe/Reframe/Packages/ReframeCore/Sources/ReframeCore/Smoothing/OneEuroFilter.swift -supplementary-output-file-map /Users/runner/work/Reframe/Reframe/App/build/Build/Intermediates.noindex/ReframeCore.build/Debug-iphonesimulator/ReframeCore.build/Objects-normal/arm64/supplementaryOutputs-5 -target arm64-apple-ios16.0-simulator -Xllvm -aarch64-use-tbi -enable-objc-interop -sdk /Applications/Xcode_16.2.app/Contents/Developer/Platforms/iPhoneSimulator.platform/Developer/SDKs/iPhoneSimulator18.2.sdk -I /Users/runner/work/Reframe/Reframe/App/build/Build/Products/Debug-iphonesimulator -I /Applications/Xcode_16.2.app/Contents/Developer/Platforms/iPhoneSimulator.platform/Developer/usr/lib -F /Users/runner/work/Reframe/Reframe/App/build/Build/Products/Debug-iphonesimulator -F /Applications/Xcode_16.2.app/Contents/Developer/Platforms/iPhoneSimulator.platform/Developer/Library/Frameworks -F /Applications/Xcode_16.2.app/Contents/Developer/Platforms/iPhoneSimulator.platform/Developer/SDKs/iPhoneSimulator18.2.sdk/Developer/Library/Frameworks -no-color-diagnostics -enable-testing -g -debug-info-format\=dwarf -dwarf-version\=4 -module-cache-path /Users/runner/work/Reframe/Reframe/App/build/ModuleCache.noindex -swift-version 5 -enforce-exclusivity\=checked -Onone -D SWIFT_PACKAGE -D DEBUG -D Xcode -serialize-debugging-options -const-gather-protocols-file /Users/runner/work/Reframe/Reframe/App/build/Build/Intermediates.noindex/ReframeCore.build/Debug-iphonesimulator/ReframeCore.build/Objects-normal/arm64/ReframeCore_const_extract_protocols.json -enable-experimental-feature DebugDescriptionMacro -enable-experimental-feature OpaqueTypeErasure -empty-abi-descriptor -plugin-path /Applications/Xcode_16.2.app/Contents/Developer/Toolchains/XcodeDefault.xctoolchain/usr/lib/swift/host/plugins/testing -validate-clang-modules-once -clang-build-session-file /Users/runner/work/Reframe/Reframe/App/build/ModuleCache.noindex/Session.modulevalidation -Xcc -working-directory -Xcc /Users/runner/work/Reframe/Reframe/App/AutoReframe.xcodeproj -resource-dir /Applications/Xcode_16.2.app/Contents/Developer/Toolchains/XcodeDefault.xctoolchain/usr/lib/swift -enable-anonymous-context-mangled-names -file-compilation-dir /Users/runner/work/Reframe/Reframe/App/AutoReframe.xcodeproj -Xcc -D_LIBCPP_HARDENING_MODE\=_LIBCPP_HARDENING_MODE_DEBUG -Xcc -ivfsstatcache -Xcc /Users/runner/work/Reframe/Reframe/App/build/SDKStatCaches.noindex/iphonesimulator18.2-22C146-16b5fc1f628d844b188c57a1ba9d6a81.sdkstatcache -Xcc -I/Users/runner/work/Reframe/Reframe/App/build/Build/Intermediates.noindex/ReframeCore.build/Debug-iphonesimulator/ReframeCore.build/swift-overrides.hmap -Xcc -I/Users/runner/work/Reframe/Reframe/App/build/Build/Products/Debug-iphonesimulator/include -Xcc -I/Users/runner/work/Reframe/Reframe/App/build/Build/Intermediates.noindex/ReframeCore.build/Debug-iphonesimulator/ReframeCore.build/DerivedSources-normal/arm64 -Xcc -I/Users/runner/work/Reframe/Reframe/App/build/Build/Intermediates.noindex/ReframeCore.build/Debug-iphonesimulator/ReframeCore.build/DerivedSources/arm64 -Xcc -I/Users/runner/work/Reframe/Reframe/App/build/Build/Intermediates.noindex/ReframeCore.build/Debug-iphonesimulator/ReframeCore.build/DerivedSources -Xcc -DSWIFT_PACKAGE -Xcc -DDEBUG\=1 -module-name ReframeCore -package-name reframecore -frontend-parseable-output -disable-clang-spi -target-sdk-version 18.2 -target-sdk-name iphonesimulator18.2 -external-plugin-path /Applications/Xcode_16.2.app/Contents/Developer/Platforms/iPhoneOS.platform/Developer/usr/lib/swift/host/plugins\#/Applications/Xcode_16.2.app/Contents/Developer/Platforms/iPhoneOS.platform/Developer/usr/bin/swift-plugin-server -external-plugin-path /Applications/Xcode_16.2.app/Contents/Developer/Platforms/iPhoneOS.platform/Developer/usr/local/lib/swift/host/plugins\#/Applications/Xcode_16.2.app/Contents/Developer/Platforms/iPhoneOS.platform/Developer/usr/bin/swift-plugin-server -plugin-path /Applications/Xcode_16.2.app/Contents/Developer/Toolchains/XcodeDefault.xctoolchain/usr/lib/swift/host/plugins -plugin-path /Applications/Xcode_16.2.app/Contents/Developer/Toolchains/XcodeDefault.xctoolchain/usr/local/lib/swift/host/plugins -o /Users/runner/work/Reframe/Reframe/App/build/Build/Intermediates.noindex/ReframeCore.build/Debug-iphonesimulator/ReframeCore.build/Objects-normal/arm64/ReframeEngine.o -o /Users/runner/work/Reframe/Reframe/App/build/Build/Intermediates.noindex/ReframeCore.build/Debug-iphonesimulator/ReframeCore.build/Objects-normal/arm64/CriticallyDampedSpring.o -o /Users/runner/work/Reframe/Reframe/App/build/Build/Intermediates.noindex/ReframeCore.build/Debug-iphonesimulator/ReframeCore.build/Objects-normal/arm64/OneEuroFilter.o -index-unit-output-path /ReframeCore.build/Debug-iphonesimulator/ReframeCore.build/Objects-normal/arm64/ReframeEngine.o -index-unit-output-path /ReframeCore.build/Debug-iphonesimulator/ReframeCore.build/Objects-normal/arm64/CriticallyDampedSpring.o -index-unit-output-path /ReframeCore.build/Debug-iphonesimulator/ReframeCore.build/Objects-normal/arm64/OneEuroFilter.o -index-store-path /Users/runner/work/Reframe/Reframe/App/build/Index.noindex/DataStore -index-system-modules

SwiftDriverJobDiscovery normal arm64 Compiling CompositionRules.swift, ReframeMetrics.swift, CropGeometry.swift, CropPoint.swift (in target 'ReframeCore' from project 'ReframeCore')

SwiftDriver\ Compilation ReframeCore normal x86_64 com.apple.xcode.tools.swift.compiler (in target 'ReframeCore' from project 'ReframeCore')
    cd /Users/runner/work/Reframe/Reframe/App/AutoReframe.xcodeproj
    builtin-Swift-Compilation -- /Applications/Xcode_16.2.app/Contents/Developer/Toolchains/XcodeDefault.xctoolchain/usr/bin/swiftc -module-name ReframeCore -Onone -enforce-exclusivity\=checked @/Users/runner/work/Reframe/Reframe/App/build/Build/Intermediates.noindex/ReframeCore.build/Debug-iphonesimulator/ReframeCore.build/Objects-normal/x86_64/ReframeCore.SwiftFileList -DSWIFT_PACKAGE -DDEBUG -DXcode -plugin-path /Applications/Xcode_16.2.app/Contents/Developer/Toolchains/XcodeDefault.xctoolchain/usr/lib/swift/host/plugins/testing -enable-experimental-feature DebugDescriptionMacro -sdk /Applications/Xcode_16.2.app/Contents/Developer/Platforms/iPhoneSimulator.platform/Developer/SDKs/iPhoneSimulator18.2.sdk -target x86_64-apple-ios16.0-simulator -g -module-cache-path /Users/runner/work/Reframe/Reframe/App/build/ModuleCache.noindex -Xfrontend -serialize-debugging-options -enable-testing -index-store-path /Users/runner/work/Reframe/Reframe/App/build/Index.noindex/DataStore -enable-experimental-feature OpaqueTypeErasure -Xcc -D_LIBCPP_HARDENING_MODE\=_LIBCPP_HARDENING_MODE_DEBUG -swift-version 5 -I /Users/runner/work/Reframe/Reframe/App/build/Build/Products/Debug-iphonesimulator -I /Applications/Xcode_16.2.app/Contents/Developer/Platforms/iPhoneSimulator.platform/Developer/usr/lib -F /Users/runner/work/Reframe/Reframe/App/build/Build/Products/Debug-iphonesimulator -F /Applications/Xcode_16.2.app/Contents/Developer/Platforms/iPhoneSimulator.platform/Developer/Library/Frameworks -F /Applications/Xcode_16.2.app/Contents/Developer/Platforms/iPhoneSimulator.platform/Developer/SDKs/iPhoneSimulator18.2.sdk/Developer/Library/Frameworks -c -j3 -enable-batch-mode -incremental -Xcc -ivfsstatcache -Xcc /Users/runner/work/Reframe/Reframe/App/build/SDKStatCaches.noindex/iphonesimulator18.2-22C146-16b5fc1f628d844b188c57a1ba9d6a81.sdkstatcache -output-file-map /Users/runner/work/Reframe/Reframe/App/build/Build/Intermediates.noindex/ReframeCore.build/Debug-iphonesimulator/ReframeCore.build/Objects-normal/x86_64/ReframeCore-OutputFileMap.json -use-frontend-parseable-output -save-temps -no-color-diagnostics -serialize-diagnostics -emit-dependencies -emit-module -emit-module-path /Users/runner/work/Reframe/Reframe/App/build/Build/Intermediates.noindex/ReframeCore.build/Debug-iphonesimulator/ReframeCore.build/Objects-normal/x86_64/ReframeCore.swiftmodule -validate-clang-modules-once -clang-build-session-file /Users/runner/work/Reframe/Reframe/App/build/ModuleCache.noindex/Session.modulevalidation -package-name reframecore -Xcc -I/Users/runner/work/Reframe/Reframe/App/build/Build/Intermediates.noindex/ReframeCore.build/Debug-iphonesimulator/ReframeCore.build/swift-overrides.hmap -emit-const-values -Xfrontend -const-gather-protocols-file -Xfrontend /Users/runner/work/Reframe/Reframe/App/build/Build/Intermediates.noindex/ReframeCore.build/Debug-iphonesimulator/ReframeCore.build/Objects-normal/x86_64/ReframeCore_const_extract_protocols.json -Xcc -I/Users/runner/work/Reframe/Reframe/App/build/Build/Products/Debug-iphonesimulator/include -Xcc -I/Users/runner/work/Reframe/Reframe/App/build/Build/Intermediates.noindex/ReframeCore.build/Debug-iphonesimulator/ReframeCore.build/DerivedSources-normal/x86_64 -Xcc -I/Users/runner/work/Reframe/Reframe/App/build/Build/Intermediates.noindex/ReframeCore.build/Debug-iphonesimulator/ReframeCore.build/DerivedSources/x86_64 -Xcc -I/Users/runner/work/Reframe/Reframe/App/build/Build/Intermediates.noindex/ReframeCore.build/Debug-iphonesimulator/ReframeCore.build/DerivedSources -Xcc -DSWIFT_PACKAGE -Xcc -DDEBUG\=1 -emit-objc-header -emit-objc-header-path /Users/runner/work/Reframe/Reframe/App/build/Build/Intermediates.noindex/ReframeCore.build/Debug-iphonesimulator/ReframeCore.build/Objects-normal/x86_64/ReframeCore-Swift.h -working-directory /Users/runner/work/Reframe/Reframe/App/AutoReframe.xcodeproj -experimental-emit-module-separately -disable-cmo

Ld /Users/runner/work/Reframe/Reframe/App/build/Build/Intermediates.noindex/ReframeCore.build/Debug-iphonesimulator/ReframeCore.build/Objects-normal/x86_64/Binary/ReframeCore.o normal x86_64 (in target 'ReframeCore' from project 'ReframeCore')
    cd /Users/runner/work/Reframe/Reframe/Packages/ReframeCore
    /Applications/Xcode_16.2.app/Contents/Developer/Toolchains/XcodeDefault.xctoolchain/usr/bin/clang -Xlinker -reproducible -target x86_64-apple-ios16.0-simulator -r -isysroot /Applications/Xcode_16.2.app/Contents/Developer/Platforms/iPhoneSimulator.platform/Developer/SDKs/iPhoneSimulator18.2.sdk -O0 -L/Users/runner/work/Reframe/Reframe/App/build/Build/Intermediates.noindex/EagerLinkingTBDs/Debug-iphonesimulator -L/Users/runner/work/Reframe/Reframe/App/build/Build/Products/Debug-iphonesimulator -L/Applications/Xcode_16.2.app/Contents/Developer/Platforms/iPhoneSimulator.platform/Developer/usr/lib -F/Users/runner/work/Reframe/Reframe/App/build/Build/Intermediates.noindex/EagerLinkingTBDs/Debug-iphonesimulator -F/Users/runner/work/Reframe/Reframe/App/build/Build/Products/Debug-iphonesimulator -iframework /Applications/Xcode_16.2.app/Contents/Developer/Platforms/iPhoneSimulator.platform/Developer/Library/Frameworks -iframework /Applications/Xcode_16.2.app/Contents/Developer/Platforms/iPhoneSimulator.platform/Developer/SDKs/iPhoneSimulator18.2.sdk/Developer/Library/Frameworks -filelist /Users/runner/work/Reframe/Reframe/App/build/Build/Intermediates.noindex/ReframeCore.build/Debug-iphonesimulator/ReframeCore.build/Objects-normal/x86_64/ReframeCore.LinkFileList -nostdlib -Xlinker -object_path_lto -Xlinker /Users/runner/work/Reframe/Reframe/App/build/Build/Intermediates.noindex/ReframeCore.build/Debug-iphonesimulator/ReframeCore.build/Objects-normal/x86_64/ReframeCore_lto.o -Xlinker -export_dynamic -Xlinker -no_deduplicate -Xlinker -objc_abi_version -Xlinker 2 -fobjc-link-runtime -L/Applications/Xcode_16.2.app/Contents/Developer/Toolchains/XcodeDefault.xctoolchain/usr/lib/swift/iphonesimulator -L/usr/lib/swift -Xlinker -add_ast_path -Xlinker /Users/runner/work/Reframe/Reframe/App/build/Build/Intermediates.noindex/ReframeCore.build/Debug-iphonesimulator/ReframeCore.build/Objects-normal/x86_64/ReframeCore.swiftmodule -Xlinker -dependency_info -Xlinker /Users/runner/work/Reframe/Reframe/App/build/Build/Intermediates.noindex/ReframeCore.build/Debug-iphonesimulator/ReframeCore.build/Objects-normal/x86_64/ReframeCore_dependency_info.dat -o /Users/runner/work/Reframe/Reframe/App/build/Build/Intermediates.noindex/ReframeCore.build/Debug-iphonesimulator/ReframeCore.build/Objects-normal/x86_64/Binary/ReframeCore.o

SwiftDriverJobDiscovery normal arm64 Compiling ReframeSettings.swift, TrackingPoint.swift, ReframePipeline.swift (in target 'ReframeCore' from project 'ReframeCore')

Copy /Users/runner/work/Reframe/Reframe/App/build/Build/Intermediates.noindex/GeneratedModuleMaps-iphonesimulator/TrackingKit.modulemap /Users/runner/work/Reframe/Reframe/App/build/Build/Intermediates.noindex/ReframeCore.build/Debug-iphonesimulator/TrackingKit.build/TrackingKit.modulemap (in target 'TrackingKit' from project 'ReframeCore')
    cd /Users/runner/work/Reframe/Reframe/Packages/ReframeCore
    builtin-copy -exclude .DS_Store -exclude CVS -exclude .svn -exclude .git -exclude .hg -resolve-src-symlinks /Users/runner/work/Reframe/Reframe/App/build/Build/Intermediates.noindex/ReframeCore.build/Debug-iphonesimulator/TrackingKit.build/TrackingKit.modulemap /Users/runner/work/Reframe/Reframe/App/build/Build/Intermediates.noindex/GeneratedModuleMaps-iphonesimulator

SwiftDriver TrackingKit normal arm64 com.apple.xcode.tools.swift.compiler (in target 'TrackingKit' from project 'ReframeCore')
    cd /Users/runner/work/Reframe/Reframe/App/AutoReframe.xcodeproj
    builtin-SwiftDriver -- /Applications/Xcode_16.2.app/Contents/Developer/Toolchains/XcodeDefault.xctoolchain/usr/bin/swiftc -module-name TrackingKit -Onone -enforce-exclusivity\=checked @/Users/runner/work/Reframe/Reframe/App/build/Build/Intermediates.noindex/ReframeCore.build/Debug-iphonesimulator/TrackingKit.build/Objects-normal/arm64/TrackingKit.SwiftFileList -DSWIFT_PACKAGE -DDEBUG -DXcode -plugin-path /Applications/Xcode_16.2.app/Contents/Developer/Toolchains/XcodeDefault.xctoolchain/usr/lib/swift/host/plugins/testing -enable-experimental-feature DebugDescriptionMacro -sdk /Applications/Xcode_16.2.app/Contents/Developer/Platforms/iPhoneSimulator.platform/Developer/SDKs/iPhoneSimulator18.2.sdk -target arm64-apple-ios16.0-simulator -g -module-cache-path /Users/runner/work/Reframe/Reframe/App/build/ModuleCache.noindex -Xfrontend -serialize-debugging-options -enable-testing -index-store-path /Users/runner/work/Reframe/Reframe/App/build/Index.noindex/DataStore -enable-experimental-feature OpaqueTypeErasure -Xcc -D_LIBCPP_HARDENING_MODE\=_LIBCPP_HARDENING_MODE_DEBUG -swift-version 5 -I /Users/runner/work/Reframe/Reframe/App/build/Build/Products/Debug-iphonesimulator -I /Applications/Xcode_16.2.app/Contents/Developer/Platforms/iPhoneSimulator.platform/Developer/usr/lib -F /Users/runner/work/Reframe/Reframe/App/build/Build/Products/Debug-iphonesimulator/PackageFrameworks -F /Users/runner/work/Reframe/Reframe/App/build/Build/Products/Debug-iphonesimulator -F /Applications/Xcode_16.2.app/Contents/Developer/Platforms/iPhoneSimulator.platform/Developer/Library/Frameworks -F /Applications/Xcode_16.2.app/Contents/Developer/Platforms/iPhoneSimulator.platform/Developer/SDKs/iPhoneSimulator18.2.sdk/Developer/Library/Frameworks -c -j3 -enable-batch-mode -incremental -Xcc -ivfsstatcache -Xcc /Users/runner/work/Reframe/Reframe/App/build/SDKStatCaches.noindex/iphonesimulator18.2-22C146-16b5fc1f628d844b188c57a1ba9d6a81.sdkstatcache -output-file-map /Users/runner/work/Reframe/Reframe/App/build/Build/Intermediates.noindex/ReframeCore.build/Debug-iphonesimulator/TrackingKit.build/Objects-normal/arm64/TrackingKit-OutputFileMap.json -use-frontend-parseable-output -save-temps -no-color-diagnostics -serialize-diagnostics -emit-dependencies -emit-module -emit-module-path /Users/runner/work/Reframe/Reframe/App/build/Build/Intermediates.noindex/ReframeCore.build/Debug-iphonesimulator/TrackingKit.build/Objects-normal/arm64/TrackingKit.swiftmodule -validate-clang-modules-once -clang-build-session-file /Users/runner/work/Reframe/Reframe/App/build/ModuleCache.noindex/Session.modulevalidation -package-name reframecore -Xcc -I/Users/runner/work/Reframe/Reframe/App/build/Build/Intermediates.noindex/ReframeCore.build/Debug-iphonesimulator/TrackingKit.build/swift-overrides.hmap -emit-const-values -Xfrontend -const-gather-protocols-file -Xfrontend /Users/runner/work/Reframe/Reframe/App/build/Build/Intermediates.noindex/ReframeCore.build/Debug-iphonesimulator/TrackingKit.build/Objects-normal/arm64/TrackingKit_const_extract_protocols.json -Xcc -I/Users/runner/work/Reframe/Reframe/App/build/Build/Products/Debug-iphonesimulator/include -Xcc -I/Users/runner/work/Reframe/Reframe/App/build/Build/Intermediates.noindex/ReframeCore.build/Debug-iphonesimulator/TrackingKit.build/DerivedSources-normal/arm64 -Xcc -I/Users/runner/work/Reframe/Reframe/App/build/Build/Intermediates.noindex/ReframeCore.build/Debug-iphonesimulator/TrackingKit.build/DerivedSources/arm64 -Xcc -I/Users/runner/work/Reframe/Reframe/App/build/Build/Intermediates.noindex/ReframeCore.build/Debug-iphonesimulator/TrackingKit.build/DerivedSources -Xcc -DSWIFT_PACKAGE -Xcc -DDEBUG\=1 -emit-objc-header -emit-objc-header-path /Users/runner/work/Reframe/Reframe/App/build/Build/Intermediates.noindex/ReframeCore.build/Debug-iphonesimulator/TrackingKit.build/Objects-normal/arm64/TrackingKit-Swift.h -working-directory /Users/runner/work/Reframe/Reframe/App/AutoReframe.xcodeproj -experimental-emit-module-separately -disable-cmo

SwiftDriver TrackingKit normal x86_64 com.apple.xcode.tools.swift.compiler (in target 'TrackingKit' from project 'ReframeCore')
    cd /Users/runner/work/Reframe/Reframe/App/AutoReframe.xcodeproj
    builtin-SwiftDriver -- /Applications/Xcode_16.2.app/Contents/Developer/Toolchains/XcodeDefault.xctoolchain/usr/bin/swiftc -module-name TrackingKit -Onone -enforce-exclusivity\=checked @/Users/runner/work/Reframe/Reframe/App/build/Build/Intermediates.noindex/ReframeCore.build/Debug-iphonesimulator/TrackingKit.build/Objects-normal/x86_64/TrackingKit.SwiftFileList -DSWIFT_PACKAGE -DDEBUG -DXcode -plugin-path /Applications/Xcode_16.2.app/Contents/Developer/Toolchains/XcodeDefault.xctoolchain/usr/lib/swift/host/plugins/testing -enable-experimental-feature DebugDescriptionMacro -sdk /Applications/Xcode_16.2.app/Contents/Developer/Platforms/iPhoneSimulator.platform/Developer/SDKs/iPhoneSimulator18.2.sdk -target x86_64-apple-ios16.0-simulator -g -module-cache-path /Users/runner/work/Reframe/Reframe/App/build/ModuleCache.noindex -Xfrontend -serialize-debugging-options -enable-testing -index-store-path /Users/runner/work/Reframe/Reframe/App/build/Index.noindex/DataStore -enable-experimental-feature OpaqueTypeErasure -Xcc -D_LIBCPP_HARDENING_MODE\=_LIBCPP_HARDENING_MODE_DEBUG -swift-version 5 -I /Users/runner/work/Reframe/Reframe/App/build/Build/Products/Debug-iphonesimulator -I /Applications/Xcode_16.2.app/Contents/Developer/Platforms/iPhoneSimulator.platform/Developer/usr/lib -F /Users/runner/work/Reframe/Reframe/App/build/Build/Products/Debug-iphonesimulator/PackageFrameworks -F /Users/runner/work/Reframe/Reframe/App/build/Build/Products/Debug-iphonesimulator -F /Applications/Xcode_16.2.app/Contents/Developer/Platforms/iPhoneSimulator.platform/Developer/Library/Frameworks -F /Applications/Xcode_16.2.app/Contents/Developer/Platforms/iPhoneSimulator.platform/Developer/SDKs/iPhoneSimulator18.2.sdk/Developer/Library/Frameworks -c -j3 -enable-batch-mode -incremental -Xcc -ivfsstatcache -Xcc /Users/runner/work/Reframe/Reframe/App/build/SDKStatCaches.noindex/iphonesimulator18.2-22C146-16b5fc1f628d844b188c57a1ba9d6a81.sdkstatcache -output-file-map /Users/runner/work/Reframe/Reframe/App/build/Build/Intermediates.noindex/ReframeCore.build/Debug-iphonesimulator/TrackingKit.build/Objects-normal/x86_64/TrackingKit-OutputFileMap.json -use-frontend-parseable-output -save-temps -no-color-diagnostics -serialize-diagnostics -emit-dependencies -emit-module -emit-module-path /Users/runner/work/Reframe/Reframe/App/build/Build/Intermediates.noindex/ReframeCore.build/Debug-iphonesimulator/TrackingKit.build/Objects-normal/x86_64/TrackingKit.swiftmodule -validate-clang-modules-once -clang-build-session-file /Users/runner/work/Reframe/Reframe/App/build/ModuleCache.noindex/Session.modulevalidation -package-name reframecore -Xcc -I/Users/runner/work/Reframe/Reframe/App/build/Build/Intermediates.noindex/ReframeCore.build/Debug-iphonesimulator/TrackingKit.build/swift-overrides.hmap -emit-const-values -Xfrontend -const-gather-protocols-file -Xfrontend /Users/runner/work/Reframe/Reframe/App/build/Build/Intermediates.noindex/ReframeCore.build/Debug-iphonesimulator/TrackingKit.build/Objects-normal/x86_64/TrackingKit_const_extract_protocols.json -Xcc -I/Users/runner/work/Reframe/Reframe/App/build/Build/Products/Debug-iphonesimulator/include -Xcc -I/Users/runner/work/Reframe/Reframe/App/build/Build/Intermediates.noindex/ReframeCore.build/Debug-iphonesimulator/TrackingKit.build/DerivedSources-normal/x86_64 -Xcc -I/Users/runner/work/Reframe/Reframe/App/build/Build/Intermediates.noindex/ReframeCore.build/Debug-iphonesimulator/TrackingKit.build/DerivedSources/x86_64 -Xcc -I/Users/runner/work/Reframe/Reframe/App/build/Build/Intermediates.noindex/ReframeCore.build/Debug-iphonesimulator/TrackingKit.build/DerivedSources -Xcc -DSWIFT_PACKAGE -Xcc -DDEBUG\=1 -emit-objc-header -emit-objc-header-path /Users/runner/work/Reframe/Reframe/App/build/Build/Intermediates.noindex/ReframeCore.build/Debug-iphonesimulator/TrackingKit.build/Objects-normal/x86_64/TrackingKit-Swift.h -working-directory /Users/runner/work/Reframe/Reframe/App/AutoReframe.xcodeproj -experimental-emit-module-separately -disable-cmo

SwiftEmitModule normal arm64 Emitting\ module\ for\ TrackingKit (in target 'TrackingKit' from project 'ReframeCore')
    cd /Users/runner/work/Reframe/Reframe/App/AutoReframe.xcodeproj
    builtin-swiftTaskExecution -- /Applications/Xcode_16.2.app/Contents/Developer/Toolchains/XcodeDefault.xctoolchain/usr/bin/swift-frontend -frontend -emit-module -experimental-skip-non-inlinable-function-bodies-without-types /Users/runner/work/Reframe/Reframe/Packages/ReframeCore/Sources/TrackingKit/Geometry/BoxMath.swift /Users/runner/work/Reframe/Reframe/Packages/ReframeCore/Sources/TrackingKit/Geometry/DisplayMapping.swift /Users/runner/work/Reframe/Reframe/Packages/ReframeCore/Sources/TrackingKit/Geometry/Timestamps.swift /Users/runner/work/Reframe/Reframe/Packages/ReframeCore/Sources/TrackingKit/Geometry/VisionCoordinates.swift /Users/runner/work/Reframe/Reframe/Packages/ReframeCore/Sources/TrackingKit/Output/CommandLineOptions.swift /Users/runner/work/Reframe/Reframe/Packages/ReframeCore/Sources/TrackingKit/Output/TrackingReport.swift /Users/runner/work/Reframe/Reframe/Packages/ReframeCore/Sources/TrackingKit/Render/RenderPlanning.swift /Users/runner/work/Reframe/Reframe/Packages/ReframeCore/Sources/TrackingKit/Render/VerticalRenderer.swift /Users/runner/work/Reframe/Reframe/Packages/ReframeCore/Sources/TrackingKit/Selection/Observation.swift /Users/runner/work/Reframe/Reframe/Packages/ReframeCore/Sources/TrackingKit/Selection/SubjectSelector.swift /Users/runner/work/Reframe/Reframe/Packages/ReframeCore/Sources/TrackingKit/Selection/SubjectTracker.swift /Users/runner/work/Reframe/Reframe/Packages/ReframeCore/Sources/TrackingKit/TrackingSettings.swift /Users/runner/work/Reframe/Reframe/Packages/ReframeCore/Sources/TrackingKit/Vision/DebugVideoWriter.swift /Users/runner/work/Reframe/Reframe/Packages/ReframeCore/Sources/TrackingKit/Vision/PersonPreview.swift /Users/runner/work/Reframe/Reframe/Packages/ReframeCore/Sources/TrackingKit/Vision/TrackingPipeline.swift /Users/runner/work/Reframe/Reframe/Packages/ReframeCore/Sources/TrackingKit/Vision/VideoFrameReader.swift /Users/runner/work/Reframe/Reframe/Packages/ReframeCore/Sources/TrackingKit/Vision/VisionComponents.swift -target arm64-apple-ios16.0-simulator -Xllvm -aarch64-use-tbi -enable-objc-interop -sdk /Applications/Xcode_16.2.app/Contents/Developer/Platforms/iPhoneSimulator.platform/Developer/SDKs/iPhoneSimulator18.2.sdk -I /Users/runner/work/Reframe/Reframe/App/build/Build/Products/Debug-iphonesimulator -I /Applications/Xcode_16.2.app/Contents/Developer/Platforms/iPhoneSimulator.platform/Developer/usr/lib -F /Users/runner/work/Reframe/Reframe/App/build/Build/Products/Debug-iphonesimulator/PackageFrameworks -F /Users/runner/work/Reframe/Reframe/App/build/Build/Products/Debug-iphonesimulator -F /Applications/Xcode_16.2.app/Contents/Developer/Platforms/iPhoneSimulator.platform/Developer/Library/Frameworks -F /Applications/Xcode_16.2.app/Contents/Developer/Platforms/iPhoneSimulator.platform/Developer/SDKs/iPhoneSimulator18.2.sdk/Developer/Library/Frameworks -no-color-diagnostics -enable-testing -g -debug-info-format\=dwarf -dwarf-version\=4 -module-cache-path /Users/runner/work/Reframe/Reframe/App/build/ModuleCache.noindex -swift-version 5 -enforce-exclusivity\=checked -Onone -D SWIFT_PACKAGE -D DEBUG -D Xcode -serialize-debugging-options -const-gather-protocols-file /Users/runner/work/Reframe/Reframe/App/build/Build/Intermediates.noindex/ReframeCore.build/Debug-iphonesimulator/TrackingKit.build/Objects-normal/arm64/TrackingKit_const_extract_protocols.json -enable-experimental-feature DebugDescriptionMacro -enable-experimental-feature OpaqueTypeErasure -empty-abi-descriptor -plugin-path /Applications/Xcode_16.2.app/Contents/Developer/Toolchains/XcodeDefault.xctoolchain/usr/lib/swift/host/plugins/testing -validate-clang-modules-once -clang-build-session-file /Users/runner/work/Reframe/Reframe/App/build/ModuleCache.noindex/Session.modulevalidation -Xcc -working-directory -Xcc /Users/runner/work/Reframe/Reframe/App/AutoReframe.xcodeproj -resource-dir /Applications/Xcode_16.2.app/Contents/Developer/Toolchains/XcodeDefault.xctoolchain/usr/lib/swift -enable-anonymous-context-mangled-names -file-compilation-dir /Users/runner/work/Reframe/Reframe/App/AutoReframe.xcodeproj -Xcc -D_LIBCPP_HARDENING_MODE\=_LIBCPP_HARDENING_MODE_DEBUG -Xcc -ivfsstatcache -Xcc /Users/runner/work/Reframe/Reframe/App/build/SDKStatCaches.noindex/iphonesimulator18.2-22C146-16b5fc1f628d844b188c57a1ba9d6a81.sdkstatcache -Xcc -I/Users/runner/work/Reframe/Reframe/App/build/Build/Intermediates.noindex/ReframeCore.build/Debug-iphonesimulator/TrackingKit.build/swift-overrides.hmap -Xcc -I/Users/runner/work/Reframe/Reframe/App/build/Build/Products/Debug-iphonesimulator/include -Xcc -I/Users/runner/work/Reframe/Reframe/App/build/Build/Intermediates.noindex/ReframeCore.build/Debug-iphonesimulator/TrackingKit.build/DerivedSources-normal/arm64 -Xcc -I/Users/runner/work/Reframe/Reframe/App/build/Build/Intermediates.noindex/ReframeCore.build/Debug-iphonesimulator/TrackingKit.build/DerivedSources/arm64 -Xcc -I/Users/runner/work/Reframe/Reframe/App/build/Build/Intermediates.noindex/ReframeCore.build/Debug-iphonesimulator/TrackingKit.build/DerivedSources -Xcc -DSWIFT_PACKAGE -Xcc -DDEBUG\=1 -module-name TrackingKit -package-name reframecore -frontend-parseable-output -disable-clang-spi -target-sdk-version 18.2 -target-sdk-name iphonesimulator18.2 -external-plugin-path /Applications/Xcode_16.2.app/Contents/Developer/Platforms/iPhoneOS.platform/Developer/usr/lib/swift/host/plugins\#/Applications/Xcode_16.2.app/Contents/Developer/Platforms/iPhoneOS.platform/Developer/usr/bin/swift-plugin-server -external-plugin-path /Applications/Xcode_16.2.app/Contents/Developer/Platforms/iPhoneOS.platform/Developer/usr/local/lib/swift/host/plugins\#/Applications/Xcode_16.2.app/Contents/Developer/Platforms/iPhoneOS.platform/Developer/usr/bin/swift-plugin-server -plugin-path /Applications/Xcode_16.2.app/Contents/Developer/Toolchains/XcodeDefault.xctoolchain/usr/lib/swift/host/plugins -plugin-path /Applications/Xcode_16.2.app/Contents/Developer/Toolchains/XcodeDefault.xctoolchain/usr/local/lib/swift/host/plugins -emit-module-doc-path /Users/runner/work/Reframe/Reframe/App/build/Build/Intermediates.noindex/ReframeCore.build/Debug-iphonesimulator/TrackingKit.build/Objects-normal/arm64/TrackingKit.swiftdoc -emit-module-source-info-path /Users/runner/work/Reframe/Reframe/App/build/Build/Intermediates.noindex/ReframeCore.build/Debug-iphonesimulator/TrackingKit.build/Objects-normal/arm64/TrackingKit.swiftsourceinfo -emit-objc-header-path /Users/runner/work/Reframe/Reframe/App/build/Build/Intermediates.noindex/ReframeCore.build/Debug-iphonesimulator/TrackingKit.build/Objects-normal/arm64/TrackingKit-Swift.h -serialize-diagnostics-path /Users/runner/work/Reframe/Reframe/App/build/Build/Intermediates.noindex/ReframeCore.build/Debug-iphonesimulator/TrackingKit.build/Objects-normal/arm64/TrackingKit-master-emit-module.dia -emit-dependencies-path /Users/runner/work/Reframe/Reframe/App/build/Build/Intermediates.noindex/ReframeCore.build/Debug-iphonesimulator/TrackingKit.build/Objects-normal/arm64/TrackingKit-master-emit-module.d -o /Users/runner/work/Reframe/Reframe/App/build/Build/Intermediates.noindex/ReframeCore.build/Debug-iphonesimulator/TrackingKit.build/Objects-normal/arm64/TrackingKit.swiftmodule -emit-abi-descriptor-path /Users/runner/work/Reframe/Reframe/App/build/Build/Intermediates.noindex/ReframeCore.build/Debug-iphonesimulator/TrackingKit.build/Objects-normal/arm64/TrackingKit.abi.json
EmitSwiftModule normal arm64 (in target 'TrackingKit' from project 'ReframeCore')
    cd /Users/runner/work/Reframe/Reframe/App/AutoReframe.xcodeproj
    /Applications/Xcode_16.2.app/Contents/Developer/Toolchains/XcodeDefault.xctoolchain/usr/bin/swift-frontend -emit-module -experimental-skip-non-inlinable-function-bodies-without-types /Users/runner/work/Reframe/Reframe/Packages/ReframeCore/Sources/TrackingKit/Geometry/BoxMath.swift /Users/runner/work/Reframe/Reframe/Packages/ReframeCore/Sources/TrackingKit/Geometry/DisplayMapping.swift /Users/runner/work/Reframe/Reframe/Packages/ReframeCore/Sources/TrackingKit/Geometry/Timestamps.swift /Users/runner/work/Reframe/Reframe/Packages/ReframeCore/Sources/TrackingKit/Geometry/VisionCoordinates.swift /Users/runner/work/Reframe/Reframe/Packages/ReframeCore/Sources/TrackingKit/Output/CommandLineOptions.swift /Users/runner/work/Reframe/Reframe/Packages/ReframeCore/Sources/TrackingKit/Output/TrackingReport.swift /Users/runner/work/Reframe/Reframe/Packages/ReframeCore/Sources/TrackingKit/Render/RenderPlanning.swift /Users/runner/work/Reframe/Reframe/Packages/ReframeCore/Sources/TrackingKit/Render/VerticalRenderer.swift /Users/runner/work/Reframe/Reframe/Packages/ReframeCore/Sources/TrackingKit/Selection/Observation.swift /Users/runner/work/Reframe/Reframe/Packages/ReframeCore/Sources/TrackingKit/Selection/SubjectSelector.swift /Users/runner/work/Reframe/Reframe/Packages/ReframeCore/Sources/TrackingKit/Selection/SubjectTracker.swift /Users/runner/work/Reframe/Reframe/Packages/ReframeCore/Sources/TrackingKit/TrackingSettings.swift /Users/runner/work/Reframe/Reframe/Packages/ReframeCore/Sources/TrackingKit/Vision/DebugVideoWriter.swift /Users/runner/work/Reframe/Reframe/Packages/ReframeCore/Sources/TrackingKit/Vision/PersonPreview.swift /Users/runner/work/Reframe/Reframe/Packages/ReframeCore/Sources/TrackingKit/Vision/TrackingPipeline.swift /Users/runner/work/Reframe/Reframe/Packages/ReframeCore/Sources/TrackingKit/Vision/VideoFrameReader.swift /Users/runner/work/Reframe/Reframe/Packages/ReframeCore/Sources/TrackingKit/Vision/VisionComponents.swift -target arm64-apple-ios16.0-simulator -Xllvm -aarch64-use-tbi -enable-objc-interop -sdk /Applications/Xcode_16.2.app/Contents/Developer/Platforms/iPhoneSimulator.platform/Developer/SDKs/iPhoneSimulator18.2.sdk -I /Users/runner/work/Reframe/Reframe/App/build/Build/Products/Debug-iphonesimulator -I /Applications/Xcode_16.2.app/Contents/Developer/Platforms/iPhoneSimulator.platform/Developer/usr/lib -F /Users/runner/work/Reframe/Reframe/App/build/Build/Products/Debug-iphonesimulator/PackageFrameworks -F /Users/runner/work/Reframe/Reframe/App/build/Build/Products/Debug-iphonesimulator -F /Applications/Xcode_16.2.app/Contents/Developer/Platforms/iPhoneSimulator.platform/Developer/Library/Frameworks -F /Applications/Xcode_16.2.app/Contents/Developer/Platforms/iPhoneSimulator.platform/Developer/SDKs/iPhoneSimulator18.2.sdk/Developer/Library/Frameworks -no-color-diagnostics -enable-testing -g -debug-info-format\=dwarf -dwarf-version\=4 -module-cache-path /Users/runner/work/Reframe/Reframe/App/build/ModuleCache.noindex -swift-version 5 -enforce-exclusivity\=checked -Onone -D SWIFT_PACKAGE -D DEBUG -D Xcode -serialize-debugging-options -const-gather-protocols-file /Users/runner/work/Reframe/Reframe/App/build/Build/Intermediates.noindex/ReframeCore.build/Debug-iphonesimulator/TrackingKit.build/Objects-normal/arm64/TrackingKit_const_extract_protocols.json -enable-experimental-feature DebugDescriptionMacro -enable-experimental-feature OpaqueTypeErasure -empty-abi-descriptor -plugin-path /Applications/Xcode_16.2.app/Contents/Developer/Toolchains/XcodeDefault.xctoolchain/usr/lib/swift/host/plugins/testing -validate-clang-modules-once -clang-build-session-file /Users/runner/work/Reframe/Reframe/App/build/ModuleCache.noindex/Session.modulevalidation -Xcc -working-directory -Xcc /Users/runner/work/Reframe/Reframe/App/AutoReframe.xcodeproj -resource-dir /Applications/Xcode_16.2.app/Contents/Developer/Toolchains/XcodeDefault.xctoolchain/usr/lib/swift -enable-anonymous-context-mangled-names -file-compilation-dir /Users/runner/work/Reframe/Reframe/App/AutoReframe.xcodeproj -Xcc -D_LIBCPP_HARDENING_MODE\=_LIBCPP_HARDENING_MODE_DEBUG -Xcc -ivfsstatcache -Xcc /Users/runner/work/Reframe/Reframe/App/build/SDKStatCaches.noindex/iphonesimulator18.2-22C146-16b5fc1f628d844b188c57a1ba9d6a81.sdkstatcache -Xcc -I/Users/runner/work/Reframe/Reframe/App/build/Build/Intermediates.noindex/ReframeCore.build/Debug-iphonesimulator/TrackingKit.build/swift-overrides.hmap -Xcc -I/Users/runner/work/Reframe/Reframe/App/build/Build/Products/Debug-iphonesimulator/include -Xcc -I/Users/runner/work/Reframe/Reframe/App/build/Build/Intermediates.noindex/ReframeCore.build/Debug-iphonesimulator/TrackingKit.build/DerivedSources-normal/arm64 -Xcc -I/Users/runner/work/Reframe/Reframe/App/build/Build/Intermediates.noindex/ReframeCore.build/Debug-iphonesimulator/TrackingKit.build/DerivedSources/arm64 -Xcc -I/Users/runner/work/Reframe/Reframe/App/build/Build/Intermediates.noindex/ReframeCore.build/Debug-iphonesimulator/TrackingKit.build/DerivedSources -Xcc -DSWIFT_PACKAGE -Xcc -DDEBUG\=1 -module-name TrackingKit -package-name reframecore -frontend-parseable-output -disable-clang-spi -target-sdk-version 18.2 -target-sdk-name iphonesimulator18.2 -external-plugin-path /Applications/Xcode_16.2.app/Contents/Developer/Platforms/iPhoneOS.platform/Developer/usr/lib/swift/host/plugins\#/Applications/Xcode_16.2.app/Contents/Developer/Platforms/iPhoneOS.platform/Developer/usr/bin/swift-plugin-server -external-plugin-path /Applications/Xcode_16.2.app/Contents/Developer/Platforms/iPhoneOS.platform/Developer/usr/local/lib/swift/host/plugins\#/Applications/Xcode_16.2.app/Contents/Developer/Platforms/iPhoneOS.platform/Developer/usr/bin/swift-plugin-server -plugin-path /Applications/Xcode_16.2.app/Contents/Developer/Toolchains/XcodeDefault.xctoolchain/usr/lib/swift/host/plugins -plugin-path /Applications/Xcode_16.2.app/Contents/Developer/Toolchains/XcodeDefault.xctoolchain/usr/local/lib/swift/host/plugins -emit-module-doc-path /Users/runner/work/Reframe/Reframe/App/build/Build/Intermediates.noindex/ReframeCore.build/Debug-iphonesimulator/TrackingKit.build/Objects-normal/arm64/TrackingKit.swiftdoc -emit-module-source-info-path /Users/runner/work/Reframe/Reframe/App/build/Build/Intermediates.noindex/ReframeCore.build/Debug-iphonesimulator/TrackingKit.build/Objects-normal/arm64/TrackingKit.swiftsourceinfo -emit-objc-header-path /Users/runner/work/Reframe/Reframe/App/build/Build/Intermediates.noindex/ReframeCore.build/Debug-iphonesimulator/TrackingKit.build/Objects-normal/arm64/TrackingKit-Swift.h -serialize-diagnostics-path /Users/runner/work/Reframe/Reframe/App/build/Build/Intermediates.noindex/ReframeCore.build/Debug-iphonesimulator/TrackingKit.build/Objects-normal/arm64/TrackingKit-master-emit-module.dia -emit-dependencies-path /Users/runner/work/Reframe/Reframe/App/build/Build/Intermediates.noindex/ReframeCore.build/Debug-iphonesimulator/TrackingKit.build/Objects-normal/arm64/TrackingKit-master-emit-module.d -o /Users/runner/work/Reframe/Reframe/App/build/Build/Intermediates.noindex/ReframeCore.build/Debug-iphonesimulator/TrackingKit.build/Objects-normal/arm64/TrackingKit.swiftmodule -emit-abi-descriptor-path /Users/runner/work/Reframe/Reframe/App/build/Build/Intermediates.noindex/ReframeCore.build/Debug-iphonesimulator/TrackingKit.build/Objects-normal/arm64/TrackingKit.abi.json

SwiftCompile normal arm64 Compiling\ DebugVideoWriter.swift,\ PersonPreview.swift,\ TrackingPipeline.swift,\ VideoFrameReader.swift,\ VisionComponents.swift /Users/runner/work/Reframe/Reframe/Packages/ReframeCore/Sources/TrackingKit/Vision/DebugVideoWriter.swift /Users/runner/work/Reframe/Reframe/Packages/ReframeCore/Sources/TrackingKit/Vision/PersonPreview.swift /Users/runner/work/Reframe/Reframe/Packages/ReframeCore/Sources/TrackingKit/Vision/TrackingPipeline.swift /Users/runner/work/Reframe/Reframe/Packages/ReframeCore/Sources/TrackingKit/Vision/VideoFrameReader.swift /Users/runner/work/Reframe/Reframe/Packages/ReframeCore/Sources/TrackingKit/Vision/VisionComponents.swift (in target 'TrackingKit' from project 'ReframeCore')
    cd /Users/runner/work/Reframe/Reframe/App/AutoReframe.xcodeproj
    builtin-swiftTaskExecution -- /Applications/Xcode_16.2.app/Contents/Developer/Toolchains/XcodeDefault.xctoolchain/usr/bin/swift-frontend -frontend -c /Users/runner/work/Reframe/Reframe/Packages/ReframeCore/Sources/TrackingKit/Geometry/BoxMath.swift /Users/runner/work/Reframe/Reframe/Packages/ReframeCore/Sources/TrackingKit/Geometry/DisplayMapping.swift /Users/runner/work/Reframe/Reframe/Packages/ReframeCore/Sources/TrackingKit/Geometry/Timestamps.swift /Users/runner/work/Reframe/Reframe/Packages/ReframeCore/Sources/TrackingKit/Geometry/VisionCoordinates.swift /Users/runner/work/Reframe/Reframe/Packages/ReframeCore/Sources/TrackingKit/Output/CommandLineOptions.swift /Users/runner/work/Reframe/Reframe/Packages/ReframeCore/Sources/TrackingKit/Output/TrackingReport.swift /Users/runner/work/Reframe/Reframe/Packages/ReframeCore/Sources/TrackingKit/Render/RenderPlanning.swift /Users/runner/work/Reframe/Reframe/Packages/ReframeCore/Sources/TrackingKit/Render/VerticalRenderer.swift /Users/runner/work/Reframe/Reframe/Packages/ReframeCore/Sources/TrackingKit/Selection/Observation.swift /Users/runner/work/Reframe/Reframe/Packages/ReframeCore/Sources/TrackingKit/Selection/SubjectSelector.swift /Users/runner/work/Reframe/Reframe/Packages/ReframeCore/Sources/TrackingKit/Selection/SubjectTracker.swift /Users/runner/work/Reframe/Reframe/Packages/ReframeCore/Sources/TrackingKit/TrackingSettings.swift -primary-file /Users/runner/work/Reframe/Reframe/Packages/ReframeCore/Sources/TrackingKit/Vision/DebugVideoWriter.swift -primary-file /Users/runner/work/Reframe/Reframe/Packages/ReframeCore/Sources/TrackingKit/Vision/PersonPreview.swift -primary-file /Users/runner/work/Reframe/Reframe/Packages/ReframeCore/Sources/TrackingKit/Vision/TrackingPipeline.swift -primary-file /Users/runner/work/Reframe/Reframe/Packages/ReframeCore/Sources/TrackingKit/Vision/VideoFrameReader.swift -primary-file /Users/runner/work/Reframe/Reframe/Packages/ReframeCore/Sources/TrackingKit/Vision/VisionComponents.swift -supplementary-output-file-map /Users/runner/work/Reframe/Reframe/App/build/Build/Intermediates.noindex/ReframeCore.build/Debug-iphonesimulator/TrackingKit.build/Objects-normal/arm64/supplementaryOutputs-15 -target arm64-apple-ios16.0-simulator -Xllvm -aarch64-use-tbi -enable-objc-interop -sdk /Applications/Xcode_16.2.app/Contents/Developer/Platforms/iPhoneSimulator.platform/Developer/SDKs/iPhoneSimulator18.2.sdk -I /Users/runner/work/Reframe/Reframe/App/build/Build/Products/Debug-iphonesimulator -I /Applications/Xcode_16.2.app/Contents/Developer/Platforms/iPhoneSimulator.platform/Developer/usr/lib -F /Users/runner/work/Reframe/Reframe/App/build/Build/Products/Debug-iphonesimulator/PackageFrameworks -F /Users/runner/work/Reframe/Reframe/App/build/Build/Products/Debug-iphonesimulator -F /Applications/Xcode_16.2.app/Contents/Developer/Platforms/iPhoneSimulator.platform/Developer/Library/Frameworks -F /Applications/Xcode_16.2.app/Contents/Developer/Platforms/iPhoneSimulator.platform/Developer/SDKs/iPhoneSimulator18.2.sdk/Developer/Library/Frameworks -no-color-diagnostics -enable-testing -g -debug-info-format\=dwarf -dwarf-version\=4 -module-cache-path /Users/runner/work/Reframe/Reframe/App/build/ModuleCache.noindex -swift-version 5 -enforce-exclusivity\=checked -Onone -D SWIFT_PACKAGE -D DEBUG -D Xcode -serialize-debugging-options -const-gather-protocols-file /Users/runner/work/Reframe/Reframe/App/build/Build/Intermediates.noindex/ReframeCore.build/Debug-iphonesimulator/TrackingKit.build/Objects-normal/arm64/TrackingKit_const_extract_protocols.json -enable-experimental-feature DebugDescriptionMacro -enable-experimental-feature OpaqueTypeErasure -empty-abi-descriptor -plugin-path /Applications/Xcode_16.2.app/Contents/Developer/Toolchains/XcodeDefault.xctoolchain/usr/lib/swift/host/plugins/testing -validate-clang-modules-once -clang-build-session-file /Users/runner/work/Reframe/Reframe/App/build/ModuleCache.noindex/Session.modulevalidation -Xcc -working-directory -Xcc /Users/runner/work/Reframe/Reframe/App/AutoReframe.xcodeproj -resource-dir /Applications/Xcode_16.2.app/Contents/Developer/Toolchains/XcodeDefault.xctoolchain/usr/lib/swift -enable-anonymous-context-mangled-names -file-compilation-dir /Users/runner/work/Reframe/Reframe/App/AutoReframe.xcodeproj -Xcc -D_LIBCPP_HARDENING_MODE\=_LIBCPP_HARDENING_MODE_DEBUG -Xcc -ivfsstatcache -Xcc /Users/runner/work/Reframe/Reframe/App/build/SDKStatCaches.noindex/iphonesimulator18.2-22C146-16b5fc1f628d844b188c57a1ba9d6a81.sdkstatcache -Xcc -I/Users/runner/work/Reframe/Reframe/App/build/Build/Intermediates.noindex/ReframeCore.build/Debug-iphonesimulator/TrackingKit.build/swift-overrides.hmap -Xcc -I/Users/runner/work/Reframe/Reframe/App/build/Build/Products/Debug-iphonesimulator/include -Xcc -I/Users/runner/work/Reframe/Reframe/App/build/Build/Intermediates.noindex/ReframeCore.build/Debug-iphonesimulator/TrackingKit.build/DerivedSources-normal/arm64 -Xcc -I/Users/runner/work/Reframe/Reframe/App/build/Build/Intermediates.noindex/ReframeCore.build/Debug-iphonesimulator/TrackingKit.build/DerivedSources/arm64 -Xcc -I/Users/runner/work/Reframe/Reframe/App/build/Build/Intermediates.noindex/ReframeCore.build/Debug-iphonesimulator/TrackingKit.build/DerivedSources -Xcc -DSWIFT_PACKAGE -Xcc -DDEBUG\=1 -module-name TrackingKit -package-name reframecore -frontend-parseable-output -disable-clang-spi -target-sdk-version 18.2 -target-sdk-name iphonesimulator18.2 -external-plugin-path /Applications/Xcode_16.2.app/Contents/Developer/Platforms/iPhoneOS.platform/Developer/usr/lib/swift/host/plugins\#/Applications/Xcode_16.2.app/Contents/Developer/Platforms/iPhoneOS.platform/Developer/usr/bin/swift-plugin-server -external-plugin-path /Applications/Xcode_16.2.app/Contents/Developer/Platforms/iPhoneOS.platform/Developer/usr/local/lib/swift/host/plugins\#/Applications/Xcode_16.2.app/Contents/Developer/Platforms/iPhoneOS.platform/Developer/usr/bin/swift-plugin-server -plugin-path /Applications/Xcode_16.2.app/Contents/Developer/Toolchains/XcodeDefault.xctoolchain/usr/lib/swift/host/plugins -plugin-path /Applications/Xcode_16.2.app/Contents/Developer/Toolchains/XcodeDefault.xctoolchain/usr/local/lib/swift/host/plugins -o /Users/runner/work/Reframe/Reframe/App/build/Build/Intermediates.noindex/ReframeCore.build/Debug-iphonesimulator/TrackingKit.build/Objects-normal/arm64/DebugVideoWriter.o -o /Users/runner/work/Reframe/Reframe/App/build/Build/Intermediates.noindex/ReframeCore.build/Debug-iphonesimulator/TrackingKit.build/Objects-normal/arm64/PersonPreview.o -o /Users/runner/work/Reframe/Reframe/App/build/Build/Intermediates.noindex/ReframeCore.build/Debug-iphonesimulator/TrackingKit.build/Objects-normal/arm64/TrackingPipeline.o -o /Users/runner/work/Reframe/Reframe/App/build/Build/Intermediates.noindex/ReframeCore.build/Debug-iphonesimulator/TrackingKit.build/Objects-normal/arm64/VideoFrameReader.o -o /Users/runner/work/Reframe/Reframe/App/build/Build/Intermediates.noindex/ReframeCore.build/Debug-iphonesimulator/TrackingKit.build/Objects-normal/arm64/VisionComponents.o -index-unit-output-path /ReframeCore.build/Debug-iphonesimulator/TrackingKit.build/Objects-normal/arm64/DebugVideoWriter.o -index-unit-output-path /ReframeCore.build/Debug-iphonesimulator/TrackingKit.build/Objects-normal/arm64/PersonPreview.o -index-unit-output-path /ReframeCore.build/Debug-iphonesimulator/TrackingKit.build/Objects-normal/arm64/TrackingPipeline.o -index-unit-output-path /ReframeCore.build/Debug-iphonesimulator/TrackingKit.build/Objects-normal/arm64/VideoFrameReader.o -index-unit-output-path /ReframeCore.build/Debug-iphonesimulator/TrackingKit.build/Objects-normal/arm64/VisionComponents.o -index-store-path /Users/runner/work/Reframe/Reframe/App/build/Index.noindex/DataStore -index-system-modules
SwiftCompile normal arm64 /Users/runner/work/Reframe/Reframe/Packages/ReframeCore/Sources/TrackingKit/Vision/DebugVideoWriter.swift (in target 'TrackingKit' from project 'ReframeCore')
    cd /Users/runner/work/Reframe/Reframe/App/AutoReframe.xcodeproj
    /Applications/Xcode_16.2.app/Contents/Developer/Toolchains/XcodeDefault.xctoolchain/usr/bin/swift-frontend -c /Users/runner/work/Reframe/Reframe/Packages/ReframeCore/Sources/TrackingKit/Geometry/BoxMath.swift /Users/runner/work/Reframe/Reframe/Packages/ReframeCore/Sources/TrackingKit/Geometry/DisplayMapping.swift /Users/runner/work/Reframe/Reframe/Packages/ReframeCore/Sources/TrackingKit/Geometry/Timestamps.swift /Users/runner/work/Reframe/Reframe/Packages/ReframeCore/Sources/TrackingKit/Geometry/VisionCoordinates.swift /Users/runner/work/Reframe/Reframe/Packages/ReframeCore/Sources/TrackingKit/Output/CommandLineOptions.swift /Users/runner/work/Reframe/Reframe/Packages/ReframeCore/Sources/TrackingKit/Output/TrackingReport.swift /Users/runner/work/Reframe/Reframe/Packages/ReframeCore/Sources/TrackingKit/Render/RenderPlanning.swift /Users/runner/work/Reframe/Reframe/Packages/ReframeCore/Sources/TrackingKit/Render/VerticalRenderer.swift /Users/runner/work/Reframe/Reframe/Packages/ReframeCore/Sources/TrackingKit/Selection/Observation.swift /Users/runner/work/Reframe/Reframe/Packages/ReframeCore/Sources/TrackingKit/Selection/SubjectSelector.swift /Users/runner/work/Reframe/Reframe/Packages/ReframeCore/Sources/TrackingKit/Selection/SubjectTracker.swift /Users/runner/work/Reframe/Reframe/Packages/ReframeCore/Sources/TrackingKit/TrackingSettings.swift -primary-file /Users/runner/work/Reframe/Reframe/Packages/ReframeCore/Sources/TrackingKit/Vision/DebugVideoWriter.swift -primary-file /Users/runner/work/Reframe/Reframe/Packages/ReframeCore/Sources/TrackingKit/Vision/PersonPreview.swift -primary-file /Users/runner/work/Reframe/Reframe/Packages/ReframeCore/Sources/TrackingKit/Vision/TrackingPipeline.swift -primary-file /Users/runner/work/Reframe/Reframe/Packages/ReframeCore/Sources/TrackingKit/Vision/VideoFrameReader.swift -primary-file /Users/runner/work/Reframe/Reframe/Packages/ReframeCore/Sources/TrackingKit/Vision/VisionComponents.swift -supplementary-output-file-map /Users/runner/work/Reframe/Reframe/App/build/Build/Intermediates.noindex/ReframeCore.build/Debug-iphonesimulator/TrackingKit.build/Objects-normal/arm64/supplementaryOutputs-15 -target arm64-apple-ios16.0-simulator -Xllvm -aarch64-use-tbi -enable-objc-interop -sdk /Applications/Xcode_16.2.app/Contents/Developer/Platforms/iPhoneSimulator.platform/Developer/SDKs/iPhoneSimulator18.2.sdk -I /Users/runner/work/Reframe/Reframe/App/build/Build/Products/Debug-iphonesimulator -I /Applications/Xcode_16.2.app/Contents/Developer/Platforms/iPhoneSimulator.platform/Developer/usr/lib -F /Users/runner/work/Reframe/Reframe/App/build/Build/Products/Debug-iphonesimulator/PackageFrameworks -F /Users/runner/work/Reframe/Reframe/App/build/Build/Products/Debug-iphonesimulator -F /Applications/Xcode_16.2.app/Contents/Developer/Platforms/iPhoneSimulator.platform/Developer/Library/Frameworks -F /Applications/Xcode_16.2.app/Contents/Developer/Platforms/iPhoneSimulator.platform/Developer/SDKs/iPhoneSimulator18.2.sdk/Developer/Library/Frameworks -no-color-diagnostics -enable-testing -g -debug-info-format\=dwarf -dwarf-version\=4 -module-cache-path /Users/runner/work/Reframe/Reframe/App/build/ModuleCache.noindex -swift-version 5 -enforce-exclusivity\=checked -Onone -D SWIFT_PACKAGE -D DEBUG -D Xcode -serialize-debugging-options -const-gather-protocols-file /Users/runner/work/Reframe/Reframe/App/build/Build/Intermediates.noindex/ReframeCore.build/Debug-iphonesimulator/TrackingKit.build/Objects-normal/arm64/TrackingKit_const_extract_protocols.json -enable-experimental-feature DebugDescriptionMacro -enable-experimental-feature OpaqueTypeErasure -empty-abi-descriptor -plugin-path /Applications/Xcode_16.2.app/Contents/Developer/Toolchains/XcodeDefault.xctoolchain/usr/lib/swift/host/plugins/testing -validate-clang-modules-once -clang-build-session-file /Users/runner/work/Reframe/Reframe/App/build/ModuleCache.noindex/Session.modulevalidation -Xcc -working-directory -Xcc /Users/runner/work/Reframe/Reframe/App/AutoReframe.xcodeproj -resource-dir /Applications/Xcode_16.2.app/Contents/Developer/Toolchains/XcodeDefault.xctoolchain/usr/lib/swift -enable-anonymous-context-mangled-names -file-compilation-dir /Users/runner/work/Reframe/Reframe/App/AutoReframe.xcodeproj -Xcc -D_LIBCPP_HARDENING_MODE\=_LIBCPP_HARDENING_MODE_DEBUG -Xcc -ivfsstatcache -Xcc /Users/runner/work/Reframe/Reframe/App/build/SDKStatCaches.noindex/iphonesimulator18.2-22C146-16b5fc1f628d844b188c57a1ba9d6a81.sdkstatcache -Xcc -I/Users/runner/work/Reframe/Reframe/App/build/Build/Intermediates.noindex/ReframeCore.build/Debug-iphonesimulator/TrackingKit.build/swift-overrides.hmap -Xcc -I/Users/runner/work/Reframe/Reframe/App/build/Build/Products/Debug-iphonesimulator/include -Xcc -I/Users/runner/work/Reframe/Reframe/App/build/Build/Intermediates.noindex/ReframeCore.build/Debug-iphonesimulator/TrackingKit.build/DerivedSources-normal/arm64 -Xcc -I/Users/runner/work/Reframe/Reframe/App/build/Build/Intermediates.noindex/ReframeCore.build/Debug-iphonesimulator/TrackingKit.build/DerivedSources/arm64 -Xcc -I/Users/runner/work/Reframe/Reframe/App/build/Build/Intermediates.noindex/ReframeCore.build/Debug-iphonesimulator/TrackingKit.build/DerivedSources -Xcc -DSWIFT_PACKAGE -Xcc -DDEBUG\=1 -module-name TrackingKit -package-name reframecore -frontend-parseable-output -disable-clang-spi -target-sdk-version 18.2 -target-sdk-name iphonesimulator18.2 -external-plugin-path /Applications/Xcode_16.2.app/Contents/Developer/Platforms/iPhoneOS.platform/Developer/usr/lib/swift/host/plugins\#/Applications/Xcode_16.2.app/Contents/Developer/Platforms/iPhoneOS.platform/Developer/usr/bin/swift-plugin-server -external-plugin-path /Applications/Xcode_16.2.app/Contents/Developer/Platforms/iPhoneOS.platform/Developer/usr/local/lib/swift/host/plugins\#/Applications/Xcode_16.2.app/Contents/Developer/Platforms/iPhoneOS.platform/Developer/usr/bin/swift-plugin-server -plugin-path /Applications/Xcode_16.2.app/Contents/Developer/Toolchains/XcodeDefault.xctoolchain/usr/lib/swift/host/plugins -plugin-path /Applications/Xcode_16.2.app/Contents/Developer/Toolchains/XcodeDefault.xctoolchain/usr/local/lib/swift/host/plugins -o /Users/runner/work/Reframe/Reframe/App/build/Build/Intermediates.noindex/ReframeCore.build/Debug-iphonesimulator/TrackingKit.build/Objects-normal/arm64/DebugVideoWriter.o -o /Users/runner/work/Reframe/Reframe/App/build/Build/Intermediates.noindex/ReframeCore.build/Debug-iphonesimulator/TrackingKit.build/Objects-normal/arm64/PersonPreview.o -o /Users/runner/work/Reframe/Reframe/App/build/Build/Intermediates.noindex/ReframeCore.build/Debug-iphonesimulator/TrackingKit.build/Objects-normal/arm64/TrackingPipeline.o -o /Users/runner/work/Reframe/Reframe/App/build/Build/Intermediates.noindex/ReframeCore.build/Debug-iphonesimulator/TrackingKit.build/Objects-normal/arm64/VideoFrameReader.o -o /Users/runner/work/Reframe/Reframe/App/build/Build/Intermediates.noindex/ReframeCore.build/Debug-iphonesimulator/TrackingKit.build/Objects-normal/arm64/VisionComponents.o -index-unit-output-path /ReframeCore.build/Debug-iphonesimulator/TrackingKit.build/Objects-normal/arm64/DebugVideoWriter.o -index-unit-output-path /ReframeCore.build/Debug-iphonesimulator/TrackingKit.build/Objects-normal/arm64/PersonPreview.o -index-unit-output-path /ReframeCore.build/Debug-iphonesimulator/TrackingKit.build/Objects-normal/arm64/TrackingPipeline.o -index-unit-output-path /ReframeCore.build/Debug-iphonesimulator/TrackingKit.build/Objects-normal/arm64/VideoFrameReader.o -index-unit-output-path /ReframeCore.build/Debug-iphonesimulator/TrackingKit.build/Objects-normal/arm64/VisionComponents.o -index-store-path /Users/runner/work/Reframe/Reframe/App/build/Index.noindex/DataStore -index-system-modules

SwiftCompile normal arm64 /Users/runner/work/Reframe/Reframe/Packages/ReframeCore/Sources/TrackingKit/Vision/PersonPreview.swift (in target 'TrackingKit' from project 'ReframeCore')
    cd /Users/runner/work/Reframe/Reframe/App/AutoReframe.xcodeproj
    /Applications/Xcode_16.2.app/Contents/Developer/Toolchains/XcodeDefault.xctoolchain/usr/bin/swift-frontend -c /Users/runner/work/Reframe/Reframe/Packages/ReframeCore/Sources/TrackingKit/Geometry/BoxMath.swift /Users/runner/work/Reframe/Reframe/Packages/ReframeCore/Sources/TrackingKit/Geometry/DisplayMapping.swift /Users/runner/work/Reframe/Reframe/Packages/ReframeCore/Sources/TrackingKit/Geometry/Timestamps.swift /Users/runner/work/Reframe/Reframe/Packages/ReframeCore/Sources/TrackingKit/Geometry/VisionCoordinates.swift /Users/runner/work/Reframe/Reframe/Packages/ReframeCore/Sources/TrackingKit/Output/CommandLineOptions.swift /Users/runner/work/Reframe/Reframe/Packages/ReframeCore/Sources/TrackingKit/Output/TrackingReport.swift /Users/runner/work/Reframe/Reframe/Packages/ReframeCore/Sources/TrackingKit/Render/RenderPlanning.swift /Users/runner/work/Reframe/Reframe/Packages/ReframeCore/Sources/TrackingKit/Render/VerticalRenderer.swift /Users/runner/work/Reframe/Reframe/Packages/ReframeCore/Sources/TrackingKit/Selection/Observation.swift /Users/runner/work/Reframe/Reframe/Packages/ReframeCore/Sources/TrackingKit/Selection/SubjectSelector.swift /Users/runner/work/Reframe/Reframe/Packages/ReframeCore/Sources/TrackingKit/Selection/SubjectTracker.swift /Users/runner/work/Reframe/Reframe/Packages/ReframeCore/Sources/TrackingKit/TrackingSettings.swift -primary-file /Users/runner/work/Reframe/Reframe/Packages/ReframeCore/Sources/TrackingKit/Vision/DebugVideoWriter.swift -primary-file /Users/runner/work/Reframe/Reframe/Packages/ReframeCore/Sources/TrackingKit/Vision/PersonPreview.swift -primary-file /Users/runner/work/Reframe/Reframe/Packages/ReframeCore/Sources/TrackingKit/Vision/TrackingPipeline.swift -primary-file /Users/runner/work/Reframe/Reframe/Packages/ReframeCore/Sources/TrackingKit/Vision/VideoFrameReader.swift -primary-file /Users/runner/work/Reframe/Reframe/Packages/ReframeCore/Sources/TrackingKit/Vision/VisionComponents.swift -supplementary-output-file-map /Users/runner/work/Reframe/Reframe/App/build/Build/Intermediates.noindex/ReframeCore.build/Debug-iphonesimulator/TrackingKit.build/Objects-normal/arm64/supplementaryOutputs-15 -target arm64-apple-ios16.0-simulator -Xllvm -aarch64-use-tbi -enable-objc-interop -sdk /Applications/Xcode_16.2.app/Contents/Developer/Platforms/iPhoneSimulator.platform/Developer/SDKs/iPhoneSimulator18.2.sdk -I /Users/runner/work/Reframe/Reframe/App/build/Build/Products/Debug-iphonesimulator -I /Applications/Xcode_16.2.app/Contents/Developer/Platforms/iPhoneSimulator.platform/Developer/usr/lib -F /Users/runner/work/Reframe/Reframe/App/build/Build/Products/Debug-iphonesimulator/PackageFrameworks -F /Users/runner/work/Reframe/Reframe/App/build/Build/Products/Debug-iphonesimulator -F /Applications/Xcode_16.2.app/Contents/Developer/Platforms/iPhoneSimulator.platform/Developer/Library/Frameworks -F /Applications/Xcode_16.2.app/Contents/Developer/Platforms/iPhoneSimulator.platform/Developer/SDKs/iPhoneSimulator18.2.sdk/Developer/Library/Frameworks -no-color-diagnostics -enable-testing -g -debug-info-format\=dwarf -dwarf-version\=4 -module-cache-path /Users/runner/work/Reframe/Reframe/App/build/ModuleCache.noindex -swift-version 5 -enforce-exclusivity\=checked -Onone -D SWIFT_PACKAGE -D DEBUG -D Xcode -serialize-debugging-options -const-gather-protocols-file /Users/runner/work/Reframe/Reframe/App/build/Build/Intermediates.noindex/ReframeCore.build/Debug-iphonesimulator/TrackingKit.build/Objects-normal/arm64/TrackingKit_const_extract_protocols.json -enable-experimental-feature DebugDescriptionMacro -enable-experimental-feature OpaqueTypeErasure -empty-abi-descriptor -plugin-path /Applications/Xcode_16.2.app/Contents/Developer/Toolchains/XcodeDefault.xctoolchain/usr/lib/swift/host/plugins/testing -validate-clang-modules-once -clang-build-session-file /Users/runner/work/Reframe/Reframe/App/build/ModuleCache.noindex/Session.modulevalidation -Xcc -working-directory -Xcc /Users/runner/work/Reframe/Reframe/App/AutoReframe.xcodeproj -resource-dir /Applications/Xcode_16.2.app/Contents/Developer/Toolchains/XcodeDefault.xctoolchain/usr/lib/swift -enable-anonymous-context-mangled-names -file-compilation-dir /Users/runner/work/Reframe/Reframe/App/AutoReframe.xcodeproj -Xcc -D_LIBCPP_HARDENING_MODE\=_LIBCPP_HARDENING_MODE_DEBUG -Xcc -ivfsstatcache -Xcc /Users/runner/work/Reframe/Reframe/App/build/SDKStatCaches.noindex/iphonesimulator18.2-22C146-16b5fc1f628d844b188c57a1ba9d6a81.sdkstatcache -Xcc -I/Users/runner/work/Reframe/Reframe/App/build/Build/Intermediates.noindex/ReframeCore.build/Debug-iphonesimulator/TrackingKit.build/swift-overrides.hmap -Xcc -I/Users/runner/work/Reframe/Reframe/App/build/Build/Products/Debug-iphonesimulator/include -Xcc -I/Users/runner/work/Reframe/Reframe/App/build/Build/Intermediates.noindex/ReframeCore.build/Debug-iphonesimulator/TrackingKit.build/DerivedSources-normal/arm64 -Xcc -I/Users/runner/work/Reframe/Reframe/App/build/Build/Intermediates.noindex/ReframeCore.build/Debug-iphonesimulator/TrackingKit.build/DerivedSources/arm64 -Xcc -I/Users/runner/work/Reframe/Reframe/App/build/Build/Intermediates.noindex/ReframeCore.build/Debug-iphonesimulator/TrackingKit.build/DerivedSources -Xcc -DSWIFT_PACKAGE -Xcc -DDEBUG\=1 -module-name TrackingKit -package-name reframecore -frontend-parseable-output -disable-clang-spi -target-sdk-version 18.2 -target-sdk-name iphonesimulator18.2 -external-plugin-path /Applications/Xcode_16.2.app/Contents/Developer/Platforms/iPhoneOS.platform/Developer/usr/lib/swift/host/plugins\#/Applications/Xcode_16.2.app/Contents/Developer/Platforms/iPhoneOS.platform/Developer/usr/bin/swift-plugin-server -external-plugin-path /Applications/Xcode_16.2.app/Contents/Developer/Platforms/iPhoneOS.platform/Developer/usr/local/lib/swift/host/plugins\#/Applications/Xcode_16.2.app/Contents/Developer/Platforms/iPhoneOS.platform/Developer/usr/bin/swift-plugin-server -plugin-path /Applications/Xcode_16.2.app/Contents/Developer/Toolchains/XcodeDefault.xctoolchain/usr/lib/swift/host/plugins -plugin-path /Applications/Xcode_16.2.app/Contents/Developer/Toolchains/XcodeDefault.xctoolchain/usr/local/lib/swift/host/plugins -o /Users/runner/work/Reframe/Reframe/App/build/Build/Intermediates.noindex/ReframeCore.build/Debug-iphonesimulator/TrackingKit.build/Objects-normal/arm64/DebugVideoWriter.o -o /Users/runner/work/Reframe/Reframe/App/build/Build/Intermediates.noindex/ReframeCore.build/Debug-iphonesimulator/TrackingKit.build/Objects-normal/arm64/PersonPreview.o -o /Users/runner/work/Reframe/Reframe/App/build/Build/Intermediates.noindex/ReframeCore.build/Debug-iphonesimulator/TrackingKit.build/Objects-normal/arm64/TrackingPipeline.o -o /Users/runner/work/Reframe/Reframe/App/build/Build/Intermediates.noindex/ReframeCore.build/Debug-iphonesimulator/TrackingKit.build/Objects-normal/arm64/VideoFrameReader.o -o /Users/runner/work/Reframe/Reframe/App/build/Build/Intermediates.noindex/ReframeCore.build/Debug-iphonesimulator/TrackingKit.build/Objects-normal/arm64/VisionComponents.o -index-unit-output-path /ReframeCore.build/Debug-iphonesimulator/TrackingKit.build/Objects-normal/arm64/DebugVideoWriter.o -index-unit-output-path /ReframeCore.build/Debug-iphonesimulator/TrackingKit.build/Objects-normal/arm64/PersonPreview.o -index-unit-output-path /ReframeCore.build/Debug-iphonesimulator/TrackingKit.build/Objects-normal/arm64/TrackingPipeline.o -index-unit-output-path /ReframeCore.build/Debug-iphonesimulator/TrackingKit.build/Objects-normal/arm64/VideoFrameReader.o -index-unit-output-path /ReframeCore.build/Debug-iphonesimulator/TrackingKit.build/Objects-normal/arm64/VisionComponents.o -index-store-path /Users/runner/work/Reframe/Reframe/App/build/Index.noindex/DataStore -index-system-modules

SwiftCompile normal arm64 /Users/runner/work/Reframe/Reframe/Packages/ReframeCore/Sources/TrackingKit/Vision/TrackingPipeline.swift (in target 'TrackingKit' from project 'ReframeCore')
    cd /Users/runner/work/Reframe/Reframe/App/AutoReframe.xcodeproj
    /Applications/Xcode_16.2.app/Contents/Developer/Toolchains/XcodeDefault.xctoolchain/usr/bin/swift-frontend -c /Users/runner/work/Reframe/Reframe/Packages/ReframeCore/Sources/TrackingKit/Geometry/BoxMath.swift /Users/runner/work/Reframe/Reframe/Packages/ReframeCore/Sources/TrackingKit/Geometry/DisplayMapping.swift /Users/runner/work/Reframe/Reframe/Packages/ReframeCore/Sources/TrackingKit/Geometry/Timestamps.swift /Users/runner/work/Reframe/Reframe/Packages/ReframeCore/Sources/TrackingKit/Geometry/VisionCoordinates.swift /Users/runner/work/Reframe/Reframe/Packages/ReframeCore/Sources/TrackingKit/Output/CommandLineOptions.swift /Users/runner/work/Reframe/Reframe/Packages/ReframeCore/Sources/TrackingKit/Output/TrackingReport.swift /Users/runner/work/Reframe/Reframe/Packages/ReframeCore/Sources/TrackingKit/Render/RenderPlanning.swift /Users/runner/work/Reframe/Reframe/Packages/ReframeCore/Sources/TrackingKit/Render/VerticalRenderer.swift /Users/runner/work/Reframe/Reframe/Packages/ReframeCore/Sources/TrackingKit/Selection/Observation.swift /Users/runner/work/Reframe/Reframe/Packages/ReframeCore/Sources/TrackingKit/Selection/SubjectSelector.swift /Users/runner/work/Reframe/Reframe/Packages/ReframeCore/Sources/TrackingKit/Selection/SubjectTracker.swift /Users/runner/work/Reframe/Reframe/Packages/ReframeCore/Sources/TrackingKit/TrackingSettings.swift -primary-file /Users/runner/work/Reframe/Reframe/Packages/ReframeCore/Sources/TrackingKit/Vision/DebugVideoWriter.swift -primary-file /Users/runner/work/Reframe/Reframe/Packages/ReframeCore/Sources/TrackingKit/Vision/PersonPreview.swift -primary-file /Users/runner/work/Reframe/Reframe/Packages/ReframeCore/Sources/TrackingKit/Vision/TrackingPipeline.swift -primary-file /Users/runner/work/Reframe/Reframe/Packages/ReframeCore/Sources/TrackingKit/Vision/VideoFrameReader.swift -primary-file /Users/runner/work/Reframe/Reframe/Packages/ReframeCore/Sources/TrackingKit/Vision/VisionComponents.swift -supplementary-output-file-map /Users/runner/work/Reframe/Reframe/App/build/Build/Intermediates.noindex/ReframeCore.build/Debug-iphonesimulator/TrackingKit.build/Objects-normal/arm64/supplementaryOutputs-15 -target arm64-apple-ios16.0-simulator -Xllvm -aarch64-use-tbi -enable-objc-interop -sdk /Applications/Xcode_16.2.app/Contents/Developer/Platforms/iPhoneSimulator.platform/Developer/SDKs/iPhoneSimulator18.2.sdk -I /Users/runner/work/Reframe/Reframe/App/build/Build/Products/Debug-iphonesimulator -I /Applications/Xcode_16.2.app/Contents/Developer/Platforms/iPhoneSimulator.platform/Developer/usr/lib -F /Users/runner/work/Reframe/Reframe/App/build/Build/Products/Debug-iphonesimulator/PackageFrameworks -F /Users/runner/work/Reframe/Reframe/App/build/Build/Products/Debug-iphonesimulator -F /Applications/Xcode_16.2.app/Contents/Developer/Platforms/iPhoneSimulator.platform/Developer/Library/Frameworks -F /Applications/Xcode_16.2.app/Contents/Developer/Platforms/iPhoneSimulator.platform/Developer/SDKs/iPhoneSimulator18.2.sdk/Developer/Library/Frameworks -no-color-diagnostics -enable-testing -g -debug-info-format\=dwarf -dwarf-version\=4 -module-cache-path /Users/runner/work/Reframe/Reframe/App/build/ModuleCache.noindex -swift-version 5 -enforce-exclusivity\=checked -Onone -D SWIFT_PACKAGE -D DEBUG -D Xcode -serialize-debugging-options -const-gather-protocols-file /Users/runner/work/Reframe/Reframe/App/build/Build/Intermediates.noindex/ReframeCore.build/Debug-iphonesimulator/TrackingKit.build/Objects-normal/arm64/TrackingKit_const_extract_protocols.json -enable-experimental-feature DebugDescriptionMacro -enable-experimental-feature OpaqueTypeErasure -empty-abi-descriptor -plugin-path /Applications/Xcode_16.2.app/Contents/Developer/Toolchains/XcodeDefault.xctoolchain/usr/lib/swift/host/plugins/testing -validate-clang-modules-once -clang-build-session-file /Users/runner/work/Reframe/Reframe/App/build/ModuleCache.noindex/Session.modulevalidation -Xcc -working-directory -Xcc /Users/runner/work/Reframe/Reframe/App/AutoReframe.xcodeproj -resource-dir /Applications/Xcode_16.2.app/Contents/Developer/Toolchains/XcodeDefault.xctoolchain/usr/lib/swift -enable-anonymous-context-mangled-names -file-compilation-dir /Users/runner/work/Reframe/Reframe/App/AutoReframe.xcodeproj -Xcc -D_LIBCPP_HARDENING_MODE\=_LIBCPP_HARDENING_MODE_DEBUG -Xcc -ivfsstatcache -Xcc /Users/runner/work/Reframe/Reframe/App/build/SDKStatCaches.noindex/iphonesimulator18.2-22C146-16b5fc1f628d844b188c57a1ba9d6a81.sdkstatcache -Xcc -I/Users/runner/work/Reframe/Reframe/App/build/Build/Intermediates.noindex/ReframeCore.build/Debug-iphonesimulator/TrackingKit.build/swift-overrides.hmap -Xcc -I/Users/runner/work/Reframe/Reframe/App/build/Build/Products/Debug-iphonesimulator/include -Xcc -I/Users/runner/work/Reframe/Reframe/App/build/Build/Intermediates.noindex/ReframeCore.build/Debug-iphonesimulator/TrackingKit.build/DerivedSources-normal/arm64 -Xcc -I/Users/runner/work/Reframe/Reframe/App/build/Build/Intermediates.noindex/ReframeCore.build/Debug-iphonesimulator/TrackingKit.build/DerivedSources/arm64 -Xcc -I/Users/runner/work/Reframe/Reframe/App/build/Build/Intermediates.noindex/ReframeCore.build/Debug-iphonesimulator/TrackingKit.build/DerivedSources -Xcc -DSWIFT_PACKAGE -Xcc -DDEBUG\=1 -module-name TrackingKit -package-name reframecore -frontend-parseable-output -disable-clang-spi -target-sdk-version 18.2 -target-sdk-name iphonesimulator18.2 -external-plugin-path /Applications/Xcode_16.2.app/Contents/Developer/Platforms/iPhoneOS.platform/Developer/usr/lib/swift/host/plugins\#/Applications/Xcode_16.2.app/Contents/Developer/Platforms/iPhoneOS.platform/Developer/usr/bin/swift-plugin-server -external-plugin-path /Applications/Xcode_16.2.app/Contents/Developer/Platforms/iPhoneOS.platform/Developer/usr/local/lib/swift/host/plugins\#/Applications/Xcode_16.2.app/Contents/Developer/Platforms/iPhoneOS.platform/Developer/usr/bin/swift-plugin-server -plugin-path /Applications/Xcode_16.2.app/Contents/Developer/Toolchains/XcodeDefault.xctoolchain/usr/lib/swift/host/plugins -plugin-path /Applications/Xcode_16.2.app/Contents/Developer/Toolchains/XcodeDefault.xctoolchain/usr/local/lib/swift/host/plugins -o /Users/runner/work/Reframe/Reframe/App/build/Build/Intermediates.noindex/ReframeCore.build/Debug-iphonesimulator/TrackingKit.build/Objects-normal/arm64/DebugVideoWriter.o -o /Users/runner/work/Reframe/Reframe/App/build/Build/Intermediates.noindex/ReframeCore.build/Debug-iphonesimulator/TrackingKit.build/Objects-normal/arm64/PersonPreview.o -o /Users/runner/work/Reframe/Reframe/App/build/Build/Intermediates.noindex/ReframeCore.build/Debug-iphonesimulator/TrackingKit.build/Objects-normal/arm64/TrackingPipeline.o -o /Users/runner/work/Reframe/Reframe/App/build/Build/Intermediates.noindex/ReframeCore.build/Debug-iphonesimulator/TrackingKit.build/Objects-normal/arm64/VideoFrameReader.o -o /Users/runner/work/Reframe/Reframe/App/build/Build/Intermediates.noindex/ReframeCore.build/Debug-iphonesimulator/TrackingKit.build/Objects-normal/arm64/VisionComponents.o -index-unit-output-path /ReframeCore.build/Debug-iphonesimulator/TrackingKit.build/Objects-normal/arm64/DebugVideoWriter.o -index-unit-output-path /ReframeCore.build/Debug-iphonesimulator/TrackingKit.build/Objects-normal/arm64/PersonPreview.o -index-unit-output-path /ReframeCore.build/Debug-iphonesimulator/TrackingKit.build/Objects-normal/arm64/TrackingPipeline.o -index-unit-output-path /ReframeCore.build/Debug-iphonesimulator/TrackingKit.build/Objects-normal/arm64/VideoFrameReader.o -index-unit-output-path /ReframeCore.build/Debug-iphonesimulator/TrackingKit.build/Objects-normal/arm64/VisionComponents.o -index-store-path /Users/runner/work/Reframe/Reframe/App/build/Index.noindex/DataStore -index-system-modules

SwiftCompile normal arm64 /Users/runner/work/Reframe/Reframe/Packages/ReframeCore/Sources/TrackingKit/Vision/VideoFrameReader.swift (in target 'TrackingKit' from project 'ReframeCore')
    cd /Users/runner/work/Reframe/Reframe/App/AutoReframe.xcodeproj
    /Applications/Xcode_16.2.app/Contents/Developer/Toolchains/XcodeDefault.xctoolchain/usr/bin/swift-frontend -c /Users/runner/work/Reframe/Reframe/Packages/ReframeCore/Sources/TrackingKit/Geometry/BoxMath.swift /Users/runner/work/Reframe/Reframe/Packages/ReframeCore/Sources/TrackingKit/Geometry/DisplayMapping.swift /Users/runner/work/Reframe/Reframe/Packages/ReframeCore/Sources/TrackingKit/Geometry/Timestamps.swift /Users/runner/work/Reframe/Reframe/Packages/ReframeCore/Sources/TrackingKit/Geometry/VisionCoordinates.swift /Users/runner/work/Reframe/Reframe/Packages/ReframeCore/Sources/TrackingKit/Output/CommandLineOptions.swift /Users/runner/work/Reframe/Reframe/Packages/ReframeCore/Sources/TrackingKit/Output/TrackingReport.swift /Users/runner/work/Reframe/Reframe/Packages/ReframeCore/Sources/TrackingKit/Render/RenderPlanning.swift /Users/runner/work/Reframe/Reframe/Packages/ReframeCore/Sources/TrackingKit/Render/VerticalRenderer.swift /Users/runner/work/Reframe/Reframe/Packages/ReframeCore/Sources/TrackingKit/Selection/Observation.swift /Users/runner/work/Reframe/Reframe/Packages/ReframeCore/Sources/TrackingKit/Selection/SubjectSelector.swift /Users/runner/work/Reframe/Reframe/Packages/ReframeCore/Sources/TrackingKit/Selection/SubjectTracker.swift /Users/runner/work/Reframe/Reframe/Packages/ReframeCore/Sources/TrackingKit/TrackingSettings.swift -primary-file /Users/runner/work/Reframe/Reframe/Packages/ReframeCore/Sources/TrackingKit/Vision/DebugVideoWriter.swift -primary-file /Users/runner/work/Reframe/Reframe/Packages/ReframeCore/Sources/TrackingKit/Vision/PersonPreview.swift -primary-file /Users/runner/work/Reframe/Reframe/Packages/ReframeCore/Sources/TrackingKit/Vision/TrackingPipeline.swift -primary-file /Users/runner/work/Reframe/Reframe/Packages/ReframeCore/Sources/TrackingKit/Vision/VideoFrameReader.swift -primary-file /Users/runner/work/Reframe/Reframe/Packages/ReframeCore/Sources/TrackingKit/Vision/VisionComponents.swift -supplementary-output-file-map /Users/runner/work/Reframe/Reframe/App/build/Build/Intermediates.noindex/ReframeCore.build/Debug-iphonesimulator/TrackingKit.build/Objects-normal/arm64/supplementaryOutputs-15 -target arm64-apple-ios16.0-simulator -Xllvm -aarch64-use-tbi -enable-objc-interop -sdk /Applications/Xcode_16.2.app/Contents/Developer/Platforms/iPhoneSimulator.platform/Developer/SDKs/iPhoneSimulator18.2.sdk -I /Users/runner/work/Reframe/Reframe/App/build/Build/Products/Debug-iphonesimulator -I /Applications/Xcode_16.2.app/Contents/Developer/Platforms/iPhoneSimulator.platform/Developer/usr/lib -F /Users/runner/work/Reframe/Reframe/App/build/Build/Products/Debug-iphonesimulator/PackageFrameworks -F /Users/runner/work/Reframe/Reframe/App/build/Build/Products/Debug-iphonesimulator -F /Applications/Xcode_16.2.app/Contents/Developer/Platforms/iPhoneSimulator.platform/Developer/Library/Frameworks -F /Applications/Xcode_16.2.app/Contents/Developer/Platforms/iPhoneSimulator.platform/Developer/SDKs/iPhoneSimulator18.2.sdk/Developer/Library/Frameworks -no-color-diagnostics -enable-testing -g -debug-info-format\=dwarf -dwarf-version\=4 -module-cache-path /Users/runner/work/Reframe/Reframe/App/build/ModuleCache.noindex -swift-version 5 -enforce-exclusivity\=checked -Onone -D SWIFT_PACKAGE -D DEBUG -D Xcode -serialize-debugging-options -const-gather-protocols-file /Users/runner/work/Reframe/Reframe/App/build/Build/Intermediates.noindex/ReframeCore.build/Debug-iphonesimulator/TrackingKit.build/Objects-normal/arm64/TrackingKit_const_extract_protocols.json -enable-experimental-feature DebugDescriptionMacro -enable-experimental-feature OpaqueTypeErasure -empty-abi-descriptor -plugin-path /Applications/Xcode_16.2.app/Contents/Developer/Toolchains/XcodeDefault.xctoolchain/usr/lib/swift/host/plugins/testing -validate-clang-modules-once -clang-build-session-file /Users/runner/work/Reframe/Reframe/App/build/ModuleCache.noindex/Session.modulevalidation -Xcc -working-directory -Xcc /Users/runner/work/Reframe/Reframe/App/AutoReframe.xcodeproj -resource-dir /Applications/Xcode_16.2.app/Contents/Developer/Toolchains/XcodeDefault.xctoolchain/usr/lib/swift -enable-anonymous-context-mangled-names -file-compilation-dir /Users/runner/work/Reframe/Reframe/App/AutoReframe.xcodeproj -Xcc -D_LIBCPP_HARDENING_MODE\=_LIBCPP_HARDENING_MODE_DEBUG -Xcc -ivfsstatcache -Xcc /Users/runner/work/Reframe/Reframe/App/build/SDKStatCaches.noindex/iphonesimulator18.2-22C146-16b5fc1f628d844b188c57a1ba9d6a81.sdkstatcache -Xcc -I/Users/runner/work/Reframe/Reframe/App/build/Build/Intermediates.noindex/ReframeCore.build/Debug-iphonesimulator/TrackingKit.build/swift-overrides.hmap -Xcc -I/Users/runner/work/Reframe/Reframe/App/build/Build/Products/Debug-iphonesimulator/include -Xcc -I/Users/runner/work/Reframe/Reframe/App/build/Build/Intermediates.noindex/ReframeCore.build/Debug-iphonesimulator/TrackingKit.build/DerivedSources-normal/arm64 -Xcc -I/Users/runner/work/Reframe/Reframe/App/build/Build/Intermediates.noindex/ReframeCore.build/Debug-iphonesimulator/TrackingKit.build/DerivedSources/arm64 -Xcc -I/Users/runner/work/Reframe/Reframe/App/build/Build/Intermediates.noindex/ReframeCore.build/Debug-iphonesimulator/TrackingKit.build/DerivedSources -Xcc -DSWIFT_PACKAGE -Xcc -DDEBUG\=1 -module-name TrackingKit -package-name reframecore -frontend-parseable-output -disable-clang-spi -target-sdk-version 18.2 -target-sdk-name iphonesimulator18.2 -external-plugin-path /Applications/Xcode_16.2.app/Contents/Developer/Platforms/iPhoneOS.platform/Developer/usr/lib/swift/host/plugins\#/Applications/Xcode_16.2.app/Contents/Developer/Platforms/iPhoneOS.platform/Developer/usr/bin/swift-plugin-server -external-plugin-path /Applications/Xcode_16.2.app/Contents/Developer/Platforms/iPhoneOS.platform/Developer/usr/local/lib/swift/host/plugins\#/Applications/Xcode_16.2.app/Contents/Developer/Platforms/iPhoneOS.platform/Developer/usr/bin/swift-plugin-server -plugin-path /Applications/Xcode_16.2.app/Contents/Developer/Toolchains/XcodeDefault.xctoolchain/usr/lib/swift/host/plugins -plugin-path /Applications/Xcode_16.2.app/Contents/Developer/Toolchains/XcodeDefault.xctoolchain/usr/local/lib/swift/host/plugins -o /Users/runner/work/Reframe/Reframe/App/build/Build/Intermediates.noindex/ReframeCore.build/Debug-iphonesimulator/TrackingKit.build/Objects-normal/arm64/DebugVideoWriter.o -o /Users/runner/work/Reframe/Reframe/App/build/Build/Intermediates.noindex/ReframeCore.build/Debug-iphonesimulator/TrackingKit.build/Objects-normal/arm64/PersonPreview.o -o /Users/runner/work/Reframe/Reframe/App/build/Build/Intermediates.noindex/ReframeCore.build/Debug-iphonesimulator/TrackingKit.build/Objects-normal/arm64/TrackingPipeline.o -o /Users/runner/work/Reframe/Reframe/App/build/Build/Intermediates.noindex/ReframeCore.build/Debug-iphonesimulator/TrackingKit.build/Objects-normal/arm64/VideoFrameReader.o -o /Users/runner/work/Reframe/Reframe/App/build/Build/Intermediates.noindex/ReframeCore.build/Debug-iphonesimulator/TrackingKit.build/Objects-normal/arm64/VisionComponents.o -index-unit-output-path /ReframeCore.build/Debug-iphonesimulator/TrackingKit.build/Objects-normal/arm64/DebugVideoWriter.o -index-unit-output-path /ReframeCore.build/Debug-iphonesimulator/TrackingKit.build/Objects-normal/arm64/PersonPreview.o -index-unit-output-path /ReframeCore.build/Debug-iphonesimulator/TrackingKit.build/Objects-normal/arm64/TrackingPipeline.o -index-unit-output-path /ReframeCore.build/Debug-iphonesimulator/TrackingKit.build/Objects-normal/arm64/VideoFrameReader.o -index-unit-output-path /ReframeCore.build/Debug-iphonesimulator/TrackingKit.build/Objects-normal/arm64/VisionComponents.o -index-store-path /Users/runner/work/Reframe/Reframe/App/build/Index.noindex/DataStore -index-system-modules

SwiftCompile normal arm64 /Users/runner/work/Reframe/Reframe/Packages/ReframeCore/Sources/TrackingKit/Vision/VisionComponents.swift (in target 'TrackingKit' from project 'ReframeCore')
    cd /Users/runner/work/Reframe/Reframe/App/AutoReframe.xcodeproj
    /Applications/Xcode_16.2.app/Contents/Developer/Toolchains/XcodeDefault.xctoolchain/usr/bin/swift-frontend -c /Users/runner/work/Reframe/Reframe/Packages/ReframeCore/Sources/TrackingKit/Geometry/BoxMath.swift /Users/runner/work/Reframe/Reframe/Packages/ReframeCore/Sources/TrackingKit/Geometry/DisplayMapping.swift /Users/runner/work/Reframe/Reframe/Packages/ReframeCore/Sources/TrackingKit/Geometry/Timestamps.swift /Users/runner/work/Reframe/Reframe/Packages/ReframeCore/Sources/TrackingKit/Geometry/VisionCoordinates.swift /Users/runner/work/Reframe/Reframe/Packages/ReframeCore/Sources/TrackingKit/Output/CommandLineOptions.swift /Users/runner/work/Reframe/Reframe/Packages/ReframeCore/Sources/TrackingKit/Output/TrackingReport.swift /Users/runner/work/Reframe/Reframe/Packages/ReframeCore/Sources/TrackingKit/Render/RenderPlanning.swift /Users/runner/work/Reframe/Reframe/Packages/ReframeCore/Sources/TrackingKit/Render/VerticalRenderer.swift /Users/runner/work/Reframe/Reframe/Packages/ReframeCore/Sources/TrackingKit/Selection/Observation.swift /Users/runner/work/Reframe/Reframe/Packages/ReframeCore/Sources/TrackingKit/Selection/SubjectSelector.swift /Users/runner/work/Reframe/Reframe/Packages/ReframeCore/Sources/TrackingKit/Selection/SubjectTracker.swift /Users/runner/work/Reframe/Reframe/Packages/ReframeCore/Sources/TrackingKit/TrackingSettings.swift -primary-file /Users/runner/work/Reframe/Reframe/Packages/ReframeCore/Sources/TrackingKit/Vision/DebugVideoWriter.swift -primary-file /Users/runner/work/Reframe/Reframe/Packages/ReframeCore/Sources/TrackingKit/Vision/PersonPreview.swift -primary-file /Users/runner/work/Reframe/Reframe/Packages/ReframeCore/Sources/TrackingKit/Vision/TrackingPipeline.swift -primary-file /Users/runner/work/Reframe/Reframe/Packages/ReframeCore/Sources/TrackingKit/Vision/VideoFrameReader.swift -primary-file /Users/runner/work/Reframe/Reframe/Packages/ReframeCore/Sources/TrackingKit/Vision/VisionComponents.swift -supplementary-output-file-map /Users/runner/work/Reframe/Reframe/App/build/Build/Intermediates.noindex/ReframeCore.build/Debug-iphonesimulator/TrackingKit.build/Objects-normal/arm64/supplementaryOutputs-15 -target arm64-apple-ios16.0-simulator -Xllvm -aarch64-use-tbi -enable-objc-interop -sdk /Applications/Xcode_16.2.app/Contents/Developer/Platforms/iPhoneSimulator.platform/Developer/SDKs/iPhoneSimulator18.2.sdk -I /Users/runner/work/Reframe/Reframe/App/build/Build/Products/Debug-iphonesimulator -I /Applications/Xcode_16.2.app/Contents/Developer/Platforms/iPhoneSimulator.platform/Developer/usr/lib -F /Users/runner/work/Reframe/Reframe/App/build/Build/Products/Debug-iphonesimulator/PackageFrameworks -F /Users/runner/work/Reframe/Reframe/App/build/Build/Products/Debug-iphonesimulator -F /Applications/Xcode_16.2.app/Contents/Developer/Platforms/iPhoneSimulator.platform/Developer/Library/Frameworks -F /Applications/Xcode_16.2.app/Contents/Developer/Platforms/iPhoneSimulator.platform/Developer/SDKs/iPhoneSimulator18.2.sdk/Developer/Library/Frameworks -no-color-diagnostics -enable-testing -g -debug-info-format\=dwarf -dwarf-version\=4 -module-cache-path /Users/runner/work/Reframe/Reframe/App/build/ModuleCache.noindex -swift-version 5 -enforce-exclusivity\=checked -Onone -D SWIFT_PACKAGE -D DEBUG -D Xcode -serialize-debugging-options -const-gather-protocols-file /Users/runner/work/Reframe/Reframe/App/build/Build/Intermediates.noindex/ReframeCore.build/Debug-iphonesimulator/TrackingKit.build/Objects-normal/arm64/TrackingKit_const_extract_protocols.json -enable-experimental-feature DebugDescriptionMacro -enable-experimental-feature OpaqueTypeErasure -empty-abi-descriptor -plugin-path /Applications/Xcode_16.2.app/Contents/Developer/Toolchains/XcodeDefault.xctoolchain/usr/lib/swift/host/plugins/testing -validate-clang-modules-once -clang-build-session-file /Users/runner/work/Reframe/Reframe/App/build/ModuleCache.noindex/Session.modulevalidation -Xcc -working-directory -Xcc /Users/runner/work/Reframe/Reframe/App/AutoReframe.xcodeproj -resource-dir /Applications/Xcode_16.2.app/Contents/Developer/Toolchains/XcodeDefault.xctoolchain/usr/lib/swift -enable-anonymous-context-mangled-names -file-compilation-dir /Users/runner/work/Reframe/Reframe/App/AutoReframe.xcodeproj -Xcc -D_LIBCPP_HARDENING_MODE\=_LIBCPP_HARDENING_MODE_DEBUG -Xcc -ivfsstatcache -Xcc /Users/runner/work/Reframe/Reframe/App/build/SDKStatCaches.noindex/iphonesimulator18.2-22C146-16b5fc1f628d844b188c57a1ba9d6a81.sdkstatcache -Xcc -I/Users/runner/work/Reframe/Reframe/App/build/Build/Intermediates.noindex/ReframeCore.build/Debug-iphonesimulator/TrackingKit.build/swift-overrides.hmap -Xcc -I/Users/runner/work/Reframe/Reframe/App/build/Build/Products/Debug-iphonesimulator/include -Xcc -I/Users/runner/work/Reframe/Reframe/App/build/Build/Intermediates.noindex/ReframeCore.build/Debug-iphonesimulator/TrackingKit.build/DerivedSources-normal/arm64 -Xcc -I/Users/runner/work/Reframe/Reframe/App/build/Build/Intermediates.noindex/ReframeCore.build/Debug-iphonesimulator/TrackingKit.build/DerivedSources/arm64 -Xcc -I/Users/runner/work/Reframe/Reframe/App/build/Build/Intermediates.noindex/ReframeCore.build/Debug-iphonesimulator/TrackingKit.build/DerivedSources -Xcc -DSWIFT_PACKAGE -Xcc -DDEBUG\=1 -module-name TrackingKit -package-name reframecore -frontend-parseable-output -disable-clang-spi -target-sdk-version 18.2 -target-sdk-name iphonesimulator18.2 -external-plugin-path /Applications/Xcode_16.2.app/Contents/Developer/Platforms/iPhoneOS.platform/Developer/usr/lib/swift/host/plugins\#/Applications/Xcode_16.2.app/Contents/Developer/Platforms/iPhoneOS.platform/Developer/usr/bin/swift-plugin-server -external-plugin-path /Applications/Xcode_16.2.app/Contents/Developer/Platforms/iPhoneOS.platform/Developer/usr/local/lib/swift/host/plugins\#/Applications/Xcode_16.2.app/Contents/Developer/Platforms/iPhoneOS.platform/Developer/usr/bin/swift-plugin-server -plugin-path /Applications/Xcode_16.2.app/Contents/Developer/Toolchains/XcodeDefault.xctoolchain/usr/lib/swift/host/plugins -plugin-path /Applications/Xcode_16.2.app/Contents/Developer/Toolchains/XcodeDefault.xctoolchain/usr/local/lib/swift/host/plugins -o /Users/runner/work/Reframe/Reframe/App/build/Build/Intermediates.noindex/ReframeCore.build/Debug-iphonesimulator/TrackingKit.build/Objects-normal/arm64/DebugVideoWriter.o -o /Users/runner/work/Reframe/Reframe/App/build/Build/Intermediates.noindex/ReframeCore.build/Debug-iphonesimulator/TrackingKit.build/Objects-normal/arm64/PersonPreview.o -o /Users/runner/work/Reframe/Reframe/App/build/Build/Intermediates.noindex/ReframeCore.build/Debug-iphonesimulator/TrackingKit.build/Objects-normal/arm64/TrackingPipeline.o -o /Users/runner/work/Reframe/Reframe/App/build/Build/Intermediates.noindex/ReframeCore.build/Debug-iphonesimulator/TrackingKit.build/Objects-normal/arm64/VideoFrameReader.o -o /Users/runner/work/Reframe/Reframe/App/build/Build/Intermediates.noindex/ReframeCore.build/Debug-iphonesimulator/TrackingKit.build/Objects-normal/arm64/VisionComponents.o -index-unit-output-path /ReframeCore.build/Debug-iphonesimulator/TrackingKit.build/Objects-normal/arm64/DebugVideoWriter.o -index-unit-output-path /ReframeCore.build/Debug-iphonesimulator/TrackingKit.build/Objects-normal/arm64/PersonPreview.o -index-unit-output-path /ReframeCore.build/Debug-iphonesimulator/TrackingKit.build/Objects-normal/arm64/TrackingPipeline.o -index-unit-output-path /ReframeCore.build/Debug-iphonesimulator/TrackingKit.build/Objects-normal/arm64/VideoFrameReader.o -index-unit-output-path /ReframeCore.build/Debug-iphonesimulator/TrackingKit.build/Objects-normal/arm64/VisionComponents.o -index-store-path /Users/runner/work/Reframe/Reframe/App/build/Index.noindex/DataStore -index-system-modules

SwiftDriverJobDiscovery normal arm64 Compiling ReframeEngine.swift, CriticallyDampedSpring.swift, OneEuroFilter.swift (in target 'ReframeCore' from project 'ReframeCore')

SwiftEmitModule normal x86_64 Emitting\ module\ for\ TrackingKit (in target 'TrackingKit' from project 'ReframeCore')
    cd /Users/runner/work/Reframe/Reframe/App/AutoReframe.xcodeproj
    builtin-swiftTaskExecution -- /Applications/Xcode_16.2.app/Contents/Developer/Toolchains/XcodeDefault.xctoolchain/usr/bin/swift-frontend -frontend -emit-module -experimental-skip-non-inlinable-function-bodies-without-types /Users/runner/work/Reframe/Reframe/Packages/ReframeCore/Sources/TrackingKit/Geometry/BoxMath.swift /Users/runner/work/Reframe/Reframe/Packages/ReframeCore/Sources/TrackingKit/Geometry/DisplayMapping.swift /Users/runner/work/Reframe/Reframe/Packages/ReframeCore/Sources/TrackingKit/Geometry/Timestamps.swift /Users/runner/work/Reframe/Reframe/Packages/ReframeCore/Sources/TrackingKit/Geometry/VisionCoordinates.swift /Users/runner/work/Reframe/Reframe/Packages/ReframeCore/Sources/TrackingKit/Output/CommandLineOptions.swift /Users/runner/work/Reframe/Reframe/Packages/ReframeCore/Sources/TrackingKit/Output/TrackingReport.swift /Users/runner/work/Reframe/Reframe/Packages/ReframeCore/Sources/TrackingKit/Render/RenderPlanning.swift /Users/runner/work/Reframe/Reframe/Packages/ReframeCore/Sources/TrackingKit/Render/VerticalRenderer.swift /Users/runner/work/Reframe/Reframe/Packages/ReframeCore/Sources/TrackingKit/Selection/Observation.swift /Users/runner/work/Reframe/Reframe/Packages/ReframeCore/Sources/TrackingKit/Selection/SubjectSelector.swift /Users/runner/work/Reframe/Reframe/Packages/ReframeCore/Sources/TrackingKit/Selection/SubjectTracker.swift /Users/runner/work/Reframe/Reframe/Packages/ReframeCore/Sources/TrackingKit/TrackingSettings.swift /Users/runner/work/Reframe/Reframe/Packages/ReframeCore/Sources/TrackingKit/Vision/DebugVideoWriter.swift /Users/runner/work/Reframe/Reframe/Packages/ReframeCore/Sources/TrackingKit/Vision/PersonPreview.swift /Users/runner/work/Reframe/Reframe/Packages/ReframeCore/Sources/TrackingKit/Vision/TrackingPipeline.swift /Users/runner/work/Reframe/Reframe/Packages/ReframeCore/Sources/TrackingKit/Vision/VideoFrameReader.swift /Users/runner/work/Reframe/Reframe/Packages/ReframeCore/Sources/TrackingKit/Vision/VisionComponents.swift -target x86_64-apple-ios16.0-simulator -enable-objc-interop -sdk /Applications/Xcode_16.2.app/Contents/Developer/Platforms/iPhoneSimulator.platform/Developer/SDKs/iPhoneSimulator18.2.sdk -I /Users/runner/work/Reframe/Reframe/App/build/Build/Products/Debug-iphonesimulator -I /Applications/Xcode_16.2.app/Contents/Developer/Platforms/iPhoneSimulator.platform/Developer/usr/lib -F /Users/runner/work/Reframe/Reframe/App/build/Build/Products/Debug-iphonesimulator/PackageFrameworks -F /Users/runner/work/Reframe/Reframe/App/build/Build/Products/Debug-iphonesimulator -F /Applications/Xcode_16.2.app/Contents/Developer/Platforms/iPhoneSimulator.platform/Developer/Library/Frameworks -F /Applications/Xcode_16.2.app/Contents/Developer/Platforms/iPhoneSimulator.platform/Developer/SDKs/iPhoneSimulator18.2.sdk/Developer/Library/Frameworks -no-color-diagnostics -enable-testing -g -debug-info-format\=dwarf -dwarf-version\=4 -module-cache-path /Users/runner/work/Reframe/Reframe/App/build/ModuleCache.noindex -swift-version 5 -enforce-exclusivity\=checked -Onone -D SWIFT_PACKAGE -D DEBUG -D Xcode -serialize-debugging-options -const-gather-protocols-file /Users/runner/work/Reframe/Reframe/App/build/Build/Intermediates.noindex/ReframeCore.build/Debug-iphonesimulator/TrackingKit.build/Objects-normal/x86_64/TrackingKit_const_extract_protocols.json -enable-experimental-feature DebugDescriptionMacro -enable-experimental-feature OpaqueTypeErasure -empty-abi-descriptor -plugin-path /Applications/Xcode_16.2.app/Contents/Developer/Toolchains/XcodeDefault.xctoolchain/usr/lib/swift/host/plugins/testing -validate-clang-modules-once -clang-build-session-file /Users/runner/work/Reframe/Reframe/App/build/ModuleCache.noindex/Session.modulevalidation -Xcc -working-directory -Xcc /Users/runner/work/Reframe/Reframe/App/AutoReframe.xcodeproj -resource-dir /Applications/Xcode_16.2.app/Contents/Developer/Toolchains/XcodeDefault.xctoolchain/usr/lib/swift -enable-anonymous-context-mangled-names -file-compilation-dir /Users/runner/work/Reframe/Reframe/App/AutoReframe.xcodeproj -Xcc -D_LIBCPP_HARDENING_MODE\=_LIBCPP_HARDENING_MODE_DEBUG -Xcc -ivfsstatcache -Xcc /Users/runner/work/Reframe/Reframe/App/build/SDKStatCaches.noindex/iphonesimulator18.2-22C146-16b5fc1f628d844b188c57a1ba9d6a81.sdkstatcache -Xcc -I/Users/runner/work/Reframe/Reframe/App/build/Build/Intermediates.noindex/ReframeCore.build/Debug-iphonesimulator/TrackingKit.build/swift-overrides.hmap -Xcc -I/Users/runner/work/Reframe/Reframe/App/build/Build/Products/Debug-iphonesimulator/include -Xcc -I/Users/runner/work/Reframe/Reframe/App/build/Build/Intermediates.noindex/ReframeCore.build/Debug-iphonesimulator/TrackingKit.build/DerivedSources-normal/x86_64 -Xcc -I/Users/runner/work/Reframe/Reframe/App/build/Build/Intermediates.noindex/ReframeCore.build/Debug-iphonesimulator/TrackingKit.build/DerivedSources/x86_64 -Xcc -I/Users/runner/work/Reframe/Reframe/App/build/Build/Intermediates.noindex/ReframeCore.build/Debug-iphonesimulator/TrackingKit.build/DerivedSources -Xcc -DSWIFT_PACKAGE -Xcc -DDEBUG\=1 -module-name TrackingKit -package-name reframecore -frontend-parseable-output -disable-clang-spi -target-sdk-version 18.2 -target-sdk-name iphonesimulator18.2 -external-plugin-path /Applications/Xcode_16.2.app/Contents/Developer/Platforms/iPhoneOS.platform/Developer/usr/lib/swift/host/plugins\#/Applications/Xcode_16.2.app/Contents/Developer/Platforms/iPhoneOS.platform/Developer/usr/bin/swift-plugin-server -external-plugin-path /Applications/Xcode_16.2.app/Contents/Developer/Platforms/iPhoneOS.platform/Developer/usr/local/lib/swift/host/plugins\#/Applications/Xcode_16.2.app/Contents/Developer/Platforms/iPhoneOS.platform/Developer/usr/bin/swift-plugin-server -plugin-path /Applications/Xcode_16.2.app/Contents/Developer/Toolchains/XcodeDefault.xctoolchain/usr/lib/swift/host/plugins -plugin-path /Applications/Xcode_16.2.app/Contents/Developer/Toolchains/XcodeDefault.xctoolchain/usr/local/lib/swift/host/plugins -emit-module-doc-path /Users/runner/work/Reframe/Reframe/App/build/Build/Intermediates.noindex/ReframeCore.build/Debug-iphonesimulator/TrackingKit.build/Objects-normal/x86_64/TrackingKit.swiftdoc -emit-module-source-info-path /Users/runner/work/Reframe/Reframe/App/build/Build/Intermediates.noindex/ReframeCore.build/Debug-iphonesimulator/TrackingKit.build/Objects-normal/x86_64/TrackingKit.swiftsourceinfo -emit-objc-header-path /Users/runner/work/Reframe/Reframe/App/build/Build/Intermediates.noindex/ReframeCore.build/Debug-iphonesimulator/TrackingKit.build/Objects-normal/x86_64/TrackingKit-Swift.h -serialize-diagnostics-path /Users/runner/work/Reframe/Reframe/App/build/Build/Intermediates.noindex/ReframeCore.build/Debug-iphonesimulator/TrackingKit.build/Objects-normal/x86_64/TrackingKit-master-emit-module.dia -emit-dependencies-path /Users/runner/work/Reframe/Reframe/App/build/Build/Intermediates.noindex/ReframeCore.build/Debug-iphonesimulator/TrackingKit.build/Objects-normal/x86_64/TrackingKit-master-emit-module.d -o /Users/runner/work/Reframe/Reframe/App/build/Build/Intermediates.noindex/ReframeCore.build/Debug-iphonesimulator/TrackingKit.build/Objects-normal/x86_64/TrackingKit.swiftmodule -emit-abi-descriptor-path /Users/runner/work/Reframe/Reframe/App/build/Build/Intermediates.noindex/ReframeCore.build/Debug-iphonesimulator/TrackingKit.build/Objects-normal/x86_64/TrackingKit.abi.json

EmitSwiftModule normal x86_64 (in target 'TrackingKit' from project 'ReframeCore')
    cd /Users/runner/work/Reframe/Reframe/App/AutoReframe.xcodeproj
    /Applications/Xcode_16.2.app/Contents/Developer/Toolchains/XcodeDefault.xctoolchain/usr/bin/swift-frontend -emit-module -experimental-skip-non-inlinable-function-bodies-without-types /Users/runner/work/Reframe/Reframe/Packages/ReframeCore/Sources/TrackingKit/Geometry/BoxMath.swift /Users/runner/work/Reframe/Reframe/Packages/ReframeCore/Sources/TrackingKit/Geometry/DisplayMapping.swift /Users/runner/work/Reframe/Reframe/Packages/ReframeCore/Sources/TrackingKit/Geometry/Timestamps.swift /Users/runner/work/Reframe/Reframe/Packages/ReframeCore/Sources/TrackingKit/Geometry/VisionCoordinates.swift /Users/runner/work/Reframe/Reframe/Packages/ReframeCore/Sources/TrackingKit/Output/CommandLineOptions.swift /Users/runner/work/Reframe/Reframe/Packages/ReframeCore/Sources/TrackingKit/Output/TrackingReport.swift /Users/runner/work/Reframe/Reframe/Packages/ReframeCore/Sources/TrackingKit/Render/RenderPlanning.swift /Users/runner/work/Reframe/Reframe/Packages/ReframeCore/Sources/TrackingKit/Render/VerticalRenderer.swift /Users/runner/work/Reframe/Reframe/Packages/ReframeCore/Sources/TrackingKit/Selection/Observation.swift /Users/runner/work/Reframe/Reframe/Packages/ReframeCore/Sources/TrackingKit/Selection/SubjectSelector.swift /Users/runner/work/Reframe/Reframe/Packages/ReframeCore/Sources/TrackingKit/Selection/SubjectTracker.swift /Users/runner/work/Reframe/Reframe/Packages/ReframeCore/Sources/TrackingKit/TrackingSettings.swift /Users/runner/work/Reframe/Reframe/Packages/ReframeCore/Sources/TrackingKit/Vision/DebugVideoWriter.swift /Users/runner/work/Reframe/Reframe/Packages/ReframeCore/Sources/TrackingKit/Vision/PersonPreview.swift /Users/runner/work/Reframe/Reframe/Packages/ReframeCore/Sources/TrackingKit/Vision/TrackingPipeline.swift /Users/runner/work/Reframe/Reframe/Packages/ReframeCore/Sources/TrackingKit/Vision/VideoFrameReader.swift /Users/runner/work/Reframe/Reframe/Packages/ReframeCore/Sources/TrackingKit/Vision/VisionComponents.swift -target x86_64-apple-ios16.0-simulator -enable-objc-interop -sdk /Applications/Xcode_16.2.app/Contents/Developer/Platforms/iPhoneSimulator.platform/Developer/SDKs/iPhoneSimulator18.2.sdk -I /Users/runner/work/Reframe/Reframe/App/build/Build/Products/Debug-iphonesimulator -I /Applications/Xcode_16.2.app/Contents/Developer/Platforms/iPhoneSimulator.platform/Developer/usr/lib -F /Users/runner/work/Reframe/Reframe/App/build/Build/Products/Debug-iphonesimulator/PackageFrameworks -F /Users/runner/work/Reframe/Reframe/App/build/Build/Products/Debug-iphonesimulator -F /Applications/Xcode_16.2.app/Contents/Developer/Platforms/iPhoneSimulator.platform/Developer/Library/Frameworks -F /Applications/Xcode_16.2.app/Contents/Developer/Platforms/iPhoneSimulator.platform/Developer/SDKs/iPhoneSimulator18.2.sdk/Developer/Library/Frameworks -no-color-diagnostics -enable-testing -g -debug-info-format\=dwarf -dwarf-version\=4 -module-cache-path /Users/runner/work/Reframe/Reframe/App/build/ModuleCache.noindex -swift-version 5 -enforce-exclusivity\=checked -Onone -D SWIFT_PACKAGE -D DEBUG -D Xcode -serialize-debugging-options -const-gather-protocols-file /Users/runner/work/Reframe/Reframe/App/build/Build/Intermediates.noindex/ReframeCore.build/Debug-iphonesimulator/TrackingKit.build/Objects-normal/x86_64/TrackingKit_const_extract_protocols.json -enable-experimental-feature DebugDescriptionMacro -enable-experimental-feature OpaqueTypeErasure -empty-abi-descriptor -plugin-path /Applications/Xcode_16.2.app/Contents/Developer/Toolchains/XcodeDefault.xctoolchain/usr/lib/swift/host/plugins/testing -validate-clang-modules-once -clang-build-session-file /Users/runner/work/Reframe/Reframe/App/build/ModuleCache.noindex/Session.modulevalidation -Xcc -working-directory -Xcc /Users/runner/work/Reframe/Reframe/App/AutoReframe.xcodeproj -resource-dir /Applications/Xcode_16.2.app/Contents/Developer/Toolchains/XcodeDefault.xctoolchain/usr/lib/swift -enable-anonymous-context-mangled-names -file-compilation-dir /Users/runner/work/Reframe/Reframe/App/AutoReframe.xcodeproj -Xcc -D_LIBCPP_HARDENING_MODE\=_LIBCPP_HARDENING_MODE_DEBUG -Xcc -ivfsstatcache -Xcc /Users/runner/work/Reframe/Reframe/App/build/SDKStatCaches.noindex/iphonesimulator18.2-22C146-16b5fc1f628d844b188c57a1ba9d6a81.sdkstatcache -Xcc -I/Users/runner/work/Reframe/Reframe/App/build/Build/Intermediates.noindex/ReframeCore.build/Debug-iphonesimulator/TrackingKit.build/swift-overrides.hmap -Xcc -I/Users/runner/work/Reframe/Reframe/App/build/Build/Products/Debug-iphonesimulator/include -Xcc -I/Users/runner/work/Reframe/Reframe/App/build/Build/Intermediates.noindex/ReframeCore.build/Debug-iphonesimulator/TrackingKit.build/DerivedSources-normal/x86_64 -Xcc -I/Users/runner/work/Reframe/Reframe/App/build/Build/Intermediates.noindex/ReframeCore.build/Debug-iphonesimulator/TrackingKit.build/DerivedSources/x86_64 -Xcc -I/Users/runner/work/Reframe/Reframe/App/build/Build/Intermediates.noindex/ReframeCore.build/Debug-iphonesimulator/TrackingKit.build/DerivedSources -Xcc -DSWIFT_PACKAGE -Xcc -DDEBUG\=1 -module-name TrackingKit -package-name reframecore -frontend-parseable-output -disable-clang-spi -target-sdk-version 18.2 -target-sdk-name iphonesimulator18.2 -external-plugin-path /Applications/Xcode_16.2.app/Contents/Developer/Platforms/iPhoneOS.platform/Developer/usr/lib/swift/host/plugins\#/Applications/Xcode_16.2.app/Contents/Developer/Platforms/iPhoneOS.platform/Developer/usr/bin/swift-plugin-server -external-plugin-path /Applications/Xcode_16.2.app/Contents/Developer/Platforms/iPhoneOS.platform/Developer/usr/local/lib/swift/host/plugins\#/Applications/Xcode_16.2.app/Contents/Developer/Platforms/iPhoneOS.platform/Developer/usr/bin/swift-plugin-server -plugin-path /Applications/Xcode_16.2.app/Contents/Developer/Toolchains/XcodeDefault.xctoolchain/usr/lib/swift/host/plugins -plugin-path /Applications/Xcode_16.2.app/Contents/Developer/Toolchains/XcodeDefault.xctoolchain/usr/local/lib/swift/host/plugins -emit-module-doc-path /Users/runner/work/Reframe/Reframe/App/build/Build/Intermediates.noindex/ReframeCore.build/Debug-iphonesimulator/TrackingKit.build/Objects-normal/x86_64/TrackingKit.swiftdoc -emit-module-source-info-path /Users/runner/work/Reframe/Reframe/App/build/Build/Intermediates.noindex/ReframeCore.build/Debug-iphonesimulator/TrackingKit.build/Objects-normal/x86_64/TrackingKit.swiftsourceinfo -emit-objc-header-path /Users/runner/work/Reframe/Reframe/App/build/Build/Intermediates.noindex/ReframeCore.build/Debug-iphonesimulator/TrackingKit.build/Objects-normal/x86_64/TrackingKit-Swift.h -serialize-diagnostics-path /Users/runner/work/Reframe/Reframe/App/build/Build/Intermediates.noindex/ReframeCore.build/Debug-iphonesimulator/TrackingKit.build/Objects-normal/x86_64/TrackingKit-master-emit-module.dia -emit-dependencies-path /Users/runner/work/Reframe/Reframe/App/build/Build/Intermediates.noindex/ReframeCore.build/Debug-iphonesimulator/TrackingKit.build/Objects-normal/x86_64/TrackingKit-master-emit-module.d -o /Users/runner/work/Reframe/Reframe/App/build/Build/Intermediates.noindex/ReframeCore.build/Debug-iphonesimulator/TrackingKit.build/Objects-normal/x86_64/TrackingKit.swiftmodule -emit-abi-descriptor-path /Users/runner/work/Reframe/Reframe/App/build/Build/Intermediates.noindex/ReframeCore.build/Debug-iphonesimulator/TrackingKit.build/Objects-normal/x86_64/TrackingKit.abi.json

SwiftCompile normal x86_64 Compiling\ BoxMath.swift,\ DisplayMapping.swift,\ Timestamps.swift,\ VisionCoordinates.swift,\ CommandLineOptions.swift,\ TrackingReport.swift /Users/runner/work/Reframe/Reframe/Packages/ReframeCore/Sources/TrackingKit/Geometry/BoxMath.swift /Users/runner/work/Reframe/Reframe/Packages/ReframeCore/Sources/TrackingKit/Geometry/DisplayMapping.swift /Users/runner/work/Reframe/Reframe/Packages/ReframeCore/Sources/TrackingKit/Geometry/Timestamps.swift /Users/runner/work/Reframe/Reframe/Packages/ReframeCore/Sources/TrackingKit/Geometry/VisionCoordinates.swift /Users/runner/work/Reframe/Reframe/Packages/ReframeCore/Sources/TrackingKit/Output/CommandLineOptions.swift /Users/runner/work/Reframe/Reframe/Packages/ReframeCore/Sources/TrackingKit/Output/TrackingReport.swift (in target 'TrackingKit' from project 'ReframeCore')
    cd /Users/runner/work/Reframe/Reframe/App/AutoReframe.xcodeproj
    builtin-swiftTaskExecution -- /Applications/Xcode_16.2.app/Contents/Developer/Toolchains/XcodeDefault.xctoolchain/usr/bin/swift-frontend -frontend -c -primary-file /Users/runner/work/Reframe/Reframe/Packages/ReframeCore/Sources/TrackingKit/Geometry/BoxMath.swift -primary-file /Users/runner/work/Reframe/Reframe/Packages/ReframeCore/Sources/TrackingKit/Geometry/DisplayMapping.swift -primary-file /Users/runner/work/Reframe/Reframe/Packages/ReframeCore/Sources/TrackingKit/Geometry/Timestamps.swift -primary-file /Users/runner/work/Reframe/Reframe/Packages/ReframeCore/Sources/TrackingKit/Geometry/VisionCoordinates.swift -primary-file /Users/runner/work/Reframe/Reframe/Packages/ReframeCore/Sources/TrackingKit/Output/CommandLineOptions.swift -primary-file /Users/runner/work/Reframe/Reframe/Packages/ReframeCore/Sources/TrackingKit/Output/TrackingReport.swift /Users/runner/work/Reframe/Reframe/Packages/ReframeCore/Sources/TrackingKit/Render/RenderPlanning.swift /Users/runner/work/Reframe/Reframe/Packages/ReframeCore/Sources/TrackingKit/Render/VerticalRenderer.swift /Users/runner/work/Reframe/Reframe/Packages/ReframeCore/Sources/TrackingKit/Selection/Observation.swift /Users/runner/work/Reframe/Reframe/Packages/ReframeCore/Sources/TrackingKit/Selection/SubjectSelector.swift /Users/runner/work/Reframe/Reframe/Packages/ReframeCore/Sources/TrackingKit/Selection/SubjectTracker.swift /Users/runner/work/Reframe/Reframe/Packages/ReframeCore/Sources/TrackingKit/TrackingSettings.swift /Users/runner/work/Reframe/Reframe/Packages/ReframeCore/Sources/TrackingKit/Vision/DebugVideoWriter.swift /Users/runner/work/Reframe/Reframe/Packages/ReframeCore/Sources/TrackingKit/Vision/PersonPreview.swift /Users/runner/work/Reframe/Reframe/Packages/ReframeCore/Sources/TrackingKit/Vision/TrackingPipeline.swift /Users/runner/work/Reframe/Reframe/Packages/ReframeCore/Sources/TrackingKit/Vision/VideoFrameReader.swift /Users/runner/work/Reframe/Reframe/Packages/ReframeCore/Sources/TrackingKit/Vision/VisionComponents.swift -supplementary-output-file-map /Users/runner/work/Reframe/Reframe/App/build/Build/Intermediates.noindex/ReframeCore.build/Debug-iphonesimulator/TrackingKit.build/Objects-normal/x86_64/supplementaryOutputs-19 -target x86_64-apple-ios16.0-simulator -enable-objc-interop -sdk /Applications/Xcode_16.2.app/Contents/Developer/Platforms/iPhoneSimulator.platform/Developer/SDKs/iPhoneSimulator18.2.sdk -I /Users/runner/work/Reframe/Reframe/App/build/Build/Products/Debug-iphonesimulator -I /Applications/Xcode_16.2.app/Contents/Developer/Platforms/iPhoneSimulator.platform/Developer/usr/lib -F /Users/runner/work/Reframe/Reframe/App/build/Build/Products/Debug-iphonesimulator/PackageFrameworks -F /Users/runner/work/Reframe/Reframe/App/build/Build/Products/Debug-iphonesimulator -F /Applications/Xcode_16.2.app/Contents/Developer/Platforms/iPhoneSimulator.platform/Developer/Library/Frameworks -F /Applications/Xcode_16.2.app/Contents/Developer/Platforms/iPhoneSimulator.platform/Developer/SDKs/iPhoneSimulator18.2.sdk/Developer/Library/Frameworks -no-color-diagnostics -enable-testing -g -debug-info-format\=dwarf -dwarf-version\=4 -module-cache-path /Users/runner/work/Reframe/Reframe/App/build/ModuleCache.noindex -swift-version 5 -enforce-exclusivity\=checked -Onone -D SWIFT_PACKAGE -D DEBUG -D Xcode -serialize-debugging-options -const-gather-protocols-file /Users/runner/work/Reframe/Reframe/App/build/Build/Intermediates.noindex/ReframeCore.build/Debug-iphonesimulator/TrackingKit.build/Objects-normal/x86_64/TrackingKit_const_extract_protocols.json -enable-experimental-feature DebugDescriptionMacro -enable-experimental-feature OpaqueTypeErasure -empty-abi-descriptor -plugin-path /Applications/Xcode_16.2.app/Contents/Developer/Toolchains/XcodeDefault.xctoolchain/usr/lib/swift/host/plugins/testing -validate-clang-modules-once -clang-build-session-file /Users/runner/work/Reframe/Reframe/App/build/ModuleCache.noindex/Session.modulevalidation -Xcc -working-directory -Xcc /Users/runner/work/Reframe/Reframe/App/AutoReframe.xcodeproj -resource-dir /Applications/Xcode_16.2.app/Contents/Developer/Toolchains/XcodeDefault.xctoolchain/usr/lib/swift -enable-anonymous-context-mangled-names -file-compilation-dir /Users/runner/work/Reframe/Reframe/App/AutoReframe.xcodeproj -Xcc -D_LIBCPP_HARDENING_MODE\=_LIBCPP_HARDENING_MODE_DEBUG -Xcc -ivfsstatcache -Xcc /Users/runner/work/Reframe/Reframe/App/build/SDKStatCaches.noindex/iphonesimulator18.2-22C146-16b5fc1f628d844b188c57a1ba9d6a81.sdkstatcache -Xcc -I/Users/runner/work/Reframe/Reframe/App/build/Build/Intermediates.noindex/ReframeCore.build/Debug-iphonesimulator/TrackingKit.build/swift-overrides.hmap -Xcc -I/Users/runner/work/Reframe/Reframe/App/build/Build/Products/Debug-iphonesimulator/include -Xcc -I/Users/runner/work/Reframe/Reframe/App/build/Build/Intermediates.noindex/ReframeCore.build/Debug-iphonesimulator/TrackingKit.build/DerivedSources-normal/x86_64 -Xcc -I/Users/runner/work/Reframe/Reframe/App/build/Build/Intermediates.noindex/ReframeCore.build/Debug-iphonesimulator/TrackingKit.build/DerivedSources/x86_64 -Xcc -I/Users/runner/work/Reframe/Reframe/App/build/Build/Intermediates.noindex/ReframeCore.build/Debug-iphonesimulator/TrackingKit.build/DerivedSources -Xcc -DSWIFT_PACKAGE -Xcc -DDEBUG\=1 -module-name TrackingKit -package-name reframecore -frontend-parseable-output -disable-clang-spi -target-sdk-version 18.2 -target-sdk-name iphonesimulator18.2 -external-plugin-path /Applications/Xcode_16.2.app/Contents/Developer/Platforms/iPhoneOS.platform/Developer/usr/lib/swift/host/plugins\#/Applications/Xcode_16.2.app/Contents/Developer/Platforms/iPhoneOS.platform/Developer/usr/bin/swift-plugin-server -external-plugin-path /Applications/Xcode_16.2.app/Contents/Developer/Platforms/iPhoneOS.platform/Developer/usr/local/lib/swift/host/plugins\#/Applications/Xcode_16.2.app/Contents/Developer/Platforms/iPhoneOS.platform/Developer/usr/bin/swift-plugin-server -plugin-path /Applications/Xcode_16.2.app/Contents/Developer/Toolchains/XcodeDefault.xctoolchain/usr/lib/swift/host/plugins -plugin-path /Applications/Xcode_16.2.app/Contents/Developer/Toolchains/XcodeDefault.xctoolchain/usr/local/lib/swift/host/plugins -o /Users/runner/work/Reframe/Reframe/App/build/Build/Intermediates.noindex/ReframeCore.build/Debug-iphonesimulator/TrackingKit.build/Objects-normal/x86_64/BoxMath.o -o /Users/runner/work/Reframe/Reframe/App/build/Build/Intermediates.noindex/ReframeCore.build/Debug-iphonesimulator/TrackingKit.build/Objects-normal/x86_64/DisplayMapping.o -o /Users/runner/work/Reframe/Reframe/App/build/Build/Intermediates.noindex/ReframeCore.build/Debug-iphonesimulator/TrackingKit.build/Objects-normal/x86_64/Timestamps.o -o /Users/runner/work/Reframe/Reframe/App/build/Build/Intermediates.noindex/ReframeCore.build/Debug-iphonesimulator/TrackingKit.build/Objects-normal/x86_64/VisionCoordinates.o -o /Users/runner/work/Reframe/Reframe/App/build/Build/Intermediates.noindex/ReframeCore.build/Debug-iphonesimulator/TrackingKit.build/Objects-normal/x86_64/CommandLineOptions.o -o /Users/runner/work/Reframe/Reframe/App/build/Build/Intermediates.noindex/ReframeCore.build/Debug-iphonesimulator/TrackingKit.build/Objects-normal/x86_64/TrackingReport.o -index-unit-output-path /ReframeCore.build/Debug-iphonesimulator/TrackingKit.build/Objects-normal/x86_64/BoxMath.o -index-unit-output-path /ReframeCore.build/Debug-iphonesimulator/TrackingKit.build/Objects-normal/x86_64/DisplayMapping.o -index-unit-output-path /ReframeCore.build/Debug-iphonesimulator/TrackingKit.build/Objects-normal/x86_64/Timestamps.o -index-unit-output-path /ReframeCore.build/Debug-iphonesimulator/TrackingKit.build/Objects-normal/x86_64/VisionCoordinates.o -index-unit-output-path /ReframeCore.build/Debug-iphonesimulator/TrackingKit.build/Objects-normal/x86_64/CommandLineOptions.o -index-unit-output-path /ReframeCore.build/Debug-iphonesimulator/TrackingKit.build/Objects-normal/x86_64/TrackingReport.o -index-store-path /Users/runner/work/Reframe/Reframe/App/build/Index.noindex/DataStore -index-system-modules

SwiftCompile normal x86_64 /Users/runner/work/Reframe/Reframe/Packages/ReframeCore/Sources/TrackingKit/Geometry/BoxMath.swift (in target 'TrackingKit' from project 'ReframeCore')
    cd /Users/runner/work/Reframe/Reframe/App/AutoReframe.xcodeproj
    /Applications/Xcode_16.2.app/Contents/Developer/Toolchains/XcodeDefault.xctoolchain/usr/bin/swift-frontend -c -primary-file /Users/runner/work/Reframe/Reframe/Packages/ReframeCore/Sources/TrackingKit/Geometry/BoxMath.swift -primary-file /Users/runner/work/Reframe/Reframe/Packages/ReframeCore/Sources/TrackingKit/Geometry/DisplayMapping.swift -primary-file /Users/runner/work/Reframe/Reframe/Packages/ReframeCore/Sources/TrackingKit/Geometry/Timestamps.swift -primary-file /Users/runner/work/Reframe/Reframe/Packages/ReframeCore/Sources/TrackingKit/Geometry/VisionCoordinates.swift -primary-file /Users/runner/work/Reframe/Reframe/Packages/ReframeCore/Sources/TrackingKit/Output/CommandLineOptions.swift -primary-file /Users/runner/work/Reframe/Reframe/Packages/ReframeCore/Sources/TrackingKit/Output/TrackingReport.swift /Users/runner/work/Reframe/Reframe/Packages/ReframeCore/Sources/TrackingKit/Render/RenderPlanning.swift /Users/runner/work/Reframe/Reframe/Packages/ReframeCore/Sources/TrackingKit/Render/VerticalRenderer.swift /Users/runner/work/Reframe/Reframe/Packages/ReframeCore/Sources/TrackingKit/Selection/Observation.swift /Users/runner/work/Reframe/Reframe/Packages/ReframeCore/Sources/TrackingKit/Selection/SubjectSelector.swift /Users/runner/work/Reframe/Reframe/Packages/ReframeCore/Sources/TrackingKit/Selection/SubjectTracker.swift /Users/runner/work/Reframe/Reframe/Packages/ReframeCore/Sources/TrackingKit/TrackingSettings.swift /Users/runner/work/Reframe/Reframe/Packages/ReframeCore/Sources/TrackingKit/Vision/DebugVideoWriter.swift /Users/runner/work/Reframe/Reframe/Packages/ReframeCore/Sources/TrackingKit/Vision/PersonPreview.swift /Users/runner/work/Reframe/Reframe/Packages/ReframeCore/Sources/TrackingKit/Vision/TrackingPipeline.swift /Users/runner/work/Reframe/Reframe/Packages/ReframeCore/Sources/TrackingKit/Vision/VideoFrameReader.swift /Users/runner/work/Reframe/Reframe/Packages/ReframeCore/Sources/TrackingKit/Vision/VisionComponents.swift -supplementary-output-file-map /Users/runner/work/Reframe/Reframe/App/build/Build/Intermediates.noindex/ReframeCore.build/Debug-iphonesimulator/TrackingKit.build/Objects-normal/x86_64/supplementaryOutputs-19 -target x86_64-apple-ios16.0-simulator -enable-objc-interop -sdk /Applications/Xcode_16.2.app/Contents/Developer/Platforms/iPhoneSimulator.platform/Developer/SDKs/iPhoneSimulator18.2.sdk -I /Users/runner/work/Reframe/Reframe/App/build/Build/Products/Debug-iphonesimulator -I /Applications/Xcode_16.2.app/Contents/Developer/Platforms/iPhoneSimulator.platform/Developer/usr/lib -F /Users/runner/work/Reframe/Reframe/App/build/Build/Products/Debug-iphonesimulator/PackageFrameworks -F /Users/runner/work/Reframe/Reframe/App/build/Build/Products/Debug-iphonesimulator -F /Applications/Xcode_16.2.app/Contents/Developer/Platforms/iPhoneSimulator.platform/Developer/Library/Frameworks -F /Applications/Xcode_16.2.app/Contents/Developer/Platforms/iPhoneSimulator.platform/Developer/SDKs/iPhoneSimulator18.2.sdk/Developer/Library/Frameworks -no-color-diagnostics -enable-testing -g -debug-info-format\=dwarf -dwarf-version\=4 -module-cache-path /Users/runner/work/Reframe/Reframe/App/build/ModuleCache.noindex -swift-version 5 -enforce-exclusivity\=checked -Onone -D SWIFT_PACKAGE -D DEBUG -D Xcode -serialize-debugging-options -const-gather-protocols-file /Users/runner/work/Reframe/Reframe/App/build/Build/Intermediates.noindex/ReframeCore.build/Debug-iphonesimulator/TrackingKit.build/Objects-normal/x86_64/TrackingKit_const_extract_protocols.json -enable-experimental-feature DebugDescriptionMacro -enable-experimental-feature OpaqueTypeErasure -empty-abi-descriptor -plugin-path /Applications/Xcode_16.2.app/Contents/Developer/Toolchains/XcodeDefault.xctoolchain/usr/lib/swift/host/plugins/testing -validate-clang-modules-once -clang-build-session-file /Users/runner/work/Reframe/Reframe/App/build/ModuleCache.noindex/Session.modulevalidation -Xcc -working-directory -Xcc /Users/runner/work/Reframe/Reframe/App/AutoReframe.xcodeproj -resource-dir /Applications/Xcode_16.2.app/Contents/Developer/Toolchains/XcodeDefault.xctoolchain/usr/lib/swift -enable-anonymous-context-mangled-names -file-compilation-dir /Users/runner/work/Reframe/Reframe/App/AutoReframe.xcodeproj -Xcc -D_LIBCPP_HARDENING_MODE\=_LIBCPP_HARDENING_MODE_DEBUG -Xcc -ivfsstatcache -Xcc /Users/runner/work/Reframe/Reframe/App/build/SDKStatCaches.noindex/iphonesimulator18.2-22C146-16b5fc1f628d844b188c57a1ba9d6a81.sdkstatcache -Xcc -I/Users/runner/work/Reframe/Reframe/App/build/Build/Intermediates.noindex/ReframeCore.build/Debug-iphonesimulator/TrackingKit.build/swift-overrides.hmap -Xcc -I/Users/runner/work/Reframe/Reframe/App/build/Build/Products/Debug-iphonesimulator/include -Xcc -I/Users/runner/work/Reframe/Reframe/App/build/Build/Intermediates.noindex/ReframeCore.build/Debug-iphonesimulator/TrackingKit.build/DerivedSources-normal/x86_64 -Xcc -I/Users/runner/work/Reframe/Reframe/App/build/Build/Intermediates.noindex/ReframeCore.build/Debug-iphonesimulator/TrackingKit.build/DerivedSources/x86_64 -Xcc -I/Users/runner/work/Reframe/Reframe/App/build/Build/Intermediates.noindex/ReframeCore.build/Debug-iphonesimulator/TrackingKit.build/DerivedSources -Xcc -DSWIFT_PACKAGE -Xcc -DDEBUG\=1 -module-name TrackingKit -package-name reframecore -frontend-parseable-output -disable-clang-spi -target-sdk-version 18.2 -target-sdk-name iphonesimulator18.2 -external-plugin-path /Applications/Xcode_16.2.app/Contents/Developer/Platforms/iPhoneOS.platform/Developer/usr/lib/swift/host/plugins\#/Applications/Xcode_16.2.app/Contents/Developer/Platforms/iPhoneOS.platform/Developer/usr/bin/swift-plugin-server -external-plugin-path /Applications/Xcode_16.2.app/Contents/Developer/Platforms/iPhoneOS.platform/Developer/usr/local/lib/swift/host/plugins\#/Applications/Xcode_16.2.app/Contents/Developer/Platforms/iPhoneOS.platform/Developer/usr/bin/swift-plugin-server -plugin-path /Applications/Xcode_16.2.app/Contents/Developer/Toolchains/XcodeDefault.xctoolchain/usr/lib/swift/host/plugins -plugin-path /Applications/Xcode_16.2.app/Contents/Developer/Toolchains/XcodeDefault.xctoolchain/usr/local/lib/swift/host/plugins -o /Users/runner/work/Reframe/Reframe/App/build/Build/Intermediates.noindex/ReframeCore.build/Debug-iphonesimulator/TrackingKit.build/Objects-normal/x86_64/BoxMath.o -o /Users/runner/work/Reframe/Reframe/App/build/Build/Intermediates.noindex/ReframeCore.build/Debug-iphonesimulator/TrackingKit.build/Objects-normal/x86_64/DisplayMapping.o -o /Users/runner/work/Reframe/Reframe/App/build/Build/Intermediates.noindex/ReframeCore.build/Debug-iphonesimulator/TrackingKit.build/Objects-normal/x86_64/Timestamps.o -o /Users/runner/work/Reframe/Reframe/App/build/Build/Intermediates.noindex/ReframeCore.build/Debug-iphonesimulator/TrackingKit.build/Objects-normal/x86_64/VisionCoordinates.o -o /Users/runner/work/Reframe/Reframe/App/build/Build/Intermediates.noindex/ReframeCore.build/Debug-iphonesimulator/TrackingKit.build/Objects-normal/x86_64/CommandLineOptions.o -o /Users/runner/work/Reframe/Reframe/App/build/Build/Intermediates.noindex/ReframeCore.build/Debug-iphonesimulator/TrackingKit.build/Objects-normal/x86_64/TrackingReport.o -index-unit-output-path /ReframeCore.build/Debug-iphonesimulator/TrackingKit.build/Objects-normal/x86_64/BoxMath.o -index-unit-output-path /ReframeCore.build/Debug-iphonesimulator/TrackingKit.build/Objects-normal/x86_64/DisplayMapping.o -index-unit-output-path /ReframeCore.build/Debug-iphonesimulator/TrackingKit.build/Objects-normal/x86_64/Timestamps.o -index-unit-output-path /ReframeCore.build/Debug-iphonesimulator/TrackingKit.build/Objects-normal/x86_64/VisionCoordinates.o -index-unit-output-path /ReframeCore.build/Debug-iphonesimulator/TrackingKit.build/Objects-normal/x86_64/CommandLineOptions.o -index-unit-output-path /ReframeCore.build/Debug-iphonesimulator/TrackingKit.build/Objects-normal/x86_64/TrackingReport.o -index-store-path /Users/runner/work/Reframe/Reframe/App/build/Index.noindex/DataStore -index-system-modules

SwiftCompile normal x86_64 /Users/runner/work/Reframe/Reframe/Packages/ReframeCore/Sources/TrackingKit/Geometry/DisplayMapping.swift (in target 'TrackingKit' from project 'ReframeCore')
    cd /Users/runner/work/Reframe/Reframe/App/AutoReframe.xcodeproj
    /Applications/Xcode_16.2.app/Contents/Developer/Toolchains/XcodeDefault.xctoolchain/usr/bin/swift-frontend -c -primary-file /Users/runner/work/Reframe/Reframe/Packages/ReframeCore/Sources/TrackingKit/Geometry/BoxMath.swift -primary-file /Users/runner/work/Reframe/Reframe/Packages/ReframeCore/Sources/TrackingKit/Geometry/DisplayMapping.swift -primary-file /Users/runner/work/Reframe/Reframe/Packages/ReframeCore/Sources/TrackingKit/Geometry/Timestamps.swift -primary-file /Users/runner/work/Reframe/Reframe/Packages/ReframeCore/Sources/TrackingKit/Geometry/VisionCoordinates.swift -primary-file /Users/runner/work/Reframe/Reframe/Packages/ReframeCore/Sources/TrackingKit/Output/CommandLineOptions.swift -primary-file /Users/runner/work/Reframe/Reframe/Packages/ReframeCore/Sources/TrackingKit/Output/TrackingReport.swift /Users/runner/work/Reframe/Reframe/Packages/ReframeCore/Sources/TrackingKit/Render/RenderPlanning.swift /Users/runner/work/Reframe/Reframe/Packages/ReframeCore/Sources/TrackingKit/Render/VerticalRenderer.swift /Users/runner/work/Reframe/Reframe/Packages/ReframeCore/Sources/TrackingKit/Selection/Observation.swift /Users/runner/work/Reframe/Reframe/Packages/ReframeCore/Sources/TrackingKit/Selection/SubjectSelector.swift /Users/runner/work/Reframe/Reframe/Packages/ReframeCore/Sources/TrackingKit/Selection/SubjectTracker.swift /Users/runner/work/Reframe/Reframe/Packages/ReframeCore/Sources/TrackingKit/TrackingSettings.swift /Users/runner/work/Reframe/Reframe/Packages/ReframeCore/Sources/TrackingKit/Vision/DebugVideoWriter.swift /Users/runner/work/Reframe/Reframe/Packages/ReframeCore/Sources/TrackingKit/Vision/PersonPreview.swift /Users/runner/work/Reframe/Reframe/Packages/ReframeCore/Sources/TrackingKit/Vision/TrackingPipeline.swift /Users/runner/work/Reframe/Reframe/Packages/ReframeCore/Sources/TrackingKit/Vision/VideoFrameReader.swift /Users/runner/work/Reframe/Reframe/Packages/ReframeCore/Sources/TrackingKit/Vision/VisionComponents.swift -supplementary-output-file-map /Users/runner/work/Reframe/Reframe/App/build/Build/Intermediates.noindex/ReframeCore.build/Debug-iphonesimulator/TrackingKit.build/Objects-normal/x86_64/supplementaryOutputs-19 -target x86_64-apple-ios16.0-simulator -enable-objc-interop -sdk /Applications/Xcode_16.2.app/Contents/Developer/Platforms/iPhoneSimulator.platform/Developer/SDKs/iPhoneSimulator18.2.sdk -I /Users/runner/work/Reframe/Reframe/App/build/Build/Products/Debug-iphonesimulator -I /Applications/Xcode_16.2.app/Contents/Developer/Platforms/iPhoneSimulator.platform/Developer/usr/lib -F /Users/runner/work/Reframe/Reframe/App/build/Build/Products/Debug-iphonesimulator/PackageFrameworks -F /Users/runner/work/Reframe/Reframe/App/build/Build/Products/Debug-iphonesimulator -F /Applications/Xcode_16.2.app/Contents/Developer/Platforms/iPhoneSimulator.platform/Developer/Library/Frameworks -F /Applications/Xcode_16.2.app/Contents/Developer/Platforms/iPhoneSimulator.platform/Developer/SDKs/iPhoneSimulator18.2.sdk/Developer/Library/Frameworks -no-color-diagnostics -enable-testing -g -debug-info-format\=dwarf -dwarf-version\=4 -module-cache-path /Users/runner/work/Reframe/Reframe/App/build/ModuleCache.noindex -swift-version 5 -enforce-exclusivity\=checked -Onone -D SWIFT_PACKAGE -D DEBUG -D Xcode -serialize-debugging-options -const-gather-protocols-file /Users/runner/work/Reframe/Reframe/App/build/Build/Intermediates.noindex/ReframeCore.build/Debug-iphonesimulator/TrackingKit.build/Objects-normal/x86_64/TrackingKit_const_extract_protocols.json -enable-experimental-feature DebugDescriptionMacro -enable-experimental-feature OpaqueTypeErasure -empty-abi-descriptor -plugin-path /Applications/Xcode_16.2.app/Contents/Developer/Toolchains/XcodeDefault.xctoolchain/usr/lib/swift/host/plugins/testing -validate-clang-modules-once -clang-build-session-file /Users/runner/work/Reframe/Reframe/App/build/ModuleCache.noindex/Session.modulevalidation -Xcc -working-directory -Xcc /Users/runner/work/Reframe/Reframe/App/AutoReframe.xcodeproj -resource-dir /Applications/Xcode_16.2.app/Contents/Developer/Toolchains/XcodeDefault.xctoolchain/usr/lib/swift -enable-anonymous-context-mangled-names -file-compilation-dir /Users/runner/work/Reframe/Reframe/App/AutoReframe.xcodeproj -Xcc -D_LIBCPP_HARDENING_MODE\=_LIBCPP_HARDENING_MODE_DEBUG -Xcc -ivfsstatcache -Xcc /Users/runner/work/Reframe/Reframe/App/build/SDKStatCaches.noindex/iphonesimulator18.2-22C146-16b5fc1f628d844b188c57a1ba9d6a81.sdkstatcache -Xcc -I/Users/runner/work/Reframe/Reframe/App/build/Build/Intermediates.noindex/ReframeCore.build/Debug-iphonesimulator/TrackingKit.build/swift-overrides.hmap -Xcc -I/Users/runner/work/Reframe/Reframe/App/build/Build/Products/Debug-iphonesimulator/include -Xcc -I/Users/runner/work/Reframe/Reframe/App/build/Build/Intermediates.noindex/ReframeCore.build/Debug-iphonesimulator/TrackingKit.build/DerivedSources-normal/x86_64 -Xcc -I/Users/runner/work/Reframe/Reframe/App/build/Build/Intermediates.noindex/ReframeCore.build/Debug-iphonesimulator/TrackingKit.build/DerivedSources/x86_64 -Xcc -I/Users/runner/work/Reframe/Reframe/App/build/Build/Intermediates.noindex/ReframeCore.build/Debug-iphonesimulator/TrackingKit.build/DerivedSources -Xcc -DSWIFT_PACKAGE -Xcc -DDEBUG\=1 -module-name TrackingKit -package-name reframecore -frontend-parseable-output -disable-clang-spi -target-sdk-version 18.2 -target-sdk-name iphonesimulator18.2 -external-plugin-path /Applications/Xcode_16.2.app/Contents/Developer/Platforms/iPhoneOS.platform/Developer/usr/lib/swift/host/plugins\#/Applications/Xcode_16.2.app/Contents/Developer/Platforms/iPhoneOS.platform/Developer/usr/bin/swift-plugin-server -external-plugin-path /Applications/Xcode_16.2.app/Contents/Developer/Platforms/iPhoneOS.platform/Developer/usr/local/lib/swift/host/plugins\#/Applications/Xcode_16.2.app/Contents/Developer/Platforms/iPhoneOS.platform/Developer/usr/bin/swift-plugin-server -plugin-path /Applications/Xcode_16.2.app/Contents/Developer/Toolchains/XcodeDefault.xctoolchain/usr/lib/swift/host/plugins -plugin-path /Applications/Xcode_16.2.app/Contents/Developer/Toolchains/XcodeDefault.xctoolchain/usr/local/lib/swift/host/plugins -o /Users/runner/work/Reframe/Reframe/App/build/Build/Intermediates.noindex/ReframeCore.build/Debug-iphonesimulator/TrackingKit.build/Objects-normal/x86_64/BoxMath.o -o /Users/runner/work/Reframe/Reframe/App/build/Build/Intermediates.noindex/ReframeCore.build/Debug-iphonesimulator/TrackingKit.build/Objects-normal/x86_64/DisplayMapping.o -o /Users/runner/work/Reframe/Reframe/App/build/Build/Intermediates.noindex/ReframeCore.build/Debug-iphonesimulator/TrackingKit.build/Objects-normal/x86_64/Timestamps.o -o /Users/runner/work/Reframe/Reframe/App/build/Build/Intermediates.noindex/ReframeCore.build/Debug-iphonesimulator/TrackingKit.build/Objects-normal/x86_64/VisionCoordinates.o -o /Users/runner/work/Reframe/Reframe/App/build/Build/Intermediates.noindex/ReframeCore.build/Debug-iphonesimulator/TrackingKit.build/Objects-normal/x86_64/CommandLineOptions.o -o /Users/runner/work/Reframe/Reframe/App/build/Build/Intermediates.noindex/ReframeCore.build/Debug-iphonesimulator/TrackingKit.build/Objects-normal/x86_64/TrackingReport.o -index-unit-output-path /ReframeCore.build/Debug-iphonesimulator/TrackingKit.build/Objects-normal/x86_64/BoxMath.o -index-unit-output-path /ReframeCore.build/Debug-iphonesimulator/TrackingKit.build/Objects-normal/x86_64/DisplayMapping.o -index-unit-output-path /ReframeCore.build/Debug-iphonesimulator/TrackingKit.build/Objects-normal/x86_64/Timestamps.o -index-unit-output-path /ReframeCore.build/Debug-iphonesimulator/TrackingKit.build/Objects-normal/x86_64/VisionCoordinates.o -index-unit-output-path /ReframeCore.build/Debug-iphonesimulator/TrackingKit.build/Objects-normal/x86_64/CommandLineOptions.o -index-unit-output-path /ReframeCore.build/Debug-iphonesimulator/TrackingKit.build/Objects-normal/x86_64/TrackingReport.o -index-store-path /Users/runner/work/Reframe/Reframe/App/build/Index.noindex/DataStore -index-system-modules

SwiftCompile normal x86_64 /Users/runner/work/Reframe/Reframe/Packages/ReframeCore/Sources/TrackingKit/Geometry/Timestamps.swift (in target 'TrackingKit' from project 'ReframeCore')
    cd /Users/runner/work/Reframe/Reframe/App/AutoReframe.xcodeproj
    /Applications/Xcode_16.2.app/Contents/Developer/Toolchains/XcodeDefault.xctoolchain/usr/bin/swift-frontend -c -primary-file /Users/runner/work/Reframe/Reframe/Packages/ReframeCore/Sources/TrackingKit/Geometry/BoxMath.swift -primary-file /Users/runner/work/Reframe/Reframe/Packages/ReframeCore/Sources/TrackingKit/Geometry/DisplayMapping.swift -primary-file /Users/runner/work/Reframe/Reframe/Packages/ReframeCore/Sources/TrackingKit/Geometry/Timestamps.swift -primary-file /Users/runner/work/Reframe/Reframe/Packages/ReframeCore/Sources/TrackingKit/Geometry/VisionCoordinates.swift -primary-file /Users/runner/work/Reframe/Reframe/Packages/ReframeCore/Sources/TrackingKit/Output/CommandLineOptions.swift -primary-file /Users/runner/work/Reframe/Reframe/Packages/ReframeCore/Sources/TrackingKit/Output/TrackingReport.swift /Users/runner/work/Reframe/Reframe/Packages/ReframeCore/Sources/TrackingKit/Render/RenderPlanning.swift /Users/runner/work/Reframe/Reframe/Packages/ReframeCore/Sources/TrackingKit/Render/VerticalRenderer.swift /Users/runner/work/Reframe/Reframe/Packages/ReframeCore/Sources/TrackingKit/Selection/Observation.swift /Users/runner/work/Reframe/Reframe/Packages/ReframeCore/Sources/TrackingKit/Selection/SubjectSelector.swift /Users/runner/work/Reframe/Reframe/Packages/ReframeCore/Sources/TrackingKit/Selection/SubjectTracker.swift /Users/runner/work/Reframe/Reframe/Packages/ReframeCore/Sources/TrackingKit/TrackingSettings.swift /Users/runner/work/Reframe/Reframe/Packages/ReframeCore/Sources/TrackingKit/Vision/DebugVideoWriter.swift /Users/runner/work/Reframe/Reframe/Packages/ReframeCore/Sources/TrackingKit/Vision/PersonPreview.swift /Users/runner/work/Reframe/Reframe/Packages/ReframeCore/Sources/TrackingKit/Vision/TrackingPipeline.swift /Users/runner/work/Reframe/Reframe/Packages/ReframeCore/Sources/TrackingKit/Vision/VideoFrameReader.swift /Users/runner/work/Reframe/Reframe/Packages/ReframeCore/Sources/TrackingKit/Vision/VisionComponents.swift -supplementary-output-file-map /Users/runner/work/Reframe/Reframe/App/build/Build/Intermediates.noindex/ReframeCore.build/Debug-iphonesimulator/TrackingKit.build/Objects-normal/x86_64/supplementaryOutputs-19 -target x86_64-apple-ios16.0-simulator -enable-objc-interop -sdk /Applications/Xcode_16.2.app/Contents/Developer/Platforms/iPhoneSimulator.platform/Developer/SDKs/iPhoneSimulator18.2.sdk -I /Users/runner/work/Reframe/Reframe/App/build/Build/Products/Debug-iphonesimulator -I /Applications/Xcode_16.2.app/Contents/Developer/Platforms/iPhoneSimulator.platform/Developer/usr/lib -F /Users/runner/work/Reframe/Reframe/App/build/Build/Products/Debug-iphonesimulator/PackageFrameworks -F /Users/runner/work/Reframe/Reframe/App/build/Build/Products/Debug-iphonesimulator -F /Applications/Xcode_16.2.app/Contents/Developer/Platforms/iPhoneSimulator.platform/Developer/Library/Frameworks -F /Applications/Xcode_16.2.app/Contents/Developer/Platforms/iPhoneSimulator.platform/Developer/SDKs/iPhoneSimulator18.2.sdk/Developer/Library/Frameworks -no-color-diagnostics -enable-testing -g -debug-info-format\=dwarf -dwarf-version\=4 -module-cache-path /Users/runner/work/Reframe/Reframe/App/build/ModuleCache.noindex -swift-version 5 -enforce-exclusivity\=checked -Onone -D SWIFT_PACKAGE -D DEBUG -D Xcode -serialize-debugging-options -const-gather-protocols-file /Users/runner/work/Reframe/Reframe/App/build/Build/Intermediates.noindex/ReframeCore.build/Debug-iphonesimulator/TrackingKit.build/Objects-normal/x86_64/TrackingKit_const_extract_protocols.json -enable-experimental-feature DebugDescriptionMacro -enable-experimental-feature OpaqueTypeErasure -empty-abi-descriptor -plugin-path /Applications/Xcode_16.2.app/Contents/Developer/Toolchains/XcodeDefault.xctoolchain/usr/lib/swift/host/plugins/testing -validate-clang-modules-once -clang-build-session-file /Users/runner/work/Reframe/Reframe/App/build/ModuleCache.noindex/Session.modulevalidation -Xcc -working-directory -Xcc /Users/runner/work/Reframe/Reframe/App/AutoReframe.xcodeproj -resource-dir /Applications/Xcode_16.2.app/Contents/Developer/Toolchains/XcodeDefault.xctoolchain/usr/lib/swift -enable-anonymous-context-mangled-names -file-compilation-dir /Users/runner/work/Reframe/Reframe/App/AutoReframe.xcodeproj -Xcc -D_LIBCPP_HARDENING_MODE\=_LIBCPP_HARDENING_MODE_DEBUG -Xcc -ivfsstatcache -Xcc /Users/runner/work/Reframe/Reframe/App/build/SDKStatCaches.noindex/iphonesimulator18.2-22C146-16b5fc1f628d844b188c57a1ba9d6a81.sdkstatcache -Xcc -I/Users/runner/work/Reframe/Reframe/App/build/Build/Intermediates.noindex/ReframeCore.build/Debug-iphonesimulator/TrackingKit.build/swift-overrides.hmap -Xcc -I/Users/runner/work/Reframe/Reframe/App/build/Build/Products/Debug-iphonesimulator/include -Xcc -I/Users/runner/work/Reframe/Reframe/App/build/Build/Intermediates.noindex/ReframeCore.build/Debug-iphonesimulator/TrackingKit.build/DerivedSources-normal/x86_64 -Xcc -I/Users/runner/work/Reframe/Reframe/App/build/Build/Intermediates.noindex/ReframeCore.build/Debug-iphonesimulator/TrackingKit.build/DerivedSources/x86_64 -Xcc -I/Users/runner/work/Reframe/Reframe/App/build/Build/Intermediates.noindex/ReframeCore.build/Debug-iphonesimulator/TrackingKit.build/DerivedSources -Xcc -DSWIFT_PACKAGE -Xcc -DDEBUG\=1 -module-name TrackingKit -package-name reframecore -frontend-parseable-output -disable-clang-spi -target-sdk-version 18.2 -target-sdk-name iphonesimulator18.2 -external-plugin-path /Applications/Xcode_16.2.app/Contents/Developer/Platforms/iPhoneOS.platform/Developer/usr/lib/swift/host/plugins\#/Applications/Xcode_16.2.app/Contents/Developer/Platforms/iPhoneOS.platform/Developer/usr/bin/swift-plugin-server -external-plugin-path /Applications/Xcode_16.2.app/Contents/Developer/Platforms/iPhoneOS.platform/Developer/usr/local/lib/swift/host/plugins\#/Applications/Xcode_16.2.app/Contents/Developer/Platforms/iPhoneOS.platform/Developer/usr/bin/swift-plugin-server -plugin-path /Applications/Xcode_16.2.app/Contents/Developer/Toolchains/XcodeDefault.xctoolchain/usr/lib/swift/host/plugins -plugin-path /Applications/Xcode_16.2.app/Contents/Developer/Toolchains/XcodeDefault.xctoolchain/usr/local/lib/swift/host/plugins -o /Users/runner/work/Reframe/Reframe/App/build/Build/Intermediates.noindex/ReframeCore.build/Debug-iphonesimulator/TrackingKit.build/Objects-normal/x86_64/BoxMath.o -o /Users/runner/work/Reframe/Reframe/App/build/Build/Intermediates.noindex/ReframeCore.build/Debug-iphonesimulator/TrackingKit.build/Objects-normal/x86_64/DisplayMapping.o -o /Users/runner/work/Reframe/Reframe/App/build/Build/Intermediates.noindex/ReframeCore.build/Debug-iphonesimulator/TrackingKit.build/Objects-normal/x86_64/Timestamps.o -o /Users/runner/work/Reframe/Reframe/App/build/Build/Intermediates.noindex/ReframeCore.build/Debug-iphonesimulator/TrackingKit.build/Objects-normal/x86_64/VisionCoordinates.o -o /Users/runner/work/Reframe/Reframe/App/build/Build/Intermediates.noindex/ReframeCore.build/Debug-iphonesimulator/TrackingKit.build/Objects-normal/x86_64/CommandLineOptions.o -o /Users/runner/work/Reframe/Reframe/App/build/Build/Intermediates.noindex/ReframeCore.build/Debug-iphonesimulator/TrackingKit.build/Objects-normal/x86_64/TrackingReport.o -index-unit-output-path /ReframeCore.build/Debug-iphonesimulator/TrackingKit.build/Objects-normal/x86_64/BoxMath.o -index-unit-output-path /ReframeCore.build/Debug-iphonesimulator/TrackingKit.build/Objects-normal/x86_64/DisplayMapping.o -index-unit-output-path /ReframeCore.build/Debug-iphonesimulator/TrackingKit.build/Objects-normal/x86_64/Timestamps.o -index-unit-output-path /ReframeCore.build/Debug-iphonesimulator/TrackingKit.build/Objects-normal/x86_64/VisionCoordinates.o -index-unit-output-path /ReframeCore.build/Debug-iphonesimulator/TrackingKit.build/Objects-normal/x86_64/CommandLineOptions.o -index-unit-output-path /ReframeCore.build/Debug-iphonesimulator/TrackingKit.build/Objects-normal/x86_64/TrackingReport.o -index-store-path /Users/runner/work/Reframe/Reframe/App/build/Index.noindex/DataStore -index-system-modules

SwiftCompile normal x86_64 /Users/runner/work/Reframe/Reframe/Packages/ReframeCore/Sources/TrackingKit/Geometry/VisionCoordinates.swift (in target 'TrackingKit' from project 'ReframeCore')
    cd /Users/runner/work/Reframe/Reframe/App/AutoReframe.xcodeproj
    /Applications/Xcode_16.2.app/Contents/Developer/Toolchains/XcodeDefault.xctoolchain/usr/bin/swift-frontend -c -primary-file /Users/runner/work/Reframe/Reframe/Packages/ReframeCore/Sources/TrackingKit/Geometry/BoxMath.swift -primary-file /Users/runner/work/Reframe/Reframe/Packages/ReframeCore/Sources/TrackingKit/Geometry/DisplayMapping.swift -primary-file /Users/runner/work/Reframe/Reframe/Packages/ReframeCore/Sources/TrackingKit/Geometry/Timestamps.swift -primary-file /Users/runner/work/Reframe/Reframe/Packages/ReframeCore/Sources/TrackingKit/Geometry/VisionCoordinates.swift -primary-file /Users/runner/work/Reframe/Reframe/Packages/ReframeCore/Sources/TrackingKit/Output/CommandLineOptions.swift -primary-file /Users/runner/work/Reframe/Reframe/Packages/ReframeCore/Sources/TrackingKit/Output/TrackingReport.swift /Users/runner/work/Reframe/Reframe/Packages/ReframeCore/Sources/TrackingKit/Render/RenderPlanning.swift /Users/runner/work/Reframe/Reframe/Packages/ReframeCore/Sources/TrackingKit/Render/VerticalRenderer.swift /Users/runner/work/Reframe/Reframe/Packages/ReframeCore/Sources/TrackingKit/Selection/Observation.swift /Users/runner/work/Reframe/Reframe/Packages/ReframeCore/Sources/TrackingKit/Selection/SubjectSelector.swift /Users/runner/work/Reframe/Reframe/Packages/ReframeCore/Sources/TrackingKit/Selection/SubjectTracker.swift /Users/runner/work/Reframe/Reframe/Packages/ReframeCore/Sources/TrackingKit/TrackingSettings.swift /Users/runner/work/Reframe/Reframe/Packages/ReframeCore/Sources/TrackingKit/Vision/DebugVideoWriter.swift /Users/runner/work/Reframe/Reframe/Packages/ReframeCore/Sources/TrackingKit/Vision/PersonPreview.swift /Users/runner/work/Reframe/Reframe/Packages/ReframeCore/Sources/TrackingKit/Vision/TrackingPipeline.swift /Users/runner/work/Reframe/Reframe/Packages/ReframeCore/Sources/TrackingKit/Vision/VideoFrameReader.swift /Users/runner/work/Reframe/Reframe/Packages/ReframeCore/Sources/TrackingKit/Vision/VisionComponents.swift -supplementary-output-file-map /Users/runner/work/Reframe/Reframe/App/build/Build/Intermediates.noindex/ReframeCore.build/Debug-iphonesimulator/TrackingKit.build/Objects-normal/x86_64/supplementaryOutputs-19 -target x86_64-apple-ios16.0-simulator -enable-objc-interop -sdk /Applications/Xcode_16.2.app/Contents/Developer/Platforms/iPhoneSimulator.platform/Developer/SDKs/iPhoneSimulator18.2.sdk -I /Users/runner/work/Reframe/Reframe/App/build/Build/Products/Debug-iphonesimulator -I /Applications/Xcode_16.2.app/Contents/Developer/Platforms/iPhoneSimulator.platform/Developer/usr/lib -F /Users/runner/work/Reframe/Reframe/App/build/Build/Products/Debug-iphonesimulator/PackageFrameworks -F /Users/runner/work/Reframe/Reframe/App/build/Build/Products/Debug-iphonesimulator -F /Applications/Xcode_16.2.app/Contents/Developer/Platforms/iPhoneSimulator.platform/Developer/Library/Frameworks -F /Applications/Xcode_16.2.app/Contents/Developer/Platforms/iPhoneSimulator.platform/Developer/SDKs/iPhoneSimulator18.2.sdk/Developer/Library/Frameworks -no-color-diagnostics -enable-testing -g -debug-info-format\=dwarf -dwarf-version\=4 -module-cache-path /Users/runner/work/Reframe/Reframe/App/build/ModuleCache.noindex -swift-version 5 -enforce-exclusivity\=checked -Onone -D SWIFT_PACKAGE -D DEBUG -D Xcode -serialize-debugging-options -const-gather-protocols-file /Users/runner/work/Reframe/Reframe/App/build/Build/Intermediates.noindex/ReframeCore.build/Debug-iphonesimulator/TrackingKit.build/Objects-normal/x86_64/TrackingKit_const_extract_protocols.json -enable-experimental-feature DebugDescriptionMacro -enable-experimental-feature OpaqueTypeErasure -empty-abi-descriptor -plugin-path /Applications/Xcode_16.2.app/Contents/Developer/Toolchains/XcodeDefault.xctoolchain/usr/lib/swift/host/plugins/testing -validate-clang-modules-once -clang-build-session-file /Users/runner/work/Reframe/Reframe/App/build/ModuleCache.noindex/Session.modulevalidation -Xcc -working-directory -Xcc /Users/runner/work/Reframe/Reframe/App/AutoReframe.xcodeproj -resource-dir /Applications/Xcode_16.2.app/Contents/Developer/Toolchains/XcodeDefault.xctoolchain/usr/lib/swift -enable-anonymous-context-mangled-names -file-compilation-dir /Users/runner/work/Reframe/Reframe/App/AutoReframe.xcodeproj -Xcc -D_LIBCPP_HARDENING_MODE\=_LIBCPP_HARDENING_MODE_DEBUG -Xcc -ivfsstatcache -Xcc /Users/runner/work/Reframe/Reframe/App/build/SDKStatCaches.noindex/iphonesimulator18.2-22C146-16b5fc1f628d844b188c57a1ba9d6a81.sdkstatcache -Xcc -I/Users/runner/work/Reframe/Reframe/App/build/Build/Intermediates.noindex/ReframeCore.build/Debug-iphonesimulator/TrackingKit.build/swift-overrides.hmap -Xcc -I/Users/runner/work/Reframe/Reframe/App/build/Build/Products/Debug-iphonesimulator/include -Xcc -I/Users/runner/work/Reframe/Reframe/App/build/Build/Intermediates.noindex/ReframeCore.build/Debug-iphonesimulator/TrackingKit.build/DerivedSources-normal/x86_64 -Xcc -I/Users/runner/work/Reframe/Reframe/App/build/Build/Intermediates.noindex/ReframeCore.build/Debug-iphonesimulator/TrackingKit.build/DerivedSources/x86_64 -Xcc -I/Users/runner/work/Reframe/Reframe/App/build/Build/Intermediates.noindex/ReframeCore.build/Debug-iphonesimulator/TrackingKit.build/DerivedSources -Xcc -DSWIFT_PACKAGE -Xcc -DDEBUG\=1 -module-name TrackingKit -package-name reframecore -frontend-parseable-output -disable-clang-spi -target-sdk-version 18.2 -target-sdk-name iphonesimulator18.2 -external-plugin-path /Applications/Xcode_16.2.app/Contents/Developer/Platforms/iPhoneOS.platform/Developer/usr/lib/swift/host/plugins\#/Applications/Xcode_16.2.app/Contents/Developer/Platforms/iPhoneOS.platform/Developer/usr/bin/swift-plugin-server -external-plugin-path /Applications/Xcode_16.2.app/Contents/Developer/Platforms/iPhoneOS.platform/Developer/usr/local/lib/swift/host/plugins\#/Applications/Xcode_16.2.app/Contents/Developer/Platforms/iPhoneOS.platform/Developer/usr/bin/swift-plugin-server -plugin-path /Applications/Xcode_16.2.app/Contents/Developer/Toolchains/XcodeDefault.xctoolchain/usr/lib/swift/host/plugins -plugin-path /Applications/Xcode_16.2.app/Contents/Developer/Toolchains/XcodeDefault.xctoolchain/usr/local/lib/swift/host/plugins -o /Users/runner/work/Reframe/Reframe/App/build/Build/Intermediates.noindex/ReframeCore.build/Debug-iphonesimulator/TrackingKit.build/Objects-normal/x86_64/BoxMath.o -o /Users/runner/work/Reframe/Reframe/App/build/Build/Intermediates.noindex/ReframeCore.build/Debug-iphonesimulator/TrackingKit.build/Objects-normal/x86_64/DisplayMapping.o -o /Users/runner/work/Reframe/Reframe/App/build/Build/Intermediates.noindex/ReframeCore.build/Debug-iphonesimulator/TrackingKit.build/Objects-normal/x86_64/Timestamps.o -o /Users/runner/work/Reframe/Reframe/App/build/Build/Intermediates.noindex/ReframeCore.build/Debug-iphonesimulator/TrackingKit.build/Objects-normal/x86_64/VisionCoordinates.o -o /Users/runner/work/Reframe/Reframe/App/build/Build/Intermediates.noindex/ReframeCore.build/Debug-iphonesimulator/TrackingKit.build/Objects-normal/x86_64/CommandLineOptions.o -o /Users/runner/work/Reframe/Reframe/App/build/Build/Intermediates.noindex/ReframeCore.build/Debug-iphonesimulator/TrackingKit.build/Objects-normal/x86_64/TrackingReport.o -index-unit-output-path /ReframeCore.build/Debug-iphonesimulator/TrackingKit.build/Objects-normal/x86_64/BoxMath.o -index-unit-output-path /ReframeCore.build/Debug-iphonesimulator/TrackingKit.build/Objects-normal/x86_64/DisplayMapping.o -index-unit-output-path /ReframeCore.build/Debug-iphonesimulator/TrackingKit.build/Objects-normal/x86_64/Timestamps.o -index-unit-output-path /ReframeCore.build/Debug-iphonesimulator/TrackingKit.build/Objects-normal/x86_64/VisionCoordinates.o -index-unit-output-path /ReframeCore.build/Debug-iphonesimulator/TrackingKit.build/Objects-normal/x86_64/CommandLineOptions.o -index-unit-output-path /ReframeCore.build/Debug-iphonesimulator/TrackingKit.build/Objects-normal/x86_64/TrackingReport.o -index-store-path /Users/runner/work/Reframe/Reframe/App/build/Index.noindex/DataStore -index-system-modules

SwiftCompile normal x86_64 /Users/runner/work/Reframe/Reframe/Packages/ReframeCore/Sources/TrackingKit/Output/CommandLineOptions.swift (in target 'TrackingKit' from project 'ReframeCore')
    cd /Users/runner/work/Reframe/Reframe/App/AutoReframe.xcodeproj
    /Applications/Xcode_16.2.app/Contents/Developer/Toolchains/XcodeDefault.xctoolchain/usr/bin/swift-frontend -c -primary-file /Users/runner/work/Reframe/Reframe/Packages/ReframeCore/Sources/TrackingKit/Geometry/BoxMath.swift -primary-file /Users/runner/work/Reframe/Reframe/Packages/ReframeCore/Sources/TrackingKit/Geometry/DisplayMapping.swift -primary-file /Users/runner/work/Reframe/Reframe/Packages/ReframeCore/Sources/TrackingKit/Geometry/Timestamps.swift -primary-file /Users/runner/work/Reframe/Reframe/Packages/ReframeCore/Sources/TrackingKit/Geometry/VisionCoordinates.swift -primary-file /Users/runner/work/Reframe/Reframe/Packages/ReframeCore/Sources/TrackingKit/Output/CommandLineOptions.swift -primary-file /Users/runner/work/Reframe/Reframe/Packages/ReframeCore/Sources/TrackingKit/Output/TrackingReport.swift /Users/runner/work/Reframe/Reframe/Packages/ReframeCore/Sources/TrackingKit/Render/RenderPlanning.swift /Users/runner/work/Reframe/Reframe/Packages/ReframeCore/Sources/TrackingKit/Render/VerticalRenderer.swift /Users/runner/work/Reframe/Reframe/Packages/ReframeCore/Sources/TrackingKit/Selection/Observation.swift /Users/runner/work/Reframe/Reframe/Packages/ReframeCore/Sources/TrackingKit/Selection/SubjectSelector.swift /Users/runner/work/Reframe/Reframe/Packages/ReframeCore/Sources/TrackingKit/Selection/SubjectTracker.swift /Users/runner/work/Reframe/Reframe/Packages/ReframeCore/Sources/TrackingKit/TrackingSettings.swift /Users/runner/work/Reframe/Reframe/Packages/ReframeCore/Sources/TrackingKit/Vision/DebugVideoWriter.swift /Users/runner/work/Reframe/Reframe/Packages/ReframeCore/Sources/TrackingKit/Vision/PersonPreview.swift /Users/runner/work/Reframe/Reframe/Packages/ReframeCore/Sources/TrackingKit/Vision/TrackingPipeline.swift /Users/runner/work/Reframe/Reframe/Packages/ReframeCore/Sources/TrackingKit/Vision/VideoFrameReader.swift /Users/runner/work/Reframe/Reframe/Packages/ReframeCore/Sources/TrackingKit/Vision/VisionComponents.swift -supplementary-output-file-map /Users/runner/work/Reframe/Reframe/App/build/Build/Intermediates.noindex/ReframeCore.build/Debug-iphonesimulator/TrackingKit.build/Objects-normal/x86_64/supplementaryOutputs-19 -target x86_64-apple-ios16.0-simulator -enable-objc-interop -sdk /Applications/Xcode_16.2.app/Contents/Developer/Platforms/iPhoneSimulator.platform/Developer/SDKs/iPhoneSimulator18.2.sdk -I /Users/runner/work/Reframe/Reframe/App/build/Build/Products/Debug-iphonesimulator -I /Applications/Xcode_16.2.app/Contents/Developer/Platforms/iPhoneSimulator.platform/Developer/usr/lib -F /Users/runner/work/Reframe/Reframe/App/build/Build/Products/Debug-iphonesimulator/PackageFrameworks -F /Users/runner/work/Reframe/Reframe/App/build/Build/Products/Debug-iphonesimulator -F /Applications/Xcode_16.2.app/Contents/Developer/Platforms/iPhoneSimulator.platform/Developer/Library/Frameworks -F /Applications/Xcode_16.2.app/Contents/Developer/Platforms/iPhoneSimulator.platform/Developer/SDKs/iPhoneSimulator18.2.sdk/Developer/Library/Frameworks -no-color-diagnostics -enable-testing -g -debug-info-format\=dwarf -dwarf-version\=4 -module-cache-path /Users/runner/work/Reframe/Reframe/App/build/ModuleCache.noindex -swift-version 5 -enforce-exclusivity\=checked -Onone -D SWIFT_PACKAGE -D DEBUG -D Xcode -serialize-debugging-options -const-gather-protocols-file /Users/runner/work/Reframe/Reframe/App/build/Build/Intermediates.noindex/ReframeCore.build/Debug-iphonesimulator/TrackingKit.build/Objects-normal/x86_64/TrackingKit_const_extract_protocols.json -enable-experimental-feature DebugDescriptionMacro -enable-experimental-feature OpaqueTypeErasure -empty-abi-descriptor -plugin-path /Applications/Xcode_16.2.app/Contents/Developer/Toolchains/XcodeDefault.xctoolchain/usr/lib/swift/host/plugins/testing -validate-clang-modules-once -clang-build-session-file /Users/runner/work/Reframe/Reframe/App/build/ModuleCache.noindex/Session.modulevalidation -Xcc -working-directory -Xcc /Users/runner/work/Reframe/Reframe/App/AutoReframe.xcodeproj -resource-dir /Applications/Xcode_16.2.app/Contents/Developer/Toolchains/XcodeDefault.xctoolchain/usr/lib/swift -enable-anonymous-context-mangled-names -file-compilation-dir /Users/runner/work/Reframe/Reframe/App/AutoReframe.xcodeproj -Xcc -D_LIBCPP_HARDENING_MODE\=_LIBCPP_HARDENING_MODE_DEBUG -Xcc -ivfsstatcache -Xcc /Users/runner/work/Reframe/Reframe/App/build/SDKStatCaches.noindex/iphonesimulator18.2-22C146-16b5fc1f628d844b188c57a1ba9d6a81.sdkstatcache -Xcc -I/Users/runner/work/Reframe/Reframe/App/build/Build/Intermediates.noindex/ReframeCore.build/Debug-iphonesimulator/TrackingKit.build/swift-overrides.hmap -Xcc -I/Users/runner/work/Reframe/Reframe/App/build/Build/Products/Debug-iphonesimulator/include -Xcc -I/Users/runner/work/Reframe/Reframe/App/build/Build/Intermediates.noindex/ReframeCore.build/Debug-iphonesimulator/TrackingKit.build/DerivedSources-normal/x86_64 -Xcc -I/Users/runner/work/Reframe/Reframe/App/build/Build/Intermediates.noindex/ReframeCore.build/Debug-iphonesimulator/TrackingKit.build/DerivedSources/x86_64 -Xcc -I/Users/runner/work/Reframe/Reframe/App/build/Build/Intermediates.noindex/ReframeCore.build/Debug-iphonesimulator/TrackingKit.build/DerivedSources -Xcc -DSWIFT_PACKAGE -Xcc -DDEBUG\=1 -module-name TrackingKit -package-name reframecore -frontend-parseable-output -disable-clang-spi -target-sdk-version 18.2 -target-sdk-name iphonesimulator18.2 -external-plugin-path /Applications/Xcode_16.2.app/Contents/Developer/Platforms/iPhoneOS.platform/Developer/usr/lib/swift/host/plugins\#/Applications/Xcode_16.2.app/Contents/Developer/Platforms/iPhoneOS.platform/Developer/usr/bin/swift-plugin-server -external-plugin-path /Applications/Xcode_16.2.app/Contents/Developer/Platforms/iPhoneOS.platform/Developer/usr/local/lib/swift/host/plugins\#/Applications/Xcode_16.2.app/Contents/Developer/Platforms/iPhoneOS.platform/Developer/usr/bin/swift-plugin-server -plugin-path /Applications/Xcode_16.2.app/Contents/Developer/Toolchains/XcodeDefault.xctoolchain/usr/lib/swift/host/plugins -plugin-path /Applications/Xcode_16.2.app/Contents/Developer/Toolchains/XcodeDefault.xctoolchain/usr/local/lib/swift/host/plugins -o /Users/runner/work/Reframe/Reframe/App/build/Build/Intermediates.noindex/ReframeCore.build/Debug-iphonesimulator/TrackingKit.build/Objects-normal/x86_64/BoxMath.o -o /Users/runner/work/Reframe/Reframe/App/build/Build/Intermediates.noindex/ReframeCore.build/Debug-iphonesimulator/TrackingKit.build/Objects-normal/x86_64/DisplayMapping.o -o /Users/runner/work/Reframe/Reframe/App/build/Build/Intermediates.noindex/ReframeCore.build/Debug-iphonesimulator/TrackingKit.build/Objects-normal/x86_64/Timestamps.o -o /Users/runner/work/Reframe/Reframe/App/build/Build/Intermediates.noindex/ReframeCore.build/Debug-iphonesimulator/TrackingKit.build/Objects-normal/x86_64/VisionCoordinates.o -o /Users/runner/work/Reframe/Reframe/App/build/Build/Intermediates.noindex/ReframeCore.build/Debug-iphonesimulator/TrackingKit.build/Objects-normal/x86_64/CommandLineOptions.o -o /Users/runner/work/Reframe/Reframe/App/build/Build/Intermediates.noindex/ReframeCore.build/Debug-iphonesimulator/TrackingKit.build/Objects-normal/x86_64/TrackingReport.o -index-unit-output-path /ReframeCore.build/Debug-iphonesimulator/TrackingKit.build/Objects-normal/x86_64/BoxMath.o -index-unit-output-path /ReframeCore.build/Debug-iphonesimulator/TrackingKit.build/Objects-normal/x86_64/DisplayMapping.o -index-unit-output-path /ReframeCore.build/Debug-iphonesimulator/TrackingKit.build/Objects-normal/x86_64/Timestamps.o -index-unit-output-path /ReframeCore.build/Debug-iphonesimulator/TrackingKit.build/Objects-normal/x86_64/VisionCoordinates.o -index-unit-output-path /ReframeCore.build/Debug-iphonesimulator/TrackingKit.build/Objects-normal/x86_64/CommandLineOptions.o -index-unit-output-path /ReframeCore.build/Debug-iphonesimulator/TrackingKit.build/Objects-normal/x86_64/TrackingReport.o -index-store-path /Users/runner/work/Reframe/Reframe/App/build/Index.noindex/DataStore -index-system-modules

SwiftCompile normal x86_64 /Users/runner/work/Reframe/Reframe/Packages/ReframeCore/Sources/TrackingKit/Output/TrackingReport.swift (in target 'TrackingKit' from project 'ReframeCore')
    cd /Users/runner/work/Reframe/Reframe/App/AutoReframe.xcodeproj
    /Applications/Xcode_16.2.app/Contents/Developer/Toolchains/XcodeDefault.xctoolchain/usr/bin/swift-frontend -c -primary-file /Users/runner/work/Reframe/Reframe/Packages/ReframeCore/Sources/TrackingKit/Geometry/BoxMath.swift -primary-file /Users/runner/work/Reframe/Reframe/Packages/ReframeCore/Sources/TrackingKit/Geometry/DisplayMapping.swift -primary-file /Users/runner/work/Reframe/Reframe/Packages/ReframeCore/Sources/TrackingKit/Geometry/Timestamps.swift -primary-file /Users/runner/work/Reframe/Reframe/Packages/ReframeCore/Sources/TrackingKit/Geometry/VisionCoordinates.swift -primary-file /Users/runner/work/Reframe/Reframe/Packages/ReframeCore/Sources/TrackingKit/Output/CommandLineOptions.swift -primary-file /Users/runner/work/Reframe/Reframe/Packages/ReframeCore/Sources/TrackingKit/Output/TrackingReport.swift /Users/runner/work/Reframe/Reframe/Packages/ReframeCore/Sources/TrackingKit/Render/RenderPlanning.swift /Users/runner/work/Reframe/Reframe/Packages/ReframeCore/Sources/TrackingKit/Render/VerticalRenderer.swift /Users/runner/work/Reframe/Reframe/Packages/ReframeCore/Sources/TrackingKit/Selection/Observation.swift /Users/runner/work/Reframe/Reframe/Packages/ReframeCore/Sources/TrackingKit/Selection/SubjectSelector.swift /Users/runner/work/Reframe/Reframe/Packages/ReframeCore/Sources/TrackingKit/Selection/SubjectTracker.swift /Users/runner/work/Reframe/Reframe/Packages/ReframeCore/Sources/TrackingKit/TrackingSettings.swift /Users/runner/work/Reframe/Reframe/Packages/ReframeCore/Sources/TrackingKit/Vision/DebugVideoWriter.swift /Users/runner/work/Reframe/Reframe/Packages/ReframeCore/Sources/TrackingKit/Vision/PersonPreview.swift /Users/runner/work/Reframe/Reframe/Packages/ReframeCore/Sources/TrackingKit/Vision/TrackingPipeline.swift /Users/runner/work/Reframe/Reframe/Packages/ReframeCore/Sources/TrackingKit/Vision/VideoFrameReader.swift /Users/runner/work/Reframe/Reframe/Packages/ReframeCore/Sources/TrackingKit/Vision/VisionComponents.swift -supplementary-output-file-map /Users/runner/work/Reframe/Reframe/App/build/Build/Intermediates.noindex/ReframeCore.build/Debug-iphonesimulator/TrackingKit.build/Objects-normal/x86_64/supplementaryOutputs-19 -target x86_64-apple-ios16.0-simulator -enable-objc-interop -sdk /Applications/Xcode_16.2.app/Contents/Developer/Platforms/iPhoneSimulator.platform/Developer/SDKs/iPhoneSimulator18.2.sdk -I /Users/runner/work/Reframe/Reframe/App/build/Build/Products/Debug-iphonesimulator -I /Applications/Xcode_16.2.app/Contents/Developer/Platforms/iPhoneSimulator.platform/Developer/usr/lib -F /Users/runner/work/Reframe/Reframe/App/build/Build/Products/Debug-iphonesimulator/PackageFrameworks -F /Users/runner/work/Reframe/Reframe/App/build/Build/Products/Debug-iphonesimulator -F /Applications/Xcode_16.2.app/Contents/Developer/Platforms/iPhoneSimulator.platform/Developer/Library/Frameworks -F /Applications/Xcode_16.2.app/Contents/Developer/Platforms/iPhoneSimulator.platform/Developer/SDKs/iPhoneSimulator18.2.sdk/Developer/Library/Frameworks -no-color-diagnostics -enable-testing -g -debug-info-format\=dwarf -dwarf-version\=4 -module-cache-path /Users/runner/work/Reframe/Reframe/App/build/ModuleCache.noindex -swift-version 5 -enforce-exclusivity\=checked -Onone -D SWIFT_PACKAGE -D DEBUG -D Xcode -serialize-debugging-options -const-gather-protocols-file /Users/runner/work/Reframe/Reframe/App/build/Build/Intermediates.noindex/ReframeCore.build/Debug-iphonesimulator/TrackingKit.build/Objects-normal/x86_64/TrackingKit_const_extract_protocols.json -enable-experimental-feature DebugDescriptionMacro -enable-experimental-feature OpaqueTypeErasure -empty-abi-descriptor -plugin-path /Applications/Xcode_16.2.app/Contents/Developer/Toolchains/XcodeDefault.xctoolchain/usr/lib/swift/host/plugins/testing -validate-clang-modules-once -clang-build-session-file /Users/runner/work/Reframe/Reframe/App/build/ModuleCache.noindex/Session.modulevalidation -Xcc -working-directory -Xcc /Users/runner/work/Reframe/Reframe/App/AutoReframe.xcodeproj -resource-dir /Applications/Xcode_16.2.app/Contents/Developer/Toolchains/XcodeDefault.xctoolchain/usr/lib/swift -enable-anonymous-context-mangled-names -file-compilation-dir /Users/runner/work/Reframe/Reframe/App/AutoReframe.xcodeproj -Xcc -D_LIBCPP_HARDENING_MODE\=_LIBCPP_HARDENING_MODE_DEBUG -Xcc -ivfsstatcache -Xcc /Users/runner/work/Reframe/Reframe/App/build/SDKStatCaches.noindex/iphonesimulator18.2-22C146-16b5fc1f628d844b188c57a1ba9d6a81.sdkstatcache -Xcc -I/Users/runner/work/Reframe/Reframe/App/build/Build/Intermediates.noindex/ReframeCore.build/Debug-iphonesimulator/TrackingKit.build/swift-overrides.hmap -Xcc -I/Users/runner/work/Reframe/Reframe/App/build/Build/Products/Debug-iphonesimulator/include -Xcc -I/Users/runner/work/Reframe/Reframe/App/build/Build/Intermediates.noindex/ReframeCore.build/Debug-iphonesimulator/TrackingKit.build/DerivedSources-normal/x86_64 -Xcc -I/Users/runner/work/Reframe/Reframe/App/build/Build/Intermediates.noindex/ReframeCore.build/Debug-iphonesimulator/TrackingKit.build/DerivedSources/x86_64 -Xcc -I/Users/runner/work/Reframe/Reframe/App/build/Build/Intermediates.noindex/ReframeCore.build/Debug-iphonesimulator/TrackingKit.build/DerivedSources -Xcc -DSWIFT_PACKAGE -Xcc -DDEBUG\=1 -module-name TrackingKit -package-name reframecore -frontend-parseable-output -disable-clang-spi -target-sdk-version 18.2 -target-sdk-name iphonesimulator18.2 -external-plugin-path /Applications/Xcode_16.2.app/Contents/Developer/Platforms/iPhoneOS.platform/Developer/usr/lib/swift/host/plugins\#/Applications/Xcode_16.2.app/Contents/Developer/Platforms/iPhoneOS.platform/Developer/usr/bin/swift-plugin-server -external-plugin-path /Applications/Xcode_16.2.app/Contents/Developer/Platforms/iPhoneOS.platform/Developer/usr/local/lib/swift/host/plugins\#/Applications/Xcode_16.2.app/Contents/Developer/Platforms/iPhoneOS.platform/Developer/usr/bin/swift-plugin-server -plugin-path /Applications/Xcode_16.2.app/Contents/Developer/Toolchains/XcodeDefault.xctoolchain/usr/lib/swift/host/plugins -plugin-path /Applications/Xcode_16.2.app/Contents/Developer/Toolchains/XcodeDefault.xctoolchain/usr/local/lib/swift/host/plugins -o /Users/runner/work/Reframe/Reframe/App/build/Build/Intermediates.noindex/ReframeCore.build/Debug-iphonesimulator/TrackingKit.build/Objects-normal/x86_64/BoxMath.o -o /Users/runner/work/Reframe/Reframe/App/build/Build/Intermediates.noindex/ReframeCore.build/Debug-iphonesimulator/TrackingKit.build/Objects-normal/x86_64/DisplayMapping.o -o /Users/runner/work/Reframe/Reframe/App/build/Build/Intermediates.noindex/ReframeCore.build/Debug-iphonesimulator/TrackingKit.build/Objects-normal/x86_64/Timestamps.o -o /Users/runner/work/Reframe/Reframe/App/build/Build/Intermediates.noindex/ReframeCore.build/Debug-iphonesimulator/TrackingKit.build/Objects-normal/x86_64/VisionCoordinates.o -o /Users/runner/work/Reframe/Reframe/App/build/Build/Intermediates.noindex/ReframeCore.build/Debug-iphonesimulator/TrackingKit.build/Objects-normal/x86_64/CommandLineOptions.o -o /Users/runner/work/Reframe/Reframe/App/build/Build/Intermediates.noindex/ReframeCore.build/Debug-iphonesimulator/TrackingKit.build/Objects-normal/x86_64/TrackingReport.o -index-unit-output-path /ReframeCore.build/Debug-iphonesimulator/TrackingKit.build/Objects-normal/x86_64/BoxMath.o -index-unit-output-path /ReframeCore.build/Debug-iphonesimulator/TrackingKit.build/Objects-normal/x86_64/DisplayMapping.o -index-unit-output-path /ReframeCore.build/Debug-iphonesimulator/TrackingKit.build/Objects-normal/x86_64/Timestamps.o -index-unit-output-path /ReframeCore.build/Debug-iphonesimulator/TrackingKit.build/Objects-normal/x86_64/VisionCoordinates.o -index-unit-output-path /ReframeCore.build/Debug-iphonesimulator/TrackingKit.build/Objects-normal/x86_64/CommandLineOptions.o -index-unit-output-path /ReframeCore.build/Debug-iphonesimulator/TrackingKit.build/Objects-normal/x86_64/TrackingReport.o -index-store-path /Users/runner/work/Reframe/Reframe/App/build/Index.noindex/DataStore -index-system-modules

SwiftDriverJobDiscovery normal arm64 Emitting module for TrackingKit (in target 'TrackingKit' from project 'ReframeCore')

SwiftDriverJobDiscovery normal x86_64 Emitting module for TrackingKit (in target 'TrackingKit' from project 'ReframeCore')

SwiftDriver\ Compilation\ Requirements TrackingKit normal arm64 com.apple.xcode.tools.swift.compiler (in target 'TrackingKit' from project 'ReframeCore')
    cd /Users/runner/work/Reframe/Reframe/App/AutoReframe.xcodeproj
    builtin-Swift-Compilation-Requirements -- /Applications/Xcode_16.2.app/Contents/Developer/Toolchains/XcodeDefault.xctoolchain/usr/bin/swiftc -module-name TrackingKit -Onone -enforce-exclusivity\=checked @/Users/runner/work/Reframe/Reframe/App/build/Build/Intermediates.noindex/ReframeCore.build/Debug-iphonesimulator/TrackingKit.build/Objects-normal/arm64/TrackingKit.SwiftFileList -DSWIFT_PACKAGE -DDEBUG -DXcode -plugin-path /Applications/Xcode_16.2.app/Contents/Developer/Toolchains/XcodeDefault.xctoolchain/usr/lib/swift/host/plugins/testing -enable-experimental-feature DebugDescriptionMacro -sdk /Applications/Xcode_16.2.app/Contents/Developer/Platforms/iPhoneSimulator.platform/Developer/SDKs/iPhoneSimulator18.2.sdk -target arm64-apple-ios16.0-simulator -g -module-cache-path /Users/runner/work/Reframe/Reframe/App/build/ModuleCache.noindex -Xfrontend -serialize-debugging-options -enable-testing -index-store-path /Users/runner/work/Reframe/Reframe/App/build/Index.noindex/DataStore -enable-experimental-feature OpaqueTypeErasure -Xcc -D_LIBCPP_HARDENING_MODE\=_LIBCPP_HARDENING_MODE_DEBUG -swift-version 5 -I /Users/runner/work/Reframe/Reframe/App/build/Build/Products/Debug-iphonesimulator -I /Applications/Xcode_16.2.app/Contents/Developer/Platforms/iPhoneSimulator.platform/Developer/usr/lib -F /Users/runner/work/Reframe/Reframe/App/build/Build/Products/Debug-iphonesimulator/PackageFrameworks -F /Users/runner/work/Reframe/Reframe/App/build/Build/Products/Debug-iphonesimulator -F /Applications/Xcode_16.2.app/Contents/Developer/Platforms/iPhoneSimulator.platform/Developer/Library/Frameworks -F /Applications/Xcode_16.2.app/Contents/Developer/Platforms/iPhoneSimulator.platform/Developer/SDKs/iPhoneSimulator18.2.sdk/Developer/Library/Frameworks -c -j3 -enable-batch-mode -incremental -Xcc -ivfsstatcache -Xcc /Users/runner/work/Reframe/Reframe/App/build/SDKStatCaches.noindex/iphonesimulator18.2-22C146-16b5fc1f628d844b188c57a1ba9d6a81.sdkstatcache -output-file-map /Users/runner/work/Reframe/Reframe/App/build/Build/Intermediates.noindex/ReframeCore.build/Debug-iphonesimulator/TrackingKit.build/Objects-normal/arm64/TrackingKit-OutputFileMap.json -use-frontend-parseable-output -save-temps -no-color-diagnostics -serialize-diagnostics -emit-dependencies -emit-module -emit-module-path /Users/runner/work/Reframe/Reframe/App/build/Build/Intermediates.noindex/ReframeCore.build/Debug-iphonesimulator/TrackingKit.build/Objects-normal/arm64/TrackingKit.swiftmodule -validate-clang-modules-once -clang-build-session-file /Users/runner/work/Reframe/Reframe/App/build/ModuleCache.noindex/Session.modulevalidation -package-name reframecore -Xcc -I/Users/runner/work/Reframe/Reframe/App/build/Build/Intermediates.noindex/ReframeCore.build/Debug-iphonesimulator/TrackingKit.build/swift-overrides.hmap -emit-const-values -Xfrontend -const-gather-protocols-file -Xfrontend /Users/runner/work/Reframe/Reframe/App/build/Build/Intermediates.noindex/ReframeCore.build/Debug-iphonesimulator/TrackingKit.build/Objects-normal/arm64/TrackingKit_const_extract_protocols.json -Xcc -I/Users/runner/work/Reframe/Reframe/App/build/Build/Products/Debug-iphonesimulator/include -Xcc -I/Users/runner/work/Reframe/Reframe/App/build/Build/Intermediates.noindex/ReframeCore.build/Debug-iphonesimulator/TrackingKit.build/DerivedSources-normal/arm64 -Xcc -I/Users/runner/work/Reframe/Reframe/App/build/Build/Intermediates.noindex/ReframeCore.build/Debug-iphonesimulator/TrackingKit.build/DerivedSources/arm64 -Xcc -I/Users/runner/work/Reframe/Reframe/App/build/Build/Intermediates.noindex/ReframeCore.build/Debug-iphonesimulator/TrackingKit.build/DerivedSources -Xcc -DSWIFT_PACKAGE -Xcc -DDEBUG\=1 -emit-objc-header -emit-objc-header-path /Users/runner/work/Reframe/Reframe/App/build/Build/Intermediates.noindex/ReframeCore.build/Debug-iphonesimulator/TrackingKit.build/Objects-normal/arm64/TrackingKit-Swift.h -working-directory /Users/runner/work/Reframe/Reframe/App/AutoReframe.xcodeproj -experimental-emit-module-separately -disable-cmo

SwiftDriver\ Compilation\ Requirements TrackingKit normal x86_64 com.apple.xcode.tools.swift.compiler (in target 'TrackingKit' from project 'ReframeCore')
    cd /Users/runner/work/Reframe/Reframe/App/AutoReframe.xcodeproj
    builtin-Swift-Compilation-Requirements -- /Applications/Xcode_16.2.app/Contents/Developer/Toolchains/XcodeDefault.xctoolchain/usr/bin/swiftc -module-name TrackingKit -Onone -enforce-exclusivity\=checked @/Users/runner/work/Reframe/Reframe/App/build/Build/Intermediates.noindex/ReframeCore.build/Debug-iphonesimulator/TrackingKit.build/Objects-normal/x86_64/TrackingKit.SwiftFileList -DSWIFT_PACKAGE -DDEBUG -DXcode -plugin-path /Applications/Xcode_16.2.app/Contents/Developer/Toolchains/XcodeDefault.xctoolchain/usr/lib/swift/host/plugins/testing -enable-experimental-feature DebugDescriptionMacro -sdk /Applications/Xcode_16.2.app/Contents/Developer/Platforms/iPhoneSimulator.platform/Developer/SDKs/iPhoneSimulator18.2.sdk -target x86_64-apple-ios16.0-simulator -g -module-cache-path /Users/runner/work/Reframe/Reframe/App/build/ModuleCache.noindex -Xfrontend -serialize-debugging-options -enable-testing -index-store-path /Users/runner/work/Reframe/Reframe/App/build/Index.noindex/DataStore -enable-experimental-feature OpaqueTypeErasure -Xcc -D_LIBCPP_HARDENING_MODE\=_LIBCPP_HARDENING_MODE_DEBUG -swift-version 5 -I /Users/runner/work/Reframe/Reframe/App/build/Build/Products/Debug-iphonesimulator -I /Applications/Xcode_16.2.app/Contents/Developer/Platforms/iPhoneSimulator.platform/Developer/usr/lib -F /Users/runner/work/Reframe/Reframe/App/build/Build/Products/Debug-iphonesimulator/PackageFrameworks -F /Users/runner/work/Reframe/Reframe/App/build/Build/Products/Debug-iphonesimulator -F /Applications/Xcode_16.2.app/Contents/Developer/Platforms/iPhoneSimulator.platform/Developer/Library/Frameworks -F /Applications/Xcode_16.2.app/Contents/Developer/Platforms/iPhoneSimulator.platform/Developer/SDKs/iPhoneSimulator18.2.sdk/Developer/Library/Frameworks -c -j3 -enable-batch-mode -incremental -Xcc -ivfsstatcache -Xcc /Users/runner/work/Reframe/Reframe/App/build/SDKStatCaches.noindex/iphonesimulator18.2-22C146-16b5fc1f628d844b188c57a1ba9d6a81.sdkstatcache -output-file-map /Users/runner/work/Reframe/Reframe/App/build/Build/Intermediates.noindex/ReframeCore.build/Debug-iphonesimulator/TrackingKit.build/Objects-normal/x86_64/TrackingKit-OutputFileMap.json -use-frontend-parseable-output -save-temps -no-color-diagnostics -serialize-diagnostics -emit-dependencies -emit-module -emit-module-path /Users/runner/work/Reframe/Reframe/App/build/Build/Intermediates.noindex/ReframeCore.build/Debug-iphonesimulator/TrackingKit.build/Objects-normal/x86_64/TrackingKit.swiftmodule -validate-clang-modules-once -clang-build-session-file /Users/runner/work/Reframe/Reframe/App/build/ModuleCache.noindex/Session.modulevalidation -package-name reframecore -Xcc -I/Users/runner/work/Reframe/Reframe/App/build/Build/Intermediates.noindex/ReframeCore.build/Debug-iphonesimulator/TrackingKit.build/swift-overrides.hmap -emit-const-values -Xfrontend -const-gather-protocols-file -Xfrontend /Users/runner/work/Reframe/Reframe/App/build/Build/Intermediates.noindex/ReframeCore.build/Debug-iphonesimulator/TrackingKit.build/Objects-normal/x86_64/TrackingKit_const_extract_protocols.json -Xcc -I/Users/runner/work/Reframe/Reframe/App/build/Build/Products/Debug-iphonesimulator/include -Xcc -I/Users/runner/work/Reframe/Reframe/App/build/Build/Intermediates.noindex/ReframeCore.build/Debug-iphonesimulator/TrackingKit.build/DerivedSources-normal/x86_64 -Xcc -I/Users/runner/work/Reframe/Reframe/App/build/Build/Intermediates.noindex/ReframeCore.build/Debug-iphonesimulator/TrackingKit.build/DerivedSources/x86_64 -Xcc -I/Users/runner/work/Reframe/Reframe/App/build/Build/Intermediates.noindex/ReframeCore.build/Debug-iphonesimulator/TrackingKit.build/DerivedSources -Xcc -DSWIFT_PACKAGE -Xcc -DDEBUG\=1 -emit-objc-header -emit-objc-header-path /Users/runner/work/Reframe/Reframe/App/build/Build/Intermediates.noindex/ReframeCore.build/Debug-iphonesimulator/TrackingKit.build/Objects-normal/x86_64/TrackingKit-Swift.h -working-directory /Users/runner/work/Reframe/Reframe/App/AutoReframe.xcodeproj -experimental-emit-module-separately -disable-cmo

Copy /Users/runner/work/Reframe/Reframe/App/build/Build/Products/Debug-iphonesimulator/TrackingKit.swiftmodule/arm64-apple-ios-simulator.swiftmodule /Users/runner/work/Reframe/Reframe/App/build/Build/Intermediates.noindex/ReframeCore.build/Debug-iphonesimulator/TrackingKit.build/Objects-normal/arm64/TrackingKit.swiftmodule (in target 'TrackingKit' from project 'ReframeCore')
    cd /Users/runner/work/Reframe/Reframe/Packages/ReframeCore
    builtin-copy -exclude .DS_Store -exclude CVS -exclude .svn -exclude .git -exclude .hg -resolve-src-symlinks -rename /Users/runner/work/Reframe/Reframe/App/build/Build/Intermediates.noindex/ReframeCore.build/Debug-iphonesimulator/TrackingKit.build/Objects-normal/arm64/TrackingKit.swiftmodule /Users/runner/work/Reframe/Reframe/App/build/Build/Products/Debug-iphonesimulator/TrackingKit.swiftmodule/arm64-apple-ios-simulator.swiftmodule

SwiftMergeGeneratedHeaders /Users/runner/work/Reframe/Reframe/App/build/Build/Intermediates.noindex/GeneratedModuleMaps-iphonesimulator/TrackingKit-Swift.h /Users/runner/work/Reframe/Reframe/App/build/Build/Intermediates.noindex/ReframeCore.build/Debug-iphonesimulator/TrackingKit.build/Objects-normal/arm64/TrackingKit-Swift.h /Users/runner/work/Reframe/Reframe/App/build/Build/Intermediates.noindex/ReframeCore.build/Debug-iphonesimulator/TrackingKit.build/Objects-normal/x86_64/TrackingKit-Swift.h (in target 'TrackingKit' from project 'ReframeCore')
    cd /Users/runner/work/Reframe/Reframe/Packages/ReframeCore
    builtin-swiftHeaderTool -arch arm64 /Users/runner/work/Reframe/Reframe/App/build/Build/Intermediates.noindex/ReframeCore.build/Debug-iphonesimulator/TrackingKit.build/Objects-normal/arm64/TrackingKit-Swift.h -arch x86_64 /Users/runner/work/Reframe/Reframe/App/build/Build/Intermediates.noindex/ReframeCore.build/Debug-iphonesimulator/TrackingKit.build/Objects-normal/x86_64/TrackingKit-Swift.h -o /Users/runner/work/Reframe/Reframe/App/build/Build/Intermediates.noindex/GeneratedModuleMaps-iphonesimulator/TrackingKit-Swift.h

Copy /Users/runner/work/Reframe/Reframe/App/build/Build/Products/Debug-iphonesimulator/TrackingKit.swiftmodule/x86_64-apple-ios-simulator.swiftmodule /Users/runner/work/Reframe/Reframe/App/build/Build/Intermediates.noindex/ReframeCore.build/Debug-iphonesimulator/TrackingKit.build/Objects-normal/x86_64/TrackingKit.swiftmodule (in target 'TrackingKit' from project 'ReframeCore')
    cd /Users/runner/work/Reframe/Reframe/Packages/ReframeCore
    builtin-copy -exclude .DS_Store -exclude CVS -exclude .svn -exclude .git -exclude .hg -resolve-src-symlinks -rename /Users/runner/work/Reframe/Reframe/App/build/Build/Intermediates.noindex/ReframeCore.build/Debug-iphonesimulator/TrackingKit.build/Objects-normal/x86_64/TrackingKit.swiftmodule /Users/runner/work/Reframe/Reframe/App/build/Build/Products/Debug-iphonesimulator/TrackingKit.swiftmodule/x86_64-apple-ios-simulator.swiftmodule

Copy /Users/runner/work/Reframe/Reframe/App/build/Build/Products/Debug-iphonesimulator/TrackingKit.swiftmodule/x86_64-apple-ios-simulator.swiftdoc /Users/runner/work/Reframe/Reframe/App/build/Build/Intermediates.noindex/ReframeCore.build/Debug-iphonesimulator/TrackingKit.build/Objects-normal/x86_64/TrackingKit.swiftdoc (in target 'TrackingKit' from project 'ReframeCore')
    cd /Users/runner/work/Reframe/Reframe/Packages/ReframeCore
    builtin-copy -exclude .DS_Store -exclude CVS -exclude .svn -exclude .git -exclude .hg -resolve-src-symlinks -rename /Users/runner/work/Reframe/Reframe/App/build/Build/Intermediates.noindex/ReframeCore.build/Debug-iphonesimulator/TrackingKit.build/Objects-normal/x86_64/TrackingKit.swiftdoc /Users/runner/work/Reframe/Reframe/App/build/Build/Products/Debug-iphonesimulator/TrackingKit.swiftmodule/x86_64-apple-ios-simulator.swiftdoc

Copy /Users/runner/work/Reframe/Reframe/App/build/Build/Products/Debug-iphonesimulator/TrackingKit.swiftmodule/x86_64-apple-ios-simulator.abi.json /Users/runner/work/Reframe/Reframe/App/build/Build/Intermediates.noindex/ReframeCore.build/Debug-iphonesimulator/TrackingKit.build/Objects-normal/x86_64/TrackingKit.abi.json (in target 'TrackingKit' from project 'ReframeCore')
    cd /Users/runner/work/Reframe/Reframe/Packages/ReframeCore
    builtin-copy -exclude .DS_Store -exclude CVS -exclude .svn -exclude .git -exclude .hg -resolve-src-symlinks -rename /Users/runner/work/Reframe/Reframe/App/build/Build/Intermediates.noindex/ReframeCore.build/Debug-iphonesimulator/TrackingKit.build/Objects-normal/x86_64/TrackingKit.abi.json /Users/runner/work/Reframe/Reframe/App/build/Build/Products/Debug-iphonesimulator/TrackingKit.swiftmodule/x86_64-apple-ios-simulator.abi.json

Copy /Users/runner/work/Reframe/Reframe/App/build/Build/Products/Debug-iphonesimulator/TrackingKit.swiftmodule/arm64-apple-ios-simulator.swiftdoc /Users/runner/work/Reframe/Reframe/App/build/Build/Intermediates.noindex/ReframeCore.build/Debug-iphonesimulator/TrackingKit.build/Objects-normal/arm64/TrackingKit.swiftdoc (in target 'TrackingKit' from project 'ReframeCore')
    cd /Users/runner/work/Reframe/Reframe/Packages/ReframeCore
    builtin-copy -exclude .DS_Store -exclude CVS -exclude .svn -exclude .git -exclude .hg -resolve-src-symlinks -rename /Users/runner/work/Reframe/Reframe/App/build/Build/Intermediates.noindex/ReframeCore.build/Debug-iphonesimulator/TrackingKit.build/Objects-normal/arm64/TrackingKit.swiftdoc /Users/runner/work/Reframe/Reframe/App/build/Build/Products/Debug-iphonesimulator/TrackingKit.swiftmodule/arm64-apple-ios-simulator.swiftdoc

Copy /Users/runner/work/Reframe/Reframe/App/build/Build/Products/Debug-iphonesimulator/TrackingKit.swiftmodule/arm64-apple-ios-simulator.abi.json /Users/runner/work/Reframe/Reframe/App/build/Build/Intermediates.noindex/ReframeCore.build/Debug-iphonesimulator/TrackingKit.build/Objects-normal/arm64/TrackingKit.abi.json (in target 'TrackingKit' from project 'ReframeCore')
    cd /Users/runner/work/Reframe/Reframe/Packages/ReframeCore
    builtin-copy -exclude .DS_Store -exclude CVS -exclude .svn -exclude .git -exclude .hg -resolve-src-symlinks -rename /Users/runner/work/Reframe/Reframe/App/build/Build/Intermediates.noindex/ReframeCore.build/Debug-iphonesimulator/TrackingKit.build/Objects-normal/arm64/TrackingKit.abi.json /Users/runner/work/Reframe/Reframe/App/build/Build/Products/Debug-iphonesimulator/TrackingKit.swiftmodule/arm64-apple-ios-simulator.abi.json

Copy /Users/runner/work/Reframe/Reframe/App/build/Build/Products/Debug-iphonesimulator/TrackingKit.swiftmodule/Project/x86_64-apple-ios-simulator.swiftsourceinfo /Users/runner/work/Reframe/Reframe/App/build/Build/Intermediates.noindex/ReframeCore.build/Debug-iphonesimulator/TrackingKit.build/Objects-normal/x86_64/TrackingKit.swiftsourceinfo (in target 'TrackingKit' from project 'ReframeCore')
    cd /Users/runner/work/Reframe/Reframe/Packages/ReframeCore
    builtin-copy -exclude .DS_Store -exclude CVS -exclude .svn -exclude .git -exclude .hg -resolve-src-symlinks -rename /Users/runner/work/Reframe/Reframe/App/build/Build/Intermediates.noindex/ReframeCore.build/Debug-iphonesimulator/TrackingKit.build/Objects-normal/x86_64/TrackingKit.swiftsourceinfo /Users/runner/work/Reframe/Reframe/App/build/Build/Products/Debug-iphonesimulator/TrackingKit.swiftmodule/Project/x86_64-apple-ios-simulator.swiftsourceinfo

Copy /Users/runner/work/Reframe/Reframe/App/build/Build/Products/Debug-iphonesimulator/TrackingKit.swiftmodule/Project/arm64-apple-ios-simulator.swiftsourceinfo /Users/runner/work/Reframe/Reframe/App/build/Build/Intermediates.noindex/ReframeCore.build/Debug-iphonesimulator/TrackingKit.build/Objects-normal/arm64/TrackingKit.swiftsourceinfo (in target 'TrackingKit' from project 'ReframeCore')
    cd /Users/runner/work/Reframe/Reframe/Packages/ReframeCore
    builtin-copy -exclude .DS_Store -exclude CVS -exclude .svn -exclude .git -exclude .hg -resolve-src-symlinks -rename /Users/runner/work/Reframe/Reframe/App/build/Build/Intermediates.noindex/ReframeCore.build/Debug-iphonesimulator/TrackingKit.build/Objects-normal/arm64/TrackingKit.swiftsourceinfo /Users/runner/work/Reframe/Reframe/App/build/Build/Products/Debug-iphonesimulator/TrackingKit.swiftmodule/Project/arm64-apple-ios-simulator.swiftsourceinfo

SwiftCompile normal x86_64 Compiling\ RenderPlanning.swift,\ VerticalRenderer.swift,\ Observation.swift,\ SubjectSelector.swift,\ SubjectTracker.swift,\ TrackingSettings.swift /Users/runner/work/Reframe/Reframe/Packages/ReframeCore/Sources/TrackingKit/Render/RenderPlanning.swift /Users/runner/work/Reframe/Reframe/Packages/ReframeCore/Sources/TrackingKit/Render/VerticalRenderer.swift /Users/runner/work/Reframe/Reframe/Packages/ReframeCore/Sources/TrackingKit/Selection/Observation.swift /Users/runner/work/Reframe/Reframe/Packages/ReframeCore/Sources/TrackingKit/Selection/SubjectSelector.swift /Users/runner/work/Reframe/Reframe/Packages/ReframeCore/Sources/TrackingKit/Selection/SubjectTracker.swift /Users/runner/work/Reframe/Reframe/Packages/ReframeCore/Sources/TrackingKit/TrackingSettings.swift (in target 'TrackingKit' from project 'ReframeCore')
    cd /Users/runner/work/Reframe/Reframe/App/AutoReframe.xcodeproj
    builtin-swiftTaskExecution -- /Applications/Xcode_16.2.app/Contents/Developer/Toolchains/XcodeDefault.xctoolchain/usr/bin/swift-frontend -frontend -c /Users/runner/work/Reframe/Reframe/Packages/ReframeCore/Sources/TrackingKit/Geometry/BoxMath.swift /Users/runner/work/Reframe/Reframe/Packages/ReframeCore/Sources/TrackingKit/Geometry/DisplayMapping.swift /Users/runner/work/Reframe/Reframe/Packages/ReframeCore/Sources/TrackingKit/Geometry/Timestamps.swift /Users/runner/work/Reframe/Reframe/Packages/ReframeCore/Sources/TrackingKit/Geometry/VisionCoordinates.swift /Users/runner/work/Reframe/Reframe/Packages/ReframeCore/Sources/TrackingKit/Output/CommandLineOptions.swift /Users/runner/work/Reframe/Reframe/Packages/ReframeCore/Sources/TrackingKit/Output/TrackingReport.swift -primary-file /Users/runner/work/Reframe/Reframe/Packages/ReframeCore/Sources/TrackingKit/Render/RenderPlanning.swift -primary-file /Users/runner/work/Reframe/Reframe/Packages/ReframeCore/Sources/TrackingKit/Render/VerticalRenderer.swift -primary-file /Users/runner/work/Reframe/Reframe/Packages/ReframeCore/Sources/TrackingKit/Selection/Observation.swift -primary-file /Users/runner/work/Reframe/Reframe/Packages/ReframeCore/Sources/TrackingKit/Selection/SubjectSelector.swift -primary-file /Users/runner/work/Reframe/Reframe/Packages/ReframeCore/Sources/TrackingKit/Selection/SubjectTracker.swift -primary-file /Users/runner/work/Reframe/Reframe/Packages/ReframeCore/Sources/TrackingKit/TrackingSettings.swift /Users/runner/work/Reframe/Reframe/Packages/ReframeCore/Sources/TrackingKit/Vision/DebugVideoWriter.swift /Users/runner/work/Reframe/Reframe/Packages/ReframeCore/Sources/TrackingKit/Vision/PersonPreview.swift /Users/runner/work/Reframe/Reframe/Packages/ReframeCore/Sources/TrackingKit/Vision/TrackingPipeline.swift /Users/runner/work/Reframe/Reframe/Packages/ReframeCore/Sources/TrackingKit/Vision/VideoFrameReader.swift /Users/runner/work/Reframe/Reframe/Packages/ReframeCore/Sources/TrackingKit/Vision/VisionComponents.swift -supplementary-output-file-map /Users/runner/work/Reframe/Reframe/App/build/Build/Intermediates.noindex/ReframeCore.build/Debug-iphonesimulator/TrackingKit.build/Objects-normal/x86_64/supplementaryOutputs-20 -target x86_64-apple-ios16.0-simulator -enable-objc-interop -sdk /Applications/Xcode_16.2.app/Contents/Developer/Platforms/iPhoneSimulator.platform/Developer/SDKs/iPhoneSimulator18.2.sdk -I /Users/runner/work/Reframe/Reframe/App/build/Build/Products/Debug-iphonesimulator -I /Applications/Xcode_16.2.app/Contents/Developer/Platforms/iPhoneSimulator.platform/Developer/usr/lib -F /Users/runner/work/Reframe/Reframe/App/build/Build/Products/Debug-iphonesimulator/PackageFrameworks -F /Users/runner/work/Reframe/Reframe/App/build/Build/Products/Debug-iphonesimulator -F /Applications/Xcode_16.2.app/Contents/Developer/Platforms/iPhoneSimulator.platform/Developer/Library/Frameworks -F /Applications/Xcode_16.2.app/Contents/Developer/Platforms/iPhoneSimulator.platform/Developer/SDKs/iPhoneSimulator18.2.sdk/Developer/Library/Frameworks -no-color-diagnostics -enable-testing -g -debug-info-format\=dwarf -dwarf-version\=4 -module-cache-path /Users/runner/work/Reframe/Reframe/App/build/ModuleCache.noindex -swift-version 5 -enforce-exclusivity\=checked -Onone -D SWIFT_PACKAGE -D DEBUG -D Xcode -serialize-debugging-options -const-gather-protocols-file /Users/runner/work/Reframe/Reframe/App/build/Build/Intermediates.noindex/ReframeCore.build/Debug-iphonesimulator/TrackingKit.build/Objects-normal/x86_64/TrackingKit_const_extract_protocols.json -enable-experimental-feature DebugDescriptionMacro -enable-experimental-feature OpaqueTypeErasure -empty-abi-descriptor -plugin-path /Applications/Xcode_16.2.app/Contents/Developer/Toolchains/XcodeDefault.xctoolchain/usr/lib/swift/host/plugins/testing -validate-clang-modules-once -clang-build-session-file /Users/runner/work/Reframe/Reframe/App/build/ModuleCache.noindex/Session.modulevalidation -Xcc -working-directory -Xcc /Users/runner/work/Reframe/Reframe/App/AutoReframe.xcodeproj -resource-dir /Applications/Xcode_16.2.app/Contents/Developer/Toolchains/XcodeDefault.xctoolchain/usr/lib/swift -enable-anonymous-context-mangled-names -file-compilation-dir /Users/runner/work/Reframe/Reframe/App/AutoReframe.xcodeproj -Xcc -D_LIBCPP_HARDENING_MODE\=_LIBCPP_HARDENING_MODE_DEBUG -Xcc -ivfsstatcache -Xcc /Users/runner/work/Reframe/Reframe/App/build/SDKStatCaches.noindex/iphonesimulator18.2-22C146-16b5fc1f628d844b188c57a1ba9d6a81.sdkstatcache -Xcc -I/Users/runner/work/Reframe/Reframe/App/build/Build/Intermediates.noindex/ReframeCore.build/Debug-iphonesimulator/TrackingKit.build/swift-overrides.hmap -Xcc -I/Users/runner/work/Reframe/Reframe/App/build/Build/Products/Debug-iphonesimulator/include -Xcc -I/Users/runner/work/Reframe/Reframe/App/build/Build/Intermediates.noindex/ReframeCore.build/Debug-iphonesimulator/TrackingKit.build/DerivedSources-normal/x86_64 -Xcc -I/Users/runner/work/Reframe/Reframe/App/build/Build/Intermediates.noindex/ReframeCore.build/Debug-iphonesimulator/TrackingKit.build/DerivedSources/x86_64 -Xcc -I/Users/runner/work/Reframe/Reframe/App/build/Build/Intermediates.noindex/ReframeCore.build/Debug-iphonesimulator/TrackingKit.build/DerivedSources -Xcc -DSWIFT_PACKAGE -Xcc -DDEBUG\=1 -module-name TrackingKit -package-name reframecore -frontend-parseable-output -disable-clang-spi -target-sdk-version 18.2 -target-sdk-name iphonesimulator18.2 -external-plugin-path /Applications/Xcode_16.2.app/Contents/Developer/Platforms/iPhoneOS.platform/Developer/usr/lib/swift/host/plugins\#/Applications/Xcode_16.2.app/Contents/Developer/Platforms/iPhoneOS.platform/Developer/usr/bin/swift-plugin-server -external-plugin-path /Applications/Xcode_16.2.app/Contents/Developer/Platforms/iPhoneOS.platform/Developer/usr/local/lib/swift/host/plugins\#/Applications/Xcode_16.2.app/Contents/Developer/Platforms/iPhoneOS.platform/Developer/usr/bin/swift-plugin-server -plugin-path /Applications/Xcode_16.2.app/Contents/Developer/Toolchains/XcodeDefault.xctoolchain/usr/lib/swift/host/plugins -plugin-path /Applications/Xcode_16.2.app/Contents/Developer/Toolchains/XcodeDefault.xctoolchain/usr/local/lib/swift/host/plugins -o /Users/runner/work/Reframe/Reframe/App/build/Build/Intermediates.noindex/ReframeCore.build/Debug-iphonesimulator/TrackingKit.build/Objects-normal/x86_64/RenderPlanning.o -o /Users/runner/work/Reframe/Reframe/App/build/Build/Intermediates.noindex/ReframeCore.build/Debug-iphonesimulator/TrackingKit.build/Objects-normal/x86_64/VerticalRenderer.o -o /Users/runner/work/Reframe/Reframe/App/build/Build/Intermediates.noindex/ReframeCore.build/Debug-iphonesimulator/TrackingKit.build/Objects-normal/x86_64/Observation.o -o /Users/runner/work/Reframe/Reframe/App/build/Build/Intermediates.noindex/ReframeCore.build/Debug-iphonesimulator/TrackingKit.build/Objects-normal/x86_64/SubjectSelector.o -o /Users/runner/work/Reframe/Reframe/App/build/Build/Intermediates.noindex/ReframeCore.build/Debug-iphonesimulator/TrackingKit.build/Objects-normal/x86_64/SubjectTracker.o -o /Users/runner/work/Reframe/Reframe/App/build/Build/Intermediates.noindex/ReframeCore.build/Debug-iphonesimulator/TrackingKit.build/Objects-normal/x86_64/TrackingSettings.o -index-unit-output-path /ReframeCore.build/Debug-iphonesimulator/TrackingKit.build/Objects-normal/x86_64/RenderPlanning.o -index-unit-output-path /ReframeCore.build/Debug-iphonesimulator/TrackingKit.build/Objects-normal/x86_64/VerticalRenderer.o -index-unit-output-path /ReframeCore.build/Debug-iphonesimulator/TrackingKit.build/Objects-normal/x86_64/Observation.o -index-unit-output-path /ReframeCore.build/Debug-iphonesimulator/TrackingKit.build/Objects-normal/x86_64/SubjectSelector.o -index-unit-output-path /ReframeCore.build/Debug-iphonesimulator/TrackingKit.build/Objects-normal/x86_64/SubjectTracker.o -index-unit-output-path /ReframeCore.build/Debug-iphonesimulator/TrackingKit.build/Objects-normal/x86_64/TrackingSettings.o -index-store-path /Users/runner/work/Reframe/Reframe/App/build/Index.noindex/DataStore -index-system-modules
SwiftCompile normal x86_64 /Users/runner/work/Reframe/Reframe/Packages/ReframeCore/Sources/TrackingKit/Render/RenderPlanning.swift (in target 'TrackingKit' from project 'ReframeCore')
    cd /Users/runner/work/Reframe/Reframe/App/AutoReframe.xcodeproj
    /Applications/Xcode_16.2.app/Contents/Developer/Toolchains/XcodeDefault.xctoolchain/usr/bin/swift-frontend -c /Users/runner/work/Reframe/Reframe/Packages/ReframeCore/Sources/TrackingKit/Geometry/BoxMath.swift /Users/runner/work/Reframe/Reframe/Packages/ReframeCore/Sources/TrackingKit/Geometry/DisplayMapping.swift /Users/runner/work/Reframe/Reframe/Packages/ReframeCore/Sources/TrackingKit/Geometry/Timestamps.swift /Users/runner/work/Reframe/Reframe/Packages/ReframeCore/Sources/TrackingKit/Geometry/VisionCoordinates.swift /Users/runner/work/Reframe/Reframe/Packages/ReframeCore/Sources/TrackingKit/Output/CommandLineOptions.swift /Users/runner/work/Reframe/Reframe/Packages/ReframeCore/Sources/TrackingKit/Output/TrackingReport.swift -primary-file /Users/runner/work/Reframe/Reframe/Packages/ReframeCore/Sources/TrackingKit/Render/RenderPlanning.swift -primary-file /Users/runner/work/Reframe/Reframe/Packages/ReframeCore/Sources/TrackingKit/Render/VerticalRenderer.swift -primary-file /Users/runner/work/Reframe/Reframe/Packages/ReframeCore/Sources/TrackingKit/Selection/Observation.swift -primary-file /Users/runner/work/Reframe/Reframe/Packages/ReframeCore/Sources/TrackingKit/Selection/SubjectSelector.swift -primary-file /Users/runner/work/Reframe/Reframe/Packages/ReframeCore/Sources/TrackingKit/Selection/SubjectTracker.swift -primary-file /Users/runner/work/Reframe/Reframe/Packages/ReframeCore/Sources/TrackingKit/TrackingSettings.swift /Users/runner/work/Reframe/Reframe/Packages/ReframeCore/Sources/TrackingKit/Vision/DebugVideoWriter.swift /Users/runner/work/Reframe/Reframe/Packages/ReframeCore/Sources/TrackingKit/Vision/PersonPreview.swift /Users/runner/work/Reframe/Reframe/Packages/ReframeCore/Sources/TrackingKit/Vision/TrackingPipeline.swift /Users/runner/work/Reframe/Reframe/Packages/ReframeCore/Sources/TrackingKit/Vision/VideoFrameReader.swift /Users/runner/work/Reframe/Reframe/Packages/ReframeCore/Sources/TrackingKit/Vision/VisionComponents.swift -supplementary-output-file-map /Users/runner/work/Reframe/Reframe/App/build/Build/Intermediates.noindex/ReframeCore.build/Debug-iphonesimulator/TrackingKit.build/Objects-normal/x86_64/supplementaryOutputs-20 -target x86_64-apple-ios16.0-simulator -enable-objc-interop -sdk /Applications/Xcode_16.2.app/Contents/Developer/Platforms/iPhoneSimulator.platform/Developer/SDKs/iPhoneSimulator18.2.sdk -I /Users/runner/work/Reframe/Reframe/App/build/Build/Products/Debug-iphonesimulator -I /Applications/Xcode_16.2.app/Contents/Developer/Platforms/iPhoneSimulator.platform/Developer/usr/lib -F /Users/runner/work/Reframe/Reframe/App/build/Build/Products/Debug-iphonesimulator/PackageFrameworks -F /Users/runner/work/Reframe/Reframe/App/build/Build/Products/Debug-iphonesimulator -F /Applications/Xcode_16.2.app/Contents/Developer/Platforms/iPhoneSimulator.platform/Developer/Library/Frameworks -F /Applications/Xcode_16.2.app/Contents/Developer/Platforms/iPhoneSimulator.platform/Developer/SDKs/iPhoneSimulator18.2.sdk/Developer/Library/Frameworks -no-color-diagnostics -enable-testing -g -debug-info-format\=dwarf -dwarf-version\=4 -module-cache-path /Users/runner/work/Reframe/Reframe/App/build/ModuleCache.noindex -swift-version 5 -enforce-exclusivity\=checked -Onone -D SWIFT_PACKAGE -D DEBUG -D Xcode -serialize-debugging-options -const-gather-protocols-file /Users/runner/work/Reframe/Reframe/App/build/Build/Intermediates.noindex/ReframeCore.build/Debug-iphonesimulator/TrackingKit.build/Objects-normal/x86_64/TrackingKit_const_extract_protocols.json -enable-experimental-feature DebugDescriptionMacro -enable-experimental-feature OpaqueTypeErasure -empty-abi-descriptor -plugin-path /Applications/Xcode_16.2.app/Contents/Developer/Toolchains/XcodeDefault.xctoolchain/usr/lib/swift/host/plugins/testing -validate-clang-modules-once -clang-build-session-file /Users/runner/work/Reframe/Reframe/App/build/ModuleCache.noindex/Session.modulevalidation -Xcc -working-directory -Xcc /Users/runner/work/Reframe/Reframe/App/AutoReframe.xcodeproj -resource-dir /Applications/Xcode_16.2.app/Contents/Developer/Toolchains/XcodeDefault.xctoolchain/usr/lib/swift -enable-anonymous-context-mangled-names -file-compilation-dir /Users/runner/work/Reframe/Reframe/App/AutoReframe.xcodeproj -Xcc -D_LIBCPP_HARDENING_MODE\=_LIBCPP_HARDENING_MODE_DEBUG -Xcc -ivfsstatcache -Xcc /Users/runner/work/Reframe/Reframe/App/build/SDKStatCaches.noindex/iphonesimulator18.2-22C146-16b5fc1f628d844b188c57a1ba9d6a81.sdkstatcache -Xcc -I/Users/runner/work/Reframe/Reframe/App/build/Build/Intermediates.noindex/ReframeCore.build/Debug-iphonesimulator/TrackingKit.build/swift-overrides.hmap -Xcc -I/Users/runner/work/Reframe/Reframe/App/build/Build/Products/Debug-iphonesimulator/include -Xcc -I/Users/runner/work/Reframe/Reframe/App/build/Build/Intermediates.noindex/ReframeCore.build/Debug-iphonesimulator/TrackingKit.build/DerivedSources-normal/x86_64 -Xcc -I/Users/runner/work/Reframe/Reframe/App/build/Build/Intermediates.noindex/ReframeCore.build/Debug-iphonesimulator/TrackingKit.build/DerivedSources/x86_64 -Xcc -I/Users/runner/work/Reframe/Reframe/App/build/Build/Intermediates.noindex/ReframeCore.build/Debug-iphonesimulator/TrackingKit.build/DerivedSources -Xcc -DSWIFT_PACKAGE -Xcc -DDEBUG\=1 -module-name TrackingKit -package-name reframecore -frontend-parseable-output -disable-clang-spi -target-sdk-version 18.2 -target-sdk-name iphonesimulator18.2 -external-plugin-path /Applications/Xcode_16.2.app/Contents/Developer/Platforms/iPhoneOS.platform/Developer/usr/lib/swift/host/plugins\#/Applications/Xcode_16.2.app/Contents/Developer/Platforms/iPhoneOS.platform/Developer/usr/bin/swift-plugin-server -external-plugin-path /Applications/Xcode_16.2.app/Contents/Developer/Platforms/iPhoneOS.platform/Developer/usr/local/lib/swift/host/plugins\#/Applications/Xcode_16.2.app/Contents/Developer/Platforms/iPhoneOS.platform/Developer/usr/bin/swift-plugin-server -plugin-path /Applications/Xcode_16.2.app/Contents/Developer/Toolchains/XcodeDefault.xctoolchain/usr/lib/swift/host/plugins -plugin-path /Applications/Xcode_16.2.app/Contents/Developer/Toolchains/XcodeDefault.xctoolchain/usr/local/lib/swift/host/plugins -o /Users/runner/work/Reframe/Reframe/App/build/Build/Intermediates.noindex/ReframeCore.build/Debug-iphonesimulator/TrackingKit.build/Objects-normal/x86_64/RenderPlanning.o -o /Users/runner/work/Reframe/Reframe/App/build/Build/Intermediates.noindex/ReframeCore.build/Debug-iphonesimulator/TrackingKit.build/Objects-normal/x86_64/VerticalRenderer.o -o /Users/runner/work/Reframe/Reframe/App/build/Build/Intermediates.noindex/ReframeCore.build/Debug-iphonesimulator/TrackingKit.build/Objects-normal/x86_64/Observation.o -o /Users/runner/work/Reframe/Reframe/App/build/Build/Intermediates.noindex/ReframeCore.build/Debug-iphonesimulator/TrackingKit.build/Objects-normal/x86_64/SubjectSelector.o -o /Users/runner/work/Reframe/Reframe/App/build/Build/Intermediates.noindex/ReframeCore.build/Debug-iphonesimulator/TrackingKit.build/Objects-normal/x86_64/SubjectTracker.o -o /Users/runner/work/Reframe/Reframe/App/build/Build/Intermediates.noindex/ReframeCore.build/Debug-iphonesimulator/TrackingKit.build/Objects-normal/x86_64/TrackingSettings.o -index-unit-output-path /ReframeCore.build/Debug-iphonesimulator/TrackingKit.build/Objects-normal/x86_64/RenderPlanning.o -index-unit-output-path /ReframeCore.build/Debug-iphonesimulator/TrackingKit.build/Objects-normal/x86_64/VerticalRenderer.o -index-unit-output-path /ReframeCore.build/Debug-iphonesimulator/TrackingKit.build/Objects-normal/x86_64/Observation.o -index-unit-output-path /ReframeCore.build/Debug-iphonesimulator/TrackingKit.build/Objects-normal/x86_64/SubjectSelector.o -index-unit-output-path /ReframeCore.build/Debug-iphonesimulator/TrackingKit.build/Objects-normal/x86_64/SubjectTracker.o -index-unit-output-path /ReframeCore.build/Debug-iphonesimulator/TrackingKit.build/Objects-normal/x86_64/TrackingSettings.o -index-store-path /Users/runner/work/Reframe/Reframe/App/build/Index.noindex/DataStore -index-system-modules
/Users/runner/work/Reframe/Reframe/Packages/ReframeCore/Sources/TrackingKit/Render/VerticalRenderer.swift:250:19: warning: capture of 'videoInput' with non-sendable type 'AVAssetWriterInput' in a `@Sendable` closure
            while videoInput.isReadyForMoreMediaData {
                  ^
AVFoundation.AVAssetWriterInput:2:12: note: class 'AVAssetWriterInput' does not conform to the 'Sendable' protocol
open class AVAssetWriterInput : NSObject {
           ^
/Users/runner/work/Reframe/Reframe/Packages/ReframeCore/Sources/TrackingKit/Render/VerticalRenderer.swift:3:1: warning: add '@preconcurrency' to suppress 'Sendable'-related warnings from module 'AVFoundation'
import AVFoundation
^
@preconcurrency 
/Users/runner/work/Reframe/Reframe/Packages/ReframeCore/Sources/TrackingKit/Render/VerticalRenderer.swift:254:40: warning: capture of 'videoOutput' with non-sendable type 'AVAssetReaderTrackOutput' in a `@Sendable` closure
                    guard let sample = videoOutput.copyNextSampleBuffer() else { finished = true; return }
                                       ^
AVFoundation.AVAssetReaderTrackOutput:2:12: note: class 'AVAssetReaderTrackOutput' does not conform to the 'Sendable' protocol
open class AVAssetReaderTrackOutput : AVAssetReaderOutput {
           ^
/Users/runner/work/Reframe/Reframe/Packages/ReframeCore/Sources/TrackingKit/Render/VerticalRenderer.swift:273:38: warning: capture of 'adaptor' with non-sendable type 'AVAssetWriterInputPixelBufferAdaptor' in a `@Sendable` closure
                    guard let pool = adaptor.pixelBufferPool else {
                                     ^
AVFoundation.AVAssetWriterInputPixelBufferAdaptor:2:12: note: class 'AVAssetWriterInputPixelBufferAdaptor' does not conform to the 'Sendable' protocol
open class AVAssetWriterInputPixelBufferAdaptor : NSObject {
           ^
/Users/runner/work/Reframe/Reframe/Packages/ReframeCore/Sources/TrackingKit/Render/VerticalRenderer.swift:281:21: warning: capture of 'ciContext' with non-sendable type 'CIContext' in a `@Sendable` closure
                    ciContext.render(image, to: outBuffer, bounds: outBounds, colorSpace: colorSpace)
                    ^
CoreImage.CIContext:2:12: note: class 'CIContext' does not conform to the 'Sendable' protocol
open class CIContext : NSObject {
           ^
/Users/runner/work/Reframe/Reframe/Packages/ReframeCore/Sources/TrackingKit/Render/VerticalRenderer.swift:4:1: warning: add '@preconcurrency' to suppress 'Sendable'-related warnings from module 'CoreImage'
import CoreImage
^
@preconcurrency 
/Users/runner/work/Reframe/Reframe/Packages/ReframeCore/Sources/TrackingKit/Render/VerticalRenderer.swift:283:61: warning: capture of 'writer' with non-sendable type 'AVAssetWriter' in a `@Sendable` closure
                        state.fail(RenderError.writerFailed(writer.error.map { "\($0)" } ?? "append de vídeo falhou"))
AVFoundation.AVAssetWriter:2:12: note: class 'AVAssetWriter' does not conform to the 'Sendable' protocol
open class AVAssetWriter : NSObject {
           ^
/Users/runner/work/Reframe/Reframe/Packages/ReframeCore/Sources/TrackingKit/Render/VerticalRenderer.swift:297:23: warning: capture of 'audioInput' with non-sendable type 'AVAssetWriterInput' in a `@Sendable` closure
                while audioInput.isReadyForMoreMediaData {
                      ^
AVFoundation.AVAssetWriterInput:2:12: note: class 'AVAssetWriterInput' does not conform to the 'Sendable' protocol
open class AVAssetWriterInput : NSObject {
           ^
/Users/runner/work/Reframe/Reframe/Packages/ReframeCore/Sources/TrackingKit/Render/VerticalRenderer.swift:299:40: warning: capture of 'audioOutput' with non-sendable type 'AVAssetReaderTrackOutput' in a `@Sendable` closure
                    guard let sample = audioOutput.copyNextSampleBuffer() else {
                                       ^
AVFoundation.AVAssetReaderTrackOutput:2:12: note: class 'AVAssetReaderTrackOutput' does not conform to the 'Sendable' protocol
open class AVAssetReaderTrackOutput : AVAssetReaderOutput {
           ^
/Users/runner/work/Reframe/Reframe/Packages/ReframeCore/Sources/TrackingKit/Render/VerticalRenderer.swift:303:61: warning: capture of 'writer' with non-sendable type 'AVAssetWriter' in a `@Sendable` closure
                        state.fail(RenderError.writerFailed(writer.error.map { "\($0)" } ?? "append de áudio falhou"))
AVFoundation.AVAssetWriter:2:12: note: class 'AVAssetWriter' does not conform to the 'Sendable' protocol
open class AVAssetWriter : NSObject {
           ^

SwiftCompile normal x86_64 /Users/runner/work/Reframe/Reframe/Packages/ReframeCore/Sources/TrackingKit/Render/VerticalRenderer.swift (in target 'TrackingKit' from project 'ReframeCore')
    cd /Users/runner/work/Reframe/Reframe/App/AutoReframe.xcodeproj
    /Applications/Xcode_16.2.app/Contents/Developer/Toolchains/XcodeDefault.xctoolchain/usr/bin/swift-frontend -c /Users/runner/work/Reframe/Reframe/Packages/ReframeCore/Sources/TrackingKit/Geometry/BoxMath.swift /Users/runner/work/Reframe/Reframe/Packages/ReframeCore/Sources/TrackingKit/Geometry/DisplayMapping.swift /Users/runner/work/Reframe/Reframe/Packages/ReframeCore/Sources/TrackingKit/Geometry/Timestamps.swift /Users/runner/work/Reframe/Reframe/Packages/ReframeCore/Sources/TrackingKit/Geometry/VisionCoordinates.swift /Users/runner/work/Reframe/Reframe/Packages/ReframeCore/Sources/TrackingKit/Output/CommandLineOptions.swift /Users/runner/work/Reframe/Reframe/Packages/ReframeCore/Sources/TrackingKit/Output/TrackingReport.swift -primary-file /Users/runner/work/Reframe/Reframe/Packages/ReframeCore/Sources/TrackingKit/Render/RenderPlanning.swift -primary-file /Users/runner/work/Reframe/Reframe/Packages/ReframeCore/Sources/TrackingKit/Render/VerticalRenderer.swift -primary-file /Users/runner/work/Reframe/Reframe/Packages/ReframeCore/Sources/TrackingKit/Selection/Observation.swift -primary-file /Users/runner/work/Reframe/Reframe/Packages/ReframeCore/Sources/TrackingKit/Selection/SubjectSelector.swift -primary-file /Users/runner/work/Reframe/Reframe/Packages/ReframeCore/Sources/TrackingKit/Selection/SubjectTracker.swift -primary-file /Users/runner/work/Reframe/Reframe/Packages/ReframeCore/Sources/TrackingKit/TrackingSettings.swift /Users/runner/work/Reframe/Reframe/Packages/ReframeCore/Sources/TrackingKit/Vision/DebugVideoWriter.swift /Users/runner/work/Reframe/Reframe/Packages/ReframeCore/Sources/TrackingKit/Vision/PersonPreview.swift /Users/runner/work/Reframe/Reframe/Packages/ReframeCore/Sources/TrackingKit/Vision/TrackingPipeline.swift /Users/runner/work/Reframe/Reframe/Packages/ReframeCore/Sources/TrackingKit/Vision/VideoFrameReader.swift /Users/runner/work/Reframe/Reframe/Packages/ReframeCore/Sources/TrackingKit/Vision/VisionComponents.swift -supplementary-output-file-map /Users/runner/work/Reframe/Reframe/App/build/Build/Intermediates.noindex/ReframeCore.build/Debug-iphonesimulator/TrackingKit.build/Objects-normal/x86_64/supplementaryOutputs-20 -target x86_64-apple-ios16.0-simulator -enable-objc-interop -sdk /Applications/Xcode_16.2.app/Contents/Developer/Platforms/iPhoneSimulator.platform/Developer/SDKs/iPhoneSimulator18.2.sdk -I /Users/runner/work/Reframe/Reframe/App/build/Build/Products/Debug-iphonesimulator -I /Applications/Xcode_16.2.app/Contents/Developer/Platforms/iPhoneSimulator.platform/Developer/usr/lib -F /Users/runner/work/Reframe/Reframe/App/build/Build/Products/Debug-iphonesimulator/PackageFrameworks -F /Users/runner/work/Reframe/Reframe/App/build/Build/Products/Debug-iphonesimulator -F /Applications/Xcode_16.2.app/Contents/Developer/Platforms/iPhoneSimulator.platform/Developer/Library/Frameworks -F /Applications/Xcode_16.2.app/Contents/Developer/Platforms/iPhoneSimulator.platform/Developer/SDKs/iPhoneSimulator18.2.sdk/Developer/Library/Frameworks -no-color-diagnostics -enable-testing -g -debug-info-format\=dwarf -dwarf-version\=4 -module-cache-path /Users/runner/work/Reframe/Reframe/App/build/ModuleCache.noindex -swift-version 5 -enforce-exclusivity\=checked -Onone -D SWIFT_PACKAGE -D DEBUG -D Xcode -serialize-debugging-options -const-gather-protocols-file /Users/runner/work/Reframe/Reframe/App/build/Build/Intermediates.noindex/ReframeCore.build/Debug-iphonesimulator/TrackingKit.build/Objects-normal/x86_64/TrackingKit_const_extract_protocols.json -enable-experimental-feature DebugDescriptionMacro -enable-experimental-feature OpaqueTypeErasure -empty-abi-descriptor -plugin-path /Applications/Xcode_16.2.app/Contents/Developer/Toolchains/XcodeDefault.xctoolchain/usr/lib/swift/host/plugins/testing -validate-clang-modules-once -clang-build-session-file /Users/runner/work/Reframe/Reframe/App/build/ModuleCache.noindex/Session.modulevalidation -Xcc -working-directory -Xcc /Users/runner/work/Reframe/Reframe/App/AutoReframe.xcodeproj -resource-dir /Applications/Xcode_16.2.app/Contents/Developer/Toolchains/XcodeDefault.xctoolchain/usr/lib/swift -enable-anonymous-context-mangled-names -file-compilation-dir /Users/runner/work/Reframe/Reframe/App/AutoReframe.xcodeproj -Xcc -D_LIBCPP_HARDENING_MODE\=_LIBCPP_HARDENING_MODE_DEBUG -Xcc -ivfsstatcache -Xcc /Users/runner/work/Reframe/Reframe/App/build/SDKStatCaches.noindex/iphonesimulator18.2-22C146-16b5fc1f628d844b188c57a1ba9d6a81.sdkstatcache -Xcc -I/Users/runner/work/Reframe/Reframe/App/build/Build/Intermediates.noindex/ReframeCore.build/Debug-iphonesimulator/TrackingKit.build/swift-overrides.hmap -Xcc -I/Users/runner/work/Reframe/Reframe/App/build/Build/Products/Debug-iphonesimulator/include -Xcc -I/Users/runner/work/Reframe/Reframe/App/build/Build/Intermediates.noindex/ReframeCore.build/Debug-iphonesimulator/TrackingKit.build/DerivedSources-normal/x86_64 -Xcc -I/Users/runner/work/Reframe/Reframe/App/build/Build/Intermediates.noindex/ReframeCore.build/Debug-iphonesimulator/TrackingKit.build/DerivedSources/x86_64 -Xcc -I/Users/runner/work/Reframe/Reframe/App/build/Build/Intermediates.noindex/ReframeCore.build/Debug-iphonesimulator/TrackingKit.build/DerivedSources -Xcc -DSWIFT_PACKAGE -Xcc -DDEBUG\=1 -module-name TrackingKit -package-name reframecore -frontend-parseable-output -disable-clang-spi -target-sdk-version 18.2 -target-sdk-name iphonesimulator18.2 -external-plugin-path /Applications/Xcode_16.2.app/Contents/Developer/Platforms/iPhoneOS.platform/Developer/usr/lib/swift/host/plugins\#/Applications/Xcode_16.2.app/Contents/Developer/Platforms/iPhoneOS.platform/Developer/usr/bin/swift-plugin-server -external-plugin-path /Applications/Xcode_16.2.app/Contents/Developer/Platforms/iPhoneOS.platform/Developer/usr/local/lib/swift/host/plugins\#/Applications/Xcode_16.2.app/Contents/Developer/Platforms/iPhoneOS.platform/Developer/usr/bin/swift-plugin-server -plugin-path /Applications/Xcode_16.2.app/Contents/Developer/Toolchains/XcodeDefault.xctoolchain/usr/lib/swift/host/plugins -plugin-path /Applications/Xcode_16.2.app/Contents/Developer/Toolchains/XcodeDefault.xctoolchain/usr/local/lib/swift/host/plugins -o /Users/runner/work/Reframe/Reframe/App/build/Build/Intermediates.noindex/ReframeCore.build/Debug-iphonesimulator/TrackingKit.build/Objects-normal/x86_64/RenderPlanning.o -o /Users/runner/work/Reframe/Reframe/App/build/Build/Intermediates.noindex/ReframeCore.build/Debug-iphonesimulator/TrackingKit.build/Objects-normal/x86_64/VerticalRenderer.o -o /Users/runner/work/Reframe/Reframe/App/build/Build/Intermediates.noindex/ReframeCore.build/Debug-iphonesimulator/TrackingKit.build/Objects-normal/x86_64/Observation.o -o /Users/runner/work/Reframe/Reframe/App/build/Build/Intermediates.noindex/ReframeCore.build/Debug-iphonesimulator/TrackingKit.build/Objects-normal/x86_64/SubjectSelector.o -o /Users/runner/work/Reframe/Reframe/App/build/Build/Intermediates.noindex/ReframeCore.build/Debug-iphonesimulator/TrackingKit.build/Objects-normal/x86_64/SubjectTracker.o -o /Users/runner/work/Reframe/Reframe/App/build/Build/Intermediates.noindex/ReframeCore.build/Debug-iphonesimulator/TrackingKit.build/Objects-normal/x86_64/TrackingSettings.o -index-unit-output-path /ReframeCore.build/Debug-iphonesimulator/TrackingKit.build/Objects-normal/x86_64/RenderPlanning.o -index-unit-output-path /ReframeCore.build/Debug-iphonesimulator/TrackingKit.build/Objects-normal/x86_64/VerticalRenderer.o -index-unit-output-path /ReframeCore.build/Debug-iphonesimulator/TrackingKit.build/Objects-normal/x86_64/Observation.o -index-unit-output-path /ReframeCore.build/Debug-iphonesimulator/TrackingKit.build/Objects-normal/x86_64/SubjectSelector.o -index-unit-output-path /ReframeCore.build/Debug-iphonesimulator/TrackingKit.build/Objects-normal/x86_64/SubjectTracker.o -index-unit-output-path /ReframeCore.build/Debug-iphonesimulator/TrackingKit.build/Objects-normal/x86_64/TrackingSettings.o -index-store-path /Users/runner/work/Reframe/Reframe/App/build/Index.noindex/DataStore -index-system-modules
/Users/runner/work/Reframe/Reframe/Packages/ReframeCore/Sources/TrackingKit/Render/VerticalRenderer.swift:250:19: warning: capture of 'videoInput' with non-sendable type 'AVAssetWriterInput' in a `@Sendable` closure
            while videoInput.isReadyForMoreMediaData {
                  ^
AVFoundation.AVAssetWriterInput:2:12: note: class 'AVAssetWriterInput' does not conform to the 'Sendable' protocol
open class AVAssetWriterInput : NSObject {
           ^
/Users/runner/work/Reframe/Reframe/Packages/ReframeCore/Sources/TrackingKit/Render/VerticalRenderer.swift:3:1: warning: add '@preconcurrency' to suppress 'Sendable'-related warnings from module 'AVFoundation'
import AVFoundation
^
@preconcurrency 
/Users/runner/work/Reframe/Reframe/Packages/ReframeCore/Sources/TrackingKit/Render/VerticalRenderer.swift:254:40: warning: capture of 'videoOutput' with non-sendable type 'AVAssetReaderTrackOutput' in a `@Sendable` closure
                    guard let sample = videoOutput.copyNextSampleBuffer() else { finished = true; return }
                                       ^
AVFoundation.AVAssetReaderTrackOutput:2:12: note: class 'AVAssetReaderTrackOutput' does not conform to the 'Sendable' protocol
open class AVAssetReaderTrackOutput : AVAssetReaderOutput {
           ^
/Users/runner/work/Reframe/Reframe/Packages/ReframeCore/Sources/TrackingKit/Render/VerticalRenderer.swift:273:38: warning: capture of 'adaptor' with non-sendable type 'AVAssetWriterInputPixelBufferAdaptor' in a `@Sendable` closure
                    guard let pool = adaptor.pixelBufferPool else {
                                     ^
AVFoundation.AVAssetWriterInputPixelBufferAdaptor:2:12: note: class 'AVAssetWriterInputPixelBufferAdaptor' does not conform to the 'Sendable' protocol
open class AVAssetWriterInputPixelBufferAdaptor : NSObject {
           ^
/Users/runner/work/Reframe/Reframe/Packages/ReframeCore/Sources/TrackingKit/Render/VerticalRenderer.swift:281:21: warning: capture of 'ciContext' with non-sendable type 'CIContext' in a `@Sendable` closure
                    ciContext.render(image, to: outBuffer, bounds: outBounds, colorSpace: colorSpace)
                    ^
CoreImage.CIContext:2:12: note: class 'CIContext' does not conform to the 'Sendable' protocol
open class CIContext : NSObject {
           ^
/Users/runner/work/Reframe/Reframe/Packages/ReframeCore/Sources/TrackingKit/Render/VerticalRenderer.swift:4:1: warning: add '@preconcurrency' to suppress 'Sendable'-related warnings from module 'CoreImage'
import CoreImage
^
@preconcurrency 
/Users/runner/work/Reframe/Reframe/Packages/ReframeCore/Sources/TrackingKit/Render/VerticalRenderer.swift:283:61: warning: capture of 'writer' with non-sendable type 'AVAssetWriter' in a `@Sendable` closure
                        state.fail(RenderError.writerFailed(writer.error.map { "\($0)" } ?? "append de vídeo falhou"))
AVFoundation.AVAssetWriter:2:12: note: class 'AVAssetWriter' does not conform to the 'Sendable' protocol
open class AVAssetWriter : NSObject {
           ^
/Users/runner/work/Reframe/Reframe/Packages/ReframeCore/Sources/TrackingKit/Render/VerticalRenderer.swift:297:23: warning: capture of 'audioInput' with non-sendable type 'AVAssetWriterInput' in a `@Sendable` closure
                while audioInput.isReadyForMoreMediaData {
                      ^
AVFoundation.AVAssetWriterInput:2:12: note: class 'AVAssetWriterInput' does not conform to the 'Sendable' protocol
open class AVAssetWriterInput : NSObject {
           ^
/Users/runner/work/Reframe/Reframe/Packages/ReframeCore/Sources/TrackingKit/Render/VerticalRenderer.swift:299:40: warning: capture of 'audioOutput' with non-sendable type 'AVAssetReaderTrackOutput' in a `@Sendable` closure
                    guard let sample = audioOutput.copyNextSampleBuffer() else {
                                       ^
AVFoundation.AVAssetReaderTrackOutput:2:12: note: class 'AVAssetReaderTrackOutput' does not conform to the 'Sendable' protocol
open class AVAssetReaderTrackOutput : AVAssetReaderOutput {
           ^
/Users/runner/work/Reframe/Reframe/Packages/ReframeCore/Sources/TrackingKit/Render/VerticalRenderer.swift:303:61: warning: capture of 'writer' with non-sendable type 'AVAssetWriter' in a `@Sendable` closure
                        state.fail(RenderError.writerFailed(writer.error.map { "\($0)" } ?? "append de áudio falhou"))
AVFoundation.AVAssetWriter:2:12: note: class 'AVAssetWriter' does not conform to the 'Sendable' protocol
open class AVAssetWriter : NSObject {
           ^

SwiftCompile normal x86_64 /Users/runner/work/Reframe/Reframe/Packages/ReframeCore/Sources/TrackingKit/Selection/Observation.swift (in target 'TrackingKit' from project 'ReframeCore')
    cd /Users/runner/work/Reframe/Reframe/App/AutoReframe.xcodeproj
    /Applications/Xcode_16.2.app/Contents/Developer/Toolchains/XcodeDefault.xctoolchain/usr/bin/swift-frontend -c /Users/runner/work/Reframe/Reframe/Packages/ReframeCore/Sources/TrackingKit/Geometry/BoxMath.swift /Users/runner/work/Reframe/Reframe/Packages/ReframeCore/Sources/TrackingKit/Geometry/DisplayMapping.swift /Users/runner/work/Reframe/Reframe/Packages/ReframeCore/Sources/TrackingKit/Geometry/Timestamps.swift /Users/runner/work/Reframe/Reframe/Packages/ReframeCore/Sources/TrackingKit/Geometry/VisionCoordinates.swift /Users/runner/work/Reframe/Reframe/Packages/ReframeCore/Sources/TrackingKit/Output/CommandLineOptions.swift /Users/runner/work/Reframe/Reframe/Packages/ReframeCore/Sources/TrackingKit/Output/TrackingReport.swift -primary-file /Users/runner/work/Reframe/Reframe/Packages/ReframeCore/Sources/TrackingKit/Render/RenderPlanning.swift -primary-file /Users/runner/work/Reframe/Reframe/Packages/ReframeCore/Sources/TrackingKit/Render/VerticalRenderer.swift -primary-file /Users/runner/work/Reframe/Reframe/Packages/ReframeCore/Sources/TrackingKit/Selection/Observation.swift -primary-file /Users/runner/work/Reframe/Reframe/Packages/ReframeCore/Sources/TrackingKit/Selection/SubjectSelector.swift -primary-file /Users/runner/work/Reframe/Reframe/Packages/ReframeCore/Sources/TrackingKit/Selection/SubjectTracker.swift -primary-file /Users/runner/work/Reframe/Reframe/Packages/ReframeCore/Sources/TrackingKit/TrackingSettings.swift /Users/runner/work/Reframe/Reframe/Packages/ReframeCore/Sources/TrackingKit/Vision/DebugVideoWriter.swift /Users/runner/work/Reframe/Reframe/Packages/ReframeCore/Sources/TrackingKit/Vision/PersonPreview.swift /Users/runner/work/Reframe/Reframe/Packages/ReframeCore/Sources/TrackingKit/Vision/TrackingPipeline.swift /Users/runner/work/Reframe/Reframe/Packages/ReframeCore/Sources/TrackingKit/Vision/VideoFrameReader.swift /Users/runner/work/Reframe/Reframe/Packages/ReframeCore/Sources/TrackingKit/Vision/VisionComponents.swift -supplementary-output-file-map /Users/runner/work/Reframe/Reframe/App/build/Build/Intermediates.noindex/ReframeCore.build/Debug-iphonesimulator/TrackingKit.build/Objects-normal/x86_64/supplementaryOutputs-20 -target x86_64-apple-ios16.0-simulator -enable-objc-interop -sdk /Applications/Xcode_16.2.app/Contents/Developer/Platforms/iPhoneSimulator.platform/Developer/SDKs/iPhoneSimulator18.2.sdk -I /Users/runner/work/Reframe/Reframe/App/build/Build/Products/Debug-iphonesimulator -I /Applications/Xcode_16.2.app/Contents/Developer/Platforms/iPhoneSimulator.platform/Developer/usr/lib -F /Users/runner/work/Reframe/Reframe/App/build/Build/Products/Debug-iphonesimulator/PackageFrameworks -F /Users/runner/work/Reframe/Reframe/App/build/Build/Products/Debug-iphonesimulator -F /Applications/Xcode_16.2.app/Contents/Developer/Platforms/iPhoneSimulator.platform/Developer/Library/Frameworks -F /Applications/Xcode_16.2.app/Contents/Developer/Platforms/iPhoneSimulator.platform/Developer/SDKs/iPhoneSimulator18.2.sdk/Developer/Library/Frameworks -no-color-diagnostics -enable-testing -g -debug-info-format\=dwarf -dwarf-version\=4 -module-cache-path /Users/runner/work/Reframe/Reframe/App/build/ModuleCache.noindex -swift-version 5 -enforce-exclusivity\=checked -Onone -D SWIFT_PACKAGE -D DEBUG -D Xcode -serialize-debugging-options -const-gather-protocols-file /Users/runner/work/Reframe/Reframe/App/build/Build/Intermediates.noindex/ReframeCore.build/Debug-iphonesimulator/TrackingKit.build/Objects-normal/x86_64/TrackingKit_const_extract_protocols.json -enable-experimental-feature DebugDescriptionMacro -enable-experimental-feature OpaqueTypeErasure -empty-abi-descriptor -plugin-path /Applications/Xcode_16.2.app/Contents/Developer/Toolchains/XcodeDefault.xctoolchain/usr/lib/swift/host/plugins/testing -validate-clang-modules-once -clang-build-session-file /Users/runner/work/Reframe/Reframe/App/build/ModuleCache.noindex/Session.modulevalidation -Xcc -working-directory -Xcc /Users/runner/work/Reframe/Reframe/App/AutoReframe.xcodeproj -resource-dir /Applications/Xcode_16.2.app/Contents/Developer/Toolchains/XcodeDefault.xctoolchain/usr/lib/swift -enable-anonymous-context-mangled-names -file-compilation-dir /Users/runner/work/Reframe/Reframe/App/AutoReframe.xcodeproj -Xcc -D_LIBCPP_HARDENING_MODE\=_LIBCPP_HARDENING_MODE_DEBUG -Xcc -ivfsstatcache -Xcc /Users/runner/work/Reframe/Reframe/App/build/SDKStatCaches.noindex/iphonesimulator18.2-22C146-16b5fc1f628d844b188c57a1ba9d6a81.sdkstatcache -Xcc -I/Users/runner/work/Reframe/Reframe/App/build/Build/Intermediates.noindex/ReframeCore.build/Debug-iphonesimulator/TrackingKit.build/swift-overrides.hmap -Xcc -I/Users/runner/work/Reframe/Reframe/App/build/Build/Products/Debug-iphonesimulator/include -Xcc -I/Users/runner/work/Reframe/Reframe/App/build/Build/Intermediates.noindex/ReframeCore.build/Debug-iphonesimulator/TrackingKit.build/DerivedSources-normal/x86_64 -Xcc -I/Users/runner/work/Reframe/Reframe/App/build/Build/Intermediates.noindex/ReframeCore.build/Debug-iphonesimulator/TrackingKit.build/DerivedSources/x86_64 -Xcc -I/Users/runner/work/Reframe/Reframe/App/build/Build/Intermediates.noindex/ReframeCore.build/Debug-iphonesimulator/TrackingKit.build/DerivedSources -Xcc -DSWIFT_PACKAGE -Xcc -DDEBUG\=1 -module-name TrackingKit -package-name reframecore -frontend-parseable-output -disable-clang-spi -target-sdk-version 18.2 -target-sdk-name iphonesimulator18.2 -external-plugin-path /Applications/Xcode_16.2.app/Contents/Developer/Platforms/iPhoneOS.platform/Developer/usr/lib/swift/host/plugins\#/Applications/Xcode_16.2.app/Contents/Developer/Platforms/iPhoneOS.platform/Developer/usr/bin/swift-plugin-server -external-plugin-path /Applications/Xcode_16.2.app/Contents/Developer/Platforms/iPhoneOS.platform/Developer/usr/local/lib/swift/host/plugins\#/Applications/Xcode_16.2.app/Contents/Developer/Platforms/iPhoneOS.platform/Developer/usr/bin/swift-plugin-server -plugin-path /Applications/Xcode_16.2.app/Contents/Developer/Toolchains/XcodeDefault.xctoolchain/usr/lib/swift/host/plugins -plugin-path /Applications/Xcode_16.2.app/Contents/Developer/Toolchains/XcodeDefault.xctoolchain/usr/local/lib/swift/host/plugins -o /Users/runner/work/Reframe/Reframe/App/build/Build/Intermediates.noindex/ReframeCore.build/Debug-iphonesimulator/TrackingKit.build/Objects-normal/x86_64/RenderPlanning.o -o /Users/runner/work/Reframe/Reframe/App/build/Build/Intermediates.noindex/ReframeCore.build/Debug-iphonesimulator/TrackingKit.build/Objects-normal/x86_64/VerticalRenderer.o -o /Users/runner/work/Reframe/Reframe/App/build/Build/Intermediates.noindex/ReframeCore.build/Debug-iphonesimulator/TrackingKit.build/Objects-normal/x86_64/Observation.o -o /Users/runner/work/Reframe/Reframe/App/build/Build/Intermediates.noindex/ReframeCore.build/Debug-iphonesimulator/TrackingKit.build/Objects-normal/x86_64/SubjectSelector.o -o /Users/runner/work/Reframe/Reframe/App/build/Build/Intermediates.noindex/ReframeCore.build/Debug-iphonesimulator/TrackingKit.build/Objects-normal/x86_64/SubjectTracker.o -o /Users/runner/work/Reframe/Reframe/App/build/Build/Intermediates.noindex/ReframeCore.build/Debug-iphonesimulator/TrackingKit.build/Objects-normal/x86_64/TrackingSettings.o -index-unit-output-path /ReframeCore.build/Debug-iphonesimulator/TrackingKit.build/Objects-normal/x86_64/RenderPlanning.o -index-unit-output-path /ReframeCore.build/Debug-iphonesimulator/TrackingKit.build/Objects-normal/x86_64/VerticalRenderer.o -index-unit-output-path /ReframeCore.build/Debug-iphonesimulator/TrackingKit.build/Objects-normal/x86_64/Observation.o -index-unit-output-path /ReframeCore.build/Debug-iphonesimulator/TrackingKit.build/Objects-normal/x86_64/SubjectSelector.o -index-unit-output-path /ReframeCore.build/Debug-iphonesimulator/TrackingKit.build/Objects-normal/x86_64/SubjectTracker.o -index-unit-output-path /ReframeCore.build/Debug-iphonesimulator/TrackingKit.build/Objects-normal/x86_64/TrackingSettings.o -index-store-path /Users/runner/work/Reframe/Reframe/App/build/Index.noindex/DataStore -index-system-modules
/Users/runner/work/Reframe/Reframe/Packages/ReframeCore/Sources/TrackingKit/Render/VerticalRenderer.swift:250:19: warning: capture of 'videoInput' with non-sendable type 'AVAssetWriterInput' in a `@Sendable` closure
            while videoInput.isReadyForMoreMediaData {
                  ^
AVFoundation.AVAssetWriterInput:2:12: note: class 'AVAssetWriterInput' does not conform to the 'Sendable' protocol
open class AVAssetWriterInput : NSObject {
           ^
/Users/runner/work/Reframe/Reframe/Packages/ReframeCore/Sources/TrackingKit/Render/VerticalRenderer.swift:3:1: warning: add '@preconcurrency' to suppress 'Sendable'-related warnings from module 'AVFoundation'
import AVFoundation
^
@preconcurrency 
/Users/runner/work/Reframe/Reframe/Packages/ReframeCore/Sources/TrackingKit/Render/VerticalRenderer.swift:254:40: warning: capture of 'videoOutput' with non-sendable type 'AVAssetReaderTrackOutput' in a `@Sendable` closure
                    guard let sample = videoOutput.copyNextSampleBuffer() else { finished = true; return }
                                       ^
AVFoundation.AVAssetReaderTrackOutput:2:12: note: class 'AVAssetReaderTrackOutput' does not conform to the 'Sendable' protocol
open class AVAssetReaderTrackOutput : AVAssetReaderOutput {
           ^
/Users/runner/work/Reframe/Reframe/Packages/ReframeCore/Sources/TrackingKit/Render/VerticalRenderer.swift:273:38: warning: capture of 'adaptor' with non-sendable type 'AVAssetWriterInputPixelBufferAdaptor' in a `@Sendable` closure
                    guard let pool = adaptor.pixelBufferPool else {
                                     ^
AVFoundation.AVAssetWriterInputPixelBufferAdaptor:2:12: note: class 'AVAssetWriterInputPixelBufferAdaptor' does not conform to the 'Sendable' protocol
open class AVAssetWriterInputPixelBufferAdaptor : NSObject {
           ^
/Users/runner/work/Reframe/Reframe/Packages/ReframeCore/Sources/TrackingKit/Render/VerticalRenderer.swift:281:21: warning: capture of 'ciContext' with non-sendable type 'CIContext' in a `@Sendable` closure
                    ciContext.render(image, to: outBuffer, bounds: outBounds, colorSpace: colorSpace)
                    ^
CoreImage.CIContext:2:12: note: class 'CIContext' does not conform to the 'Sendable' protocol
open class CIContext : NSObject {
           ^
/Users/runner/work/Reframe/Reframe/Packages/ReframeCore/Sources/TrackingKit/Render/VerticalRenderer.swift:4:1: warning: add '@preconcurrency' to suppress 'Sendable'-related warnings from module 'CoreImage'
import CoreImage
^
@preconcurrency 
/Users/runner/work/Reframe/Reframe/Packages/ReframeCore/Sources/TrackingKit/Render/VerticalRenderer.swift:283:61: warning: capture of 'writer' with non-sendable type 'AVAssetWriter' in a `@Sendable` closure
                        state.fail(RenderError.writerFailed(writer.error.map { "\($0)" } ?? "append de vídeo falhou"))
AVFoundation.AVAssetWriter:2:12: note: class 'AVAssetWriter' does not conform to the 'Sendable' protocol
open class AVAssetWriter : NSObject {
           ^
/Users/runner/work/Reframe/Reframe/Packages/ReframeCore/Sources/TrackingKit/Render/VerticalRenderer.swift:297:23: warning: capture of 'audioInput' with non-sendable type 'AVAssetWriterInput' in a `@Sendable` closure
                while audioInput.isReadyForMoreMediaData {
                      ^
AVFoundation.AVAssetWriterInput:2:12: note: class 'AVAssetWriterInput' does not conform to the 'Sendable' protocol
open class AVAssetWriterInput : NSObject {
           ^
/Users/runner/work/Reframe/Reframe/Packages/ReframeCore/Sources/TrackingKit/Render/VerticalRenderer.swift:299:40: warning: capture of 'audioOutput' with non-sendable type 'AVAssetReaderTrackOutput' in a `@Sendable` closure
                    guard let sample = audioOutput.copyNextSampleBuffer() else {
                                       ^
AVFoundation.AVAssetReaderTrackOutput:2:12: note: class 'AVAssetReaderTrackOutput' does not conform to the 'Sendable' protocol
open class AVAssetReaderTrackOutput : AVAssetReaderOutput {
           ^
/Users/runner/work/Reframe/Reframe/Packages/ReframeCore/Sources/TrackingKit/Render/VerticalRenderer.swift:303:61: warning: capture of 'writer' with non-sendable type 'AVAssetWriter' in a `@Sendable` closure
                        state.fail(RenderError.writerFailed(writer.error.map { "\($0)" } ?? "append de áudio falhou"))
AVFoundation.AVAssetWriter:2:12: note: class 'AVAssetWriter' does not conform to the 'Sendable' protocol
open class AVAssetWriter : NSObject {
           ^

SwiftCompile normal x86_64 /Users/runner/work/Reframe/Reframe/Packages/ReframeCore/Sources/TrackingKit/Selection/SubjectSelector.swift (in target 'TrackingKit' from project 'ReframeCore')
    cd /Users/runner/work/Reframe/Reframe/App/AutoReframe.xcodeproj
    /Applications/Xcode_16.2.app/Contents/Developer/Toolchains/XcodeDefault.xctoolchain/usr/bin/swift-frontend -c /Users/runner/work/Reframe/Reframe/Packages/ReframeCore/Sources/TrackingKit/Geometry/BoxMath.swift /Users/runner/work/Reframe/Reframe/Packages/ReframeCore/Sources/TrackingKit/Geometry/DisplayMapping.swift /Users/runner/work/Reframe/Reframe/Packages/ReframeCore/Sources/TrackingKit/Geometry/Timestamps.swift /Users/runner/work/Reframe/Reframe/Packages/ReframeCore/Sources/TrackingKit/Geometry/VisionCoordinates.swift /Users/runner/work/Reframe/Reframe/Packages/ReframeCore/Sources/TrackingKit/Output/CommandLineOptions.swift /Users/runner/work/Reframe/Reframe/Packages/ReframeCore/Sources/TrackingKit/Output/TrackingReport.swift -primary-file /Users/runner/work/Reframe/Reframe/Packages/ReframeCore/Sources/TrackingKit/Render/RenderPlanning.swift -primary-file /Users/runner/work/Reframe/Reframe/Packages/ReframeCore/Sources/TrackingKit/Render/VerticalRenderer.swift -primary-file /Users/runner/work/Reframe/Reframe/Packages/ReframeCore/Sources/TrackingKit/Selection/Observation.swift -primary-file /Users/runner/work/Reframe/Reframe/Packages/ReframeCore/Sources/TrackingKit/Selection/SubjectSelector.swift -primary-file /Users/runner/work/Reframe/Reframe/Packages/ReframeCore/Sources/TrackingKit/Selection/SubjectTracker.swift -primary-file /Users/runner/work/Reframe/Reframe/Packages/ReframeCore/Sources/TrackingKit/TrackingSettings.swift /Users/runner/work/Reframe/Reframe/Packages/ReframeCore/Sources/TrackingKit/Vision/DebugVideoWriter.swift /Users/runner/work/Reframe/Reframe/Packages/ReframeCore/Sources/TrackingKit/Vision/PersonPreview.swift /Users/runner/work/Reframe/Reframe/Packages/ReframeCore/Sources/TrackingKit/Vision/TrackingPipeline.swift /Users/runner/work/Reframe/Reframe/Packages/ReframeCore/Sources/TrackingKit/Vision/VideoFrameReader.swift /Users/runner/work/Reframe/Reframe/Packages/ReframeCore/Sources/TrackingKit/Vision/VisionComponents.swift -supplementary-output-file-map /Users/runner/work/Reframe/Reframe/App/build/Build/Intermediates.noindex/ReframeCore.build/Debug-iphonesimulator/TrackingKit.build/Objects-normal/x86_64/supplementaryOutputs-20 -target x86_64-apple-ios16.0-simulator -enable-objc-interop -sdk /Applications/Xcode_16.2.app/Contents/Developer/Platforms/iPhoneSimulator.platform/Developer/SDKs/iPhoneSimulator18.2.sdk -I /Users/runner/work/Reframe/Reframe/App/build/Build/Products/Debug-iphonesimulator -I /Applications/Xcode_16.2.app/Contents/Developer/Platforms/iPhoneSimulator.platform/Developer/usr/lib -F /Users/runner/work/Reframe/Reframe/App/build/Build/Products/Debug-iphonesimulator/PackageFrameworks -F /Users/runner/work/Reframe/Reframe/App/build/Build/Products/Debug-iphonesimulator -F /Applications/Xcode_16.2.app/Contents/Developer/Platforms/iPhoneSimulator.platform/Developer/Library/Frameworks -F /Applications/Xcode_16.2.app/Contents/Developer/Platforms/iPhoneSimulator.platform/Developer/SDKs/iPhoneSimulator18.2.sdk/Developer/Library/Frameworks -no-color-diagnostics -enable-testing -g -debug-info-format\=dwarf -dwarf-version\=4 -module-cache-path /Users/runner/work/Reframe/Reframe/App/build/ModuleCache.noindex -swift-version 5 -enforce-exclusivity\=checked -Onone -D SWIFT_PACKAGE -D DEBUG -D Xcode -serialize-debugging-options -const-gather-protocols-file /Users/runner/work/Reframe/Reframe/App/build/Build/Intermediates.noindex/ReframeCore.build/Debug-iphonesimulator/TrackingKit.build/Objects-normal/x86_64/TrackingKit_const_extract_protocols.json -enable-experimental-feature DebugDescriptionMacro -enable-experimental-feature OpaqueTypeErasure -empty-abi-descriptor -plugin-path /Applications/Xcode_16.2.app/Contents/Developer/Toolchains/XcodeDefault.xctoolchain/usr/lib/swift/host/plugins/testing -validate-clang-modules-once -clang-build-session-file /Users/runner/work/Reframe/Reframe/App/build/ModuleCache.noindex/Session.modulevalidation -Xcc -working-directory -Xcc /Users/runner/work/Reframe/Reframe/App/AutoReframe.xcodeproj -resource-dir /Applications/Xcode_16.2.app/Contents/Developer/Toolchains/XcodeDefault.xctoolchain/usr/lib/swift -enable-anonymous-context-mangled-names -file-compilation-dir /Users/runner/work/Reframe/Reframe/App/AutoReframe.xcodeproj -Xcc -D_LIBCPP_HARDENING_MODE\=_LIBCPP_HARDENING_MODE_DEBUG -Xcc -ivfsstatcache -Xcc /Users/runner/work/Reframe/Reframe/App/build/SDKStatCaches.noindex/iphonesimulator18.2-22C146-16b5fc1f628d844b188c57a1ba9d6a81.sdkstatcache -Xcc -I/Users/runner/work/Reframe/Reframe/App/build/Build/Intermediates.noindex/ReframeCore.build/Debug-iphonesimulator/TrackingKit.build/swift-overrides.hmap -Xcc -I/Users/runner/work/Reframe/Reframe/App/build/Build/Products/Debug-iphonesimulator/include -Xcc -I/Users/runner/work/Reframe/Reframe/App/build/Build/Intermediates.noindex/ReframeCore.build/Debug-iphonesimulator/TrackingKit.build/DerivedSources-normal/x86_64 -Xcc -I/Users/runner/work/Reframe/Reframe/App/build/Build/Intermediates.noindex/ReframeCore.build/Debug-iphonesimulator/TrackingKit.build/DerivedSources/x86_64 -Xcc -I/Users/runner/work/Reframe/Reframe/App/build/Build/Intermediates.noindex/ReframeCore.build/Debug-iphonesimulator/TrackingKit.build/DerivedSources -Xcc -DSWIFT_PACKAGE -Xcc -DDEBUG\=1 -module-name TrackingKit -package-name reframecore -frontend-parseable-output -disable-clang-spi -target-sdk-version 18.2 -target-sdk-name iphonesimulator18.2 -external-plugin-path /Applications/Xcode_16.2.app/Contents/Developer/Platforms/iPhoneOS.platform/Developer/usr/lib/swift/host/plugins\#/Applications/Xcode_16.2.app/Contents/Developer/Platforms/iPhoneOS.platform/Developer/usr/bin/swift-plugin-server -external-plugin-path /Applications/Xcode_16.2.app/Contents/Developer/Platforms/iPhoneOS.platform/Developer/usr/local/lib/swift/host/plugins\#/Applications/Xcode_16.2.app/Contents/Developer/Platforms/iPhoneOS.platform/Developer/usr/bin/swift-plugin-server -plugin-path /Applications/Xcode_16.2.app/Contents/Developer/Toolchains/XcodeDefault.xctoolchain/usr/lib/swift/host/plugins -plugin-path /Applications/Xcode_16.2.app/Contents/Developer/Toolchains/XcodeDefault.xctoolchain/usr/local/lib/swift/host/plugins -o /Users/runner/work/Reframe/Reframe/App/build/Build/Intermediates.noindex/ReframeCore.build/Debug-iphonesimulator/TrackingKit.build/Objects-normal/x86_64/RenderPlanning.o -o /Users/runner/work/Reframe/Reframe/App/build/Build/Intermediates.noindex/ReframeCore.build/Debug-iphonesimulator/TrackingKit.build/Objects-normal/x86_64/VerticalRenderer.o -o /Users/runner/work/Reframe/Reframe/App/build/Build/Intermediates.noindex/ReframeCore.build/Debug-iphonesimulator/TrackingKit.build/Objects-normal/x86_64/Observation.o -o /Users/runner/work/Reframe/Reframe/App/build/Build/Intermediates.noindex/ReframeCore.build/Debug-iphonesimulator/TrackingKit.build/Objects-normal/x86_64/SubjectSelector.o -o /Users/runner/work/Reframe/Reframe/App/build/Build/Intermediates.noindex/ReframeCore.build/Debug-iphonesimulator/TrackingKit.build/Objects-normal/x86_64/SubjectTracker.o -o /Users/runner/work/Reframe/Reframe/App/build/Build/Intermediates.noindex/ReframeCore.build/Debug-iphonesimulator/TrackingKit.build/Objects-normal/x86_64/TrackingSettings.o -index-unit-output-path /ReframeCore.build/Debug-iphonesimulator/TrackingKit.build/Objects-normal/x86_64/RenderPlanning.o -index-unit-output-path /ReframeCore.build/Debug-iphonesimulator/TrackingKit.build/Objects-normal/x86_64/VerticalRenderer.o -index-unit-output-path /ReframeCore.build/Debug-iphonesimulator/TrackingKit.build/Objects-normal/x86_64/Observation.o -index-unit-output-path /ReframeCore.build/Debug-iphonesimulator/TrackingKit.build/Objects-normal/x86_64/SubjectSelector.o -index-unit-output-path /ReframeCore.build/Debug-iphonesimulator/TrackingKit.build/Objects-normal/x86_64/SubjectTracker.o -index-unit-output-path /ReframeCore.build/Debug-iphonesimulator/TrackingKit.build/Objects-normal/x86_64/TrackingSettings.o -index-store-path /Users/runner/work/Reframe/Reframe/App/build/Index.noindex/DataStore -index-system-modules
/Users/runner/work/Reframe/Reframe/Packages/ReframeCore/Sources/TrackingKit/Render/VerticalRenderer.swift:250:19: warning: capture of 'videoInput' with non-sendable type 'AVAssetWriterInput' in a `@Sendable` closure
            while videoInput.isReadyForMoreMediaData {
                  ^
AVFoundation.AVAssetWriterInput:2:12: note: class 'AVAssetWriterInput' does not conform to the 'Sendable' protocol
open class AVAssetWriterInput : NSObject {
           ^
/Users/runner/work/Reframe/Reframe/Packages/ReframeCore/Sources/TrackingKit/Render/VerticalRenderer.swift:3:1: warning: add '@preconcurrency' to suppress 'Sendable'-related warnings from module 'AVFoundation'
import AVFoundation
^
@preconcurrency 
/Users/runner/work/Reframe/Reframe/Packages/ReframeCore/Sources/TrackingKit/Render/VerticalRenderer.swift:254:40: warning: capture of 'videoOutput' with non-sendable type 'AVAssetReaderTrackOutput' in a `@Sendable` closure
                    guard let sample = videoOutput.copyNextSampleBuffer() else { finished = true; return }
                                       ^
AVFoundation.AVAssetReaderTrackOutput:2:12: note: class 'AVAssetReaderTrackOutput' does not conform to the 'Sendable' protocol
open class AVAssetReaderTrackOutput : AVAssetReaderOutput {
           ^
/Users/runner/work/Reframe/Reframe/Packages/ReframeCore/Sources/TrackingKit/Render/VerticalRenderer.swift:273:38: warning: capture of 'adaptor' with non-sendable type 'AVAssetWriterInputPixelBufferAdaptor' in a `@Sendable` closure
                    guard let pool = adaptor.pixelBufferPool else {
                                     ^
AVFoundation.AVAssetWriterInputPixelBufferAdaptor:2:12: note: class 'AVAssetWriterInputPixelBufferAdaptor' does not conform to the 'Sendable' protocol
open class AVAssetWriterInputPixelBufferAdaptor : NSObject {
           ^
/Users/runner/work/Reframe/Reframe/Packages/ReframeCore/Sources/TrackingKit/Render/VerticalRenderer.swift:281:21: warning: capture of 'ciContext' with non-sendable type 'CIContext' in a `@Sendable` closure
                    ciContext.render(image, to: outBuffer, bounds: outBounds, colorSpace: colorSpace)
                    ^
CoreImage.CIContext:2:12: note: class 'CIContext' does not conform to the 'Sendable' protocol
open class CIContext : NSObject {
           ^
/Users/runner/work/Reframe/Reframe/Packages/ReframeCore/Sources/TrackingKit/Render/VerticalRenderer.swift:4:1: warning: add '@preconcurrency' to suppress 'Sendable'-related warnings from module 'CoreImage'
import CoreImage
^
@preconcurrency 
/Users/runner/work/Reframe/Reframe/Packages/ReframeCore/Sources/TrackingKit/Render/VerticalRenderer.swift:283:61: warning: capture of 'writer' with non-sendable type 'AVAssetWriter' in a `@Sendable` closure
                        state.fail(RenderError.writerFailed(writer.error.map { "\($0)" } ?? "append de vídeo falhou"))
AVFoundation.AVAssetWriter:2:12: note: class 'AVAssetWriter' does not conform to the 'Sendable' protocol
open class AVAssetWriter : NSObject {
           ^
/Users/runner/work/Reframe/Reframe/Packages/ReframeCore/Sources/TrackingKit/Render/VerticalRenderer.swift:297:23: warning: capture of 'audioInput' with non-sendable type 'AVAssetWriterInput' in a `@Sendable` closure
                while audioInput.isReadyForMoreMediaData {
                      ^
AVFoundation.AVAssetWriterInput:2:12: note: class 'AVAssetWriterInput' does not conform to the 'Sendable' protocol
open class AVAssetWriterInput : NSObject {
           ^
/Users/runner/work/Reframe/Reframe/Packages/ReframeCore/Sources/TrackingKit/Render/VerticalRenderer.swift:299:40: warning: capture of 'audioOutput' with non-sendable type 'AVAssetReaderTrackOutput' in a `@Sendable` closure
                    guard let sample = audioOutput.copyNextSampleBuffer() else {
                                       ^
AVFoundation.AVAssetReaderTrackOutput:2:12: note: class 'AVAssetReaderTrackOutput' does not conform to the 'Sendable' protocol
open class AVAssetReaderTrackOutput : AVAssetReaderOutput {
           ^
/Users/runner/work/Reframe/Reframe/Packages/ReframeCore/Sources/TrackingKit/Render/VerticalRenderer.swift:303:61: warning: capture of 'writer' with non-sendable type 'AVAssetWriter' in a `@Sendable` closure
                        state.fail(RenderError.writerFailed(writer.error.map { "\($0)" } ?? "append de áudio falhou"))
AVFoundation.AVAssetWriter:2:12: note: class 'AVAssetWriter' does not conform to the 'Sendable' protocol
open class AVAssetWriter : NSObject {
           ^

SwiftCompile normal x86_64 /Users/runner/work/Reframe/Reframe/Packages/ReframeCore/Sources/TrackingKit/Selection/SubjectTracker.swift (in target 'TrackingKit' from project 'ReframeCore')
    cd /Users/runner/work/Reframe/Reframe/App/AutoReframe.xcodeproj
    /Applications/Xcode_16.2.app/Contents/Developer/Toolchains/XcodeDefault.xctoolchain/usr/bin/swift-frontend -c /Users/runner/work/Reframe/Reframe/Packages/ReframeCore/Sources/TrackingKit/Geometry/BoxMath.swift /Users/runner/work/Reframe/Reframe/Packages/ReframeCore/Sources/TrackingKit/Geometry/DisplayMapping.swift /Users/runner/work/Reframe/Reframe/Packages/ReframeCore/Sources/TrackingKit/Geometry/Timestamps.swift /Users/runner/work/Reframe/Reframe/Packages/ReframeCore/Sources/TrackingKit/Geometry/VisionCoordinates.swift /Users/runner/work/Reframe/Reframe/Packages/ReframeCore/Sources/TrackingKit/Output/CommandLineOptions.swift /Users/runner/work/Reframe/Reframe/Packages/ReframeCore/Sources/TrackingKit/Output/TrackingReport.swift -primary-file /Users/runner/work/Reframe/Reframe/Packages/ReframeCore/Sources/TrackingKit/Render/RenderPlanning.swift -primary-file /Users/runner/work/Reframe/Reframe/Packages/ReframeCore/Sources/TrackingKit/Render/VerticalRenderer.swift -primary-file /Users/runner/work/Reframe/Reframe/Packages/ReframeCore/Sources/TrackingKit/Selection/Observation.swift -primary-file /Users/runner/work/Reframe/Reframe/Packages/ReframeCore/Sources/TrackingKit/Selection/SubjectSelector.swift -primary-file /Users/runner/work/Reframe/Reframe/Packages/ReframeCore/Sources/TrackingKit/Selection/SubjectTracker.swift -primary-file /Users/runner/work/Reframe/Reframe/Packages/ReframeCore/Sources/TrackingKit/TrackingSettings.swift /Users/runner/work/Reframe/Reframe/Packages/ReframeCore/Sources/TrackingKit/Vision/DebugVideoWriter.swift /Users/runner/work/Reframe/Reframe/Packages/ReframeCore/Sources/TrackingKit/Vision/PersonPreview.swift /Users/runner/work/Reframe/Reframe/Packages/ReframeCore/Sources/TrackingKit/Vision/TrackingPipeline.swift /Users/runner/work/Reframe/Reframe/Packages/ReframeCore/Sources/TrackingKit/Vision/VideoFrameReader.swift /Users/runner/work/Reframe/Reframe/Packages/ReframeCore/Sources/TrackingKit/Vision/VisionComponents.swift -supplementary-output-file-map /Users/runner/work/Reframe/Reframe/App/build/Build/Intermediates.noindex/ReframeCore.build/Debug-iphonesimulator/TrackingKit.build/Objects-normal/x86_64/supplementaryOutputs-20 -target x86_64-apple-ios16.0-simulator -enable-objc-interop -sdk /Applications/Xcode_16.2.app/Contents/Developer/Platforms/iPhoneSimulator.platform/Developer/SDKs/iPhoneSimulator18.2.sdk -I /Users/runner/work/Reframe/Reframe/App/build/Build/Products/Debug-iphonesimulator -I /Applications/Xcode_16.2.app/Contents/Developer/Platforms/iPhoneSimulator.platform/Developer/usr/lib -F /Users/runner/work/Reframe/Reframe/App/build/Build/Products/Debug-iphonesimulator/PackageFrameworks -F /Users/runner/work/Reframe/Reframe/App/build/Build/Products/Debug-iphonesimulator -F /Applications/Xcode_16.2.app/Contents/Developer/Platforms/iPhoneSimulator.platform/Developer/Library/Frameworks -F /Applications/Xcode_16.2.app/Contents/Developer/Platforms/iPhoneSimulator.platform/Developer/SDKs/iPhoneSimulator18.2.sdk/Developer/Library/Frameworks -no-color-diagnostics -enable-testing -g -debug-info-format\=dwarf -dwarf-version\=4 -module-cache-path /Users/runner/work/Reframe/Reframe/App/build/ModuleCache.noindex -swift-version 5 -enforce-exclusivity\=checked -Onone -D SWIFT_PACKAGE -D DEBUG -D Xcode -serialize-debugging-options -const-gather-protocols-file /Users/runner/work/Reframe/Reframe/App/build/Build/Intermediates.noindex/ReframeCore.build/Debug-iphonesimulator/TrackingKit.build/Objects-normal/x86_64/TrackingKit_const_extract_protocols.json -enable-experimental-feature DebugDescriptionMacro -enable-experimental-feature OpaqueTypeErasure -empty-abi-descriptor -plugin-path /Applications/Xcode_16.2.app/Contents/Developer/Toolchains/XcodeDefault.xctoolchain/usr/lib/swift/host/plugins/testing -validate-clang-modules-once -clang-build-session-file /Users/runner/work/Reframe/Reframe/App/build/ModuleCache.noindex/Session.modulevalidation -Xcc -working-directory -Xcc /Users/runner/work/Reframe/Reframe/App/AutoReframe.xcodeproj -resource-dir /Applications/Xcode_16.2.app/Contents/Developer/Toolchains/XcodeDefault.xctoolchain/usr/lib/swift -enable-anonymous-context-mangled-names -file-compilation-dir /Users/runner/work/Reframe/Reframe/App/AutoReframe.xcodeproj -Xcc -D_LIBCPP_HARDENING_MODE\=_LIBCPP_HARDENING_MODE_DEBUG -Xcc -ivfsstatcache -Xcc /Users/runner/work/Reframe/Reframe/App/build/SDKStatCaches.noindex/iphonesimulator18.2-22C146-16b5fc1f628d844b188c57a1ba9d6a81.sdkstatcache -Xcc -I/Users/runner/work/Reframe/Reframe/App/build/Build/Intermediates.noindex/ReframeCore.build/Debug-iphonesimulator/TrackingKit.build/swift-overrides.hmap -Xcc -I/Users/runner/work/Reframe/Reframe/App/build/Build/Products/Debug-iphonesimulator/include -Xcc -I/Users/runner/work/Reframe/Reframe/App/build/Build/Intermediates.noindex/ReframeCore.build/Debug-iphonesimulator/TrackingKit.build/DerivedSources-normal/x86_64 -Xcc -I/Users/runner/work/Reframe/Reframe/App/build/Build/Intermediates.noindex/ReframeCore.build/Debug-iphonesimulator/TrackingKit.build/DerivedSources/x86_64 -Xcc -I/Users/runner/work/Reframe/Reframe/App/build/Build/Intermediates.noindex/ReframeCore.build/Debug-iphonesimulator/TrackingKit.build/DerivedSources -Xcc -DSWIFT_PACKAGE -Xcc -DDEBUG\=1 -module-name TrackingKit -package-name reframecore -frontend-parseable-output -disable-clang-spi -target-sdk-version 18.2 -target-sdk-name iphonesimulator18.2 -external-plugin-path /Applications/Xcode_16.2.app/Contents/Developer/Platforms/iPhoneOS.platform/Developer/usr/lib/swift/host/plugins\#/Applications/Xcode_16.2.app/Contents/Developer/Platforms/iPhoneOS.platform/Developer/usr/bin/swift-plugin-server -external-plugin-path /Applications/Xcode_16.2.app/Contents/Developer/Platforms/iPhoneOS.platform/Developer/usr/local/lib/swift/host/plugins\#/Applications/Xcode_16.2.app/Contents/Developer/Platforms/iPhoneOS.platform/Developer/usr/bin/swift-plugin-server -plugin-path /Applications/Xcode_16.2.app/Contents/Developer/Toolchains/XcodeDefault.xctoolchain/usr/lib/swift/host/plugins -plugin-path /Applications/Xcode_16.2.app/Contents/Developer/Toolchains/XcodeDefault.xctoolchain/usr/local/lib/swift/host/plugins -o /Users/runner/work/Reframe/Reframe/App/build/Build/Intermediates.noindex/ReframeCore.build/Debug-iphonesimulator/TrackingKit.build/Objects-normal/x86_64/RenderPlanning.o -o /Users/runner/work/Reframe/Reframe/App/build/Build/Intermediates.noindex/ReframeCore.build/Debug-iphonesimulator/TrackingKit.build/Objects-normal/x86_64/VerticalRenderer.o -o /Users/runner/work/Reframe/Reframe/App/build/Build/Intermediates.noindex/ReframeCore.build/Debug-iphonesimulator/TrackingKit.build/Objects-normal/x86_64/Observation.o -o /Users/runner/work/Reframe/Reframe/App/build/Build/Intermediates.noindex/ReframeCore.build/Debug-iphonesimulator/TrackingKit.build/Objects-normal/x86_64/SubjectSelector.o -o /Users/runner/work/Reframe/Reframe/App/build/Build/Intermediates.noindex/ReframeCore.build/Debug-iphonesimulator/TrackingKit.build/Objects-normal/x86_64/SubjectTracker.o -o /Users/runner/work/Reframe/Reframe/App/build/Build/Intermediates.noindex/ReframeCore.build/Debug-iphonesimulator/TrackingKit.build/Objects-normal/x86_64/TrackingSettings.o -index-unit-output-path /ReframeCore.build/Debug-iphonesimulator/TrackingKit.build/Objects-normal/x86_64/RenderPlanning.o -index-unit-output-path /ReframeCore.build/Debug-iphonesimulator/TrackingKit.build/Objects-normal/x86_64/VerticalRenderer.o -index-unit-output-path /ReframeCore.build/Debug-iphonesimulator/TrackingKit.build/Objects-normal/x86_64/Observation.o -index-unit-output-path /ReframeCore.build/Debug-iphonesimulator/TrackingKit.build/Objects-normal/x86_64/SubjectSelector.o -index-unit-output-path /ReframeCore.build/Debug-iphonesimulator/TrackingKit.build/Objects-normal/x86_64/SubjectTracker.o -index-unit-output-path /ReframeCore.build/Debug-iphonesimulator/TrackingKit.build/Objects-normal/x86_64/TrackingSettings.o -index-store-path /Users/runner/work/Reframe/Reframe/App/build/Index.noindex/DataStore -index-system-modules
/Users/runner/work/Reframe/Reframe/Packages/ReframeCore/Sources/TrackingKit/Render/VerticalRenderer.swift:250:19: warning: capture of 'videoInput' with non-sendable type 'AVAssetWriterInput' in a `@Sendable` closure
            while videoInput.isReadyForMoreMediaData {
                  ^
AVFoundation.AVAssetWriterInput:2:12: note: class 'AVAssetWriterInput' does not conform to the 'Sendable' protocol
open class AVAssetWriterInput : NSObject {
           ^
/Users/runner/work/Reframe/Reframe/Packages/ReframeCore/Sources/TrackingKit/Render/VerticalRenderer.swift:3:1: warning: add '@preconcurrency' to suppress 'Sendable'-related warnings from module 'AVFoundation'
import AVFoundation
^
@preconcurrency 
/Users/runner/work/Reframe/Reframe/Packages/ReframeCore/Sources/TrackingKit/Render/VerticalRenderer.swift:254:40: warning: capture of 'videoOutput' with non-sendable type 'AVAssetReaderTrackOutput' in a `@Sendable` closure
                    guard let sample = videoOutput.copyNextSampleBuffer() else { finished = true; return }
                                       ^
AVFoundation.AVAssetReaderTrackOutput:2:12: note: class 'AVAssetReaderTrackOutput' does not conform to the 'Sendable' protocol
open class AVAssetReaderTrackOutput : AVAssetReaderOutput {
           ^
/Users/runner/work/Reframe/Reframe/Packages/ReframeCore/Sources/TrackingKit/Render/VerticalRenderer.swift:273:38: warning: capture of 'adaptor' with non-sendable type 'AVAssetWriterInputPixelBufferAdaptor' in a `@Sendable` closure
                    guard let pool = adaptor.pixelBufferPool else {
                                     ^
AVFoundation.AVAssetWriterInputPixelBufferAdaptor:2:12: note: class 'AVAssetWriterInputPixelBufferAdaptor' does not conform to the 'Sendable' protocol
open class AVAssetWriterInputPixelBufferAdaptor : NSObject {
           ^
/Users/runner/work/Reframe/Reframe/Packages/ReframeCore/Sources/TrackingKit/Render/VerticalRenderer.swift:281:21: warning: capture of 'ciContext' with non-sendable type 'CIContext' in a `@Sendable` closure
                    ciContext.render(image, to: outBuffer, bounds: outBounds, colorSpace: colorSpace)
                    ^
CoreImage.CIContext:2:12: note: class 'CIContext' does not conform to the 'Sendable' protocol
open class CIContext : NSObject {
           ^
/Users/runner/work/Reframe/Reframe/Packages/ReframeCore/Sources/TrackingKit/Render/VerticalRenderer.swift:4:1: warning: add '@preconcurrency' to suppress 'Sendable'-related warnings from module 'CoreImage'
import CoreImage
^
@preconcurrency 
/Users/runner/work/Reframe/Reframe/Packages/ReframeCore/Sources/TrackingKit/Render/VerticalRenderer.swift:283:61: warning: capture of 'writer' with non-sendable type 'AVAssetWriter' in a `@Sendable` closure
                        state.fail(RenderError.writerFailed(writer.error.map { "\($0)" } ?? "append de vídeo falhou"))
AVFoundation.AVAssetWriter:2:12: note: class 'AVAssetWriter' does not conform to the 'Sendable' protocol
open class AVAssetWriter : NSObject {
           ^
/Users/runner/work/Reframe/Reframe/Packages/ReframeCore/Sources/TrackingKit/Render/VerticalRenderer.swift:297:23: warning: capture of 'audioInput' with non-sendable type 'AVAssetWriterInput' in a `@Sendable` closure
                while audioInput.isReadyForMoreMediaData {
                      ^
AVFoundation.AVAssetWriterInput:2:12: note: class 'AVAssetWriterInput' does not conform to the 'Sendable' protocol
open class AVAssetWriterInput : NSObject {
           ^
/Users/runner/work/Reframe/Reframe/Packages/ReframeCore/Sources/TrackingKit/Render/VerticalRenderer.swift:299:40: warning: capture of 'audioOutput' with non-sendable type 'AVAssetReaderTrackOutput' in a `@Sendable` closure
                    guard let sample = audioOutput.copyNextSampleBuffer() else {
                                       ^
AVFoundation.AVAssetReaderTrackOutput:2:12: note: class 'AVAssetReaderTrackOutput' does not conform to the 'Sendable' protocol
open class AVAssetReaderTrackOutput : AVAssetReaderOutput {
           ^
/Users/runner/work/Reframe/Reframe/Packages/ReframeCore/Sources/TrackingKit/Render/VerticalRenderer.swift:303:61: warning: capture of 'writer' with non-sendable type 'AVAssetWriter' in a `@Sendable` closure
                        state.fail(RenderError.writerFailed(writer.error.map { "\($0)" } ?? "append de áudio falhou"))
AVFoundation.AVAssetWriter:2:12: note: class 'AVAssetWriter' does not conform to the 'Sendable' protocol
open class AVAssetWriter : NSObject {
           ^

SwiftCompile normal x86_64 /Users/runner/work/Reframe/Reframe/Packages/ReframeCore/Sources/TrackingKit/TrackingSettings.swift (in target 'TrackingKit' from project 'ReframeCore')
    cd /Users/runner/work/Reframe/Reframe/App/AutoReframe.xcodeproj
    /Applications/Xcode_16.2.app/Contents/Developer/Toolchains/XcodeDefault.xctoolchain/usr/bin/swift-frontend -c /Users/runner/work/Reframe/Reframe/Packages/ReframeCore/Sources/TrackingKit/Geometry/BoxMath.swift /Users/runner/work/Reframe/Reframe/Packages/ReframeCore/Sources/TrackingKit/Geometry/DisplayMapping.swift /Users/runner/work/Reframe/Reframe/Packages/ReframeCore/Sources/TrackingKit/Geometry/Timestamps.swift /Users/runner/work/Reframe/Reframe/Packages/ReframeCore/Sources/TrackingKit/Geometry/VisionCoordinates.swift /Users/runner/work/Reframe/Reframe/Packages/ReframeCore/Sources/TrackingKit/Output/CommandLineOptions.swift /Users/runner/work/Reframe/Reframe/Packages/ReframeCore/Sources/TrackingKit/Output/TrackingReport.swift -primary-file /Users/runner/work/Reframe/Reframe/Packages/ReframeCore/Sources/TrackingKit/Render/RenderPlanning.swift -primary-file /Users/runner/work/Reframe/Reframe/Packages/ReframeCore/Sources/TrackingKit/Render/VerticalRenderer.swift -primary-file /Users/runner/work/Reframe/Reframe/Packages/ReframeCore/Sources/TrackingKit/Selection/Observation.swift -primary-file /Users/runner/work/Reframe/Reframe/Packages/ReframeCore/Sources/TrackingKit/Selection/SubjectSelector.swift -primary-file /Users/runner/work/Reframe/Reframe/Packages/ReframeCore/Sources/TrackingKit/Selection/SubjectTracker.swift -primary-file /Users/runner/work/Reframe/Reframe/Packages/ReframeCore/Sources/TrackingKit/TrackingSettings.swift /Users/runner/work/Reframe/Reframe/Packages/ReframeCore/Sources/TrackingKit/Vision/DebugVideoWriter.swift /Users/runner/work/Reframe/Reframe/Packages/ReframeCore/Sources/TrackingKit/Vision/PersonPreview.swift /Users/runner/work/Reframe/Reframe/Packages/ReframeCore/Sources/TrackingKit/Vision/TrackingPipeline.swift /Users/runner/work/Reframe/Reframe/Packages/ReframeCore/Sources/TrackingKit/Vision/VideoFrameReader.swift /Users/runner/work/Reframe/Reframe/Packages/ReframeCore/Sources/TrackingKit/Vision/VisionComponents.swift -supplementary-output-file-map /Users/runner/work/Reframe/Reframe/App/build/Build/Intermediates.noindex/ReframeCore.build/Debug-iphonesimulator/TrackingKit.build/Objects-normal/x86_64/supplementaryOutputs-20 -target x86_64-apple-ios16.0-simulator -enable-objc-interop -sdk /Applications/Xcode_16.2.app/Contents/Developer/Platforms/iPhoneSimulator.platform/Developer/SDKs/iPhoneSimulator18.2.sdk -I /Users/runner/work/Reframe/Reframe/App/build/Build/Products/Debug-iphonesimulator -I /Applications/Xcode_16.2.app/Contents/Developer/Platforms/iPhoneSimulator.platform/Developer/usr/lib -F /Users/runner/work/Reframe/Reframe/App/build/Build/Products/Debug-iphonesimulator/PackageFrameworks -F /Users/runner/work/Reframe/Reframe/App/build/Build/Products/Debug-iphonesimulator -F /Applications/Xcode_16.2.app/Contents/Developer/Platforms/iPhoneSimulator.platform/Developer/Library/Frameworks -F /Applications/Xcode_16.2.app/Contents/Developer/Platforms/iPhoneSimulator.platform/Developer/SDKs/iPhoneSimulator18.2.sdk/Developer/Library/Frameworks -no-color-diagnostics -enable-testing -g -debug-info-format\=dwarf -dwarf-version\=4 -module-cache-path /Users/runner/work/Reframe/Reframe/App/build/ModuleCache.noindex -swift-version 5 -enforce-exclusivity\=checked -Onone -D SWIFT_PACKAGE -D DEBUG -D Xcode -serialize-debugging-options -const-gather-protocols-file /Users/runner/work/Reframe/Reframe/App/build/Build/Intermediates.noindex/ReframeCore.build/Debug-iphonesimulator/TrackingKit.build/Objects-normal/x86_64/TrackingKit_const_extract_protocols.json -enable-experimental-feature DebugDescriptionMacro -enable-experimental-feature OpaqueTypeErasure -empty-abi-descriptor -plugin-path /Applications/Xcode_16.2.app/Contents/Developer/Toolchains/XcodeDefault.xctoolchain/usr/lib/swift/host/plugins/testing -validate-clang-modules-once -clang-build-session-file /Users/runner/work/Reframe/Reframe/App/build/ModuleCache.noindex/Session.modulevalidation -Xcc -working-directory -Xcc /Users/runner/work/Reframe/Reframe/App/AutoReframe.xcodeproj -resource-dir /Applications/Xcode_16.2.app/Contents/Developer/Toolchains/XcodeDefault.xctoolchain/usr/lib/swift -enable-anonymous-context-mangled-names -file-compilation-dir /Users/runner/work/Reframe/Reframe/App/AutoReframe.xcodeproj -Xcc -D_LIBCPP_HARDENING_MODE\=_LIBCPP_HARDENING_MODE_DEBUG -Xcc -ivfsstatcache -Xcc /Users/runner/work/Reframe/Reframe/App/build/SDKStatCaches.noindex/iphonesimulator18.2-22C146-16b5fc1f628d844b188c57a1ba9d6a81.sdkstatcache -Xcc -I/Users/runner/work/Reframe/Reframe/App/build/Build/Intermediates.noindex/ReframeCore.build/Debug-iphonesimulator/TrackingKit.build/swift-overrides.hmap -Xcc -I/Users/runner/work/Reframe/Reframe/App/build/Build/Products/Debug-iphonesimulator/include -Xcc -I/Users/runner/work/Reframe/Reframe/App/build/Build/Intermediates.noindex/ReframeCore.build/Debug-iphonesimulator/TrackingKit.build/DerivedSources-normal/x86_64 -Xcc -I/Users/runner/work/Reframe/Reframe/App/build/Build/Intermediates.noindex/ReframeCore.build/Debug-iphonesimulator/TrackingKit.build/DerivedSources/x86_64 -Xcc -I/Users/runner/work/Reframe/Reframe/App/build/Build/Intermediates.noindex/ReframeCore.build/Debug-iphonesimulator/TrackingKit.build/DerivedSources -Xcc -DSWIFT_PACKAGE -Xcc -DDEBUG\=1 -module-name TrackingKit -package-name reframecore -frontend-parseable-output -disable-clang-spi -target-sdk-version 18.2 -target-sdk-name iphonesimulator18.2 -external-plugin-path /Applications/Xcode_16.2.app/Contents/Developer/Platforms/iPhoneOS.platform/Developer/usr/lib/swift/host/plugins\#/Applications/Xcode_16.2.app/Contents/Developer/Platforms/iPhoneOS.platform/Developer/usr/bin/swift-plugin-server -external-plugin-path /Applications/Xcode_16.2.app/Contents/Developer/Platforms/iPhoneOS.platform/Developer/usr/local/lib/swift/host/plugins\#/Applications/Xcode_16.2.app/Contents/Developer/Platforms/iPhoneOS.platform/Developer/usr/bin/swift-plugin-server -plugin-path /Applications/Xcode_16.2.app/Contents/Developer/Toolchains/XcodeDefault.xctoolchain/usr/lib/swift/host/plugins -plugin-path /Applications/Xcode_16.2.app/Contents/Developer/Toolchains/XcodeDefault.xctoolchain/usr/local/lib/swift/host/plugins -o /Users/runner/work/Reframe/Reframe/App/build/Build/Intermediates.noindex/ReframeCore.build/Debug-iphonesimulator/TrackingKit.build/Objects-normal/x86_64/RenderPlanning.o -o /Users/runner/work/Reframe/Reframe/App/build/Build/Intermediates.noindex/ReframeCore.build/Debug-iphonesimulator/TrackingKit.build/Objects-normal/x86_64/VerticalRenderer.o -o /Users/runner/work/Reframe/Reframe/App/build/Build/Intermediates.noindex/ReframeCore.build/Debug-iphonesimulator/TrackingKit.build/Objects-normal/x86_64/Observation.o -o /Users/runner/work/Reframe/Reframe/App/build/Build/Intermediates.noindex/ReframeCore.build/Debug-iphonesimulator/TrackingKit.build/Objects-normal/x86_64/SubjectSelector.o -o /Users/runner/work/Reframe/Reframe/App/build/Build/Intermediates.noindex/ReframeCore.build/Debug-iphonesimulator/TrackingKit.build/Objects-normal/x86_64/SubjectTracker.o -o /Users/runner/work/Reframe/Reframe/App/build/Build/Intermediates.noindex/ReframeCore.build/Debug-iphonesimulator/TrackingKit.build/Objects-normal/x86_64/TrackingSettings.o -index-unit-output-path /ReframeCore.build/Debug-iphonesimulator/TrackingKit.build/Objects-normal/x86_64/RenderPlanning.o -index-unit-output-path /ReframeCore.build/Debug-iphonesimulator/TrackingKit.build/Objects-normal/x86_64/VerticalRenderer.o -index-unit-output-path /ReframeCore.build/Debug-iphonesimulator/TrackingKit.build/Objects-normal/x86_64/Observation.o -index-unit-output-path /ReframeCore.build/Debug-iphonesimulator/TrackingKit.build/Objects-normal/x86_64/SubjectSelector.o -index-unit-output-path /ReframeCore.build/Debug-iphonesimulator/TrackingKit.build/Objects-normal/x86_64/SubjectTracker.o -index-unit-output-path /ReframeCore.build/Debug-iphonesimulator/TrackingKit.build/Objects-normal/x86_64/TrackingSettings.o -index-store-path /Users/runner/work/Reframe/Reframe/App/build/Index.noindex/DataStore -index-system-modules
/Users/runner/work/Reframe/Reframe/Packages/ReframeCore/Sources/TrackingKit/Render/VerticalRenderer.swift:250:19: warning: capture of 'videoInput' with non-sendable type 'AVAssetWriterInput' in a `@Sendable` closure
            while videoInput.isReadyForMoreMediaData {
                  ^
AVFoundation.AVAssetWriterInput:2:12: note: class 'AVAssetWriterInput' does not conform to the 'Sendable' protocol
open class AVAssetWriterInput : NSObject {
           ^
/Users/runner/work/Reframe/Reframe/Packages/ReframeCore/Sources/TrackingKit/Render/VerticalRenderer.swift:3:1: warning: add '@preconcurrency' to suppress 'Sendable'-related warnings from module 'AVFoundation'
import AVFoundation
^
@preconcurrency 
/Users/runner/work/Reframe/Reframe/Packages/ReframeCore/Sources/TrackingKit/Render/VerticalRenderer.swift:254:40: warning: capture of 'videoOutput' with non-sendable type 'AVAssetReaderTrackOutput' in a `@Sendable` closure
                    guard let sample = videoOutput.copyNextSampleBuffer() else { finished = true; return }
                                       ^
AVFoundation.AVAssetReaderTrackOutput:2:12: note: class 'AVAssetReaderTrackOutput' does not conform to the 'Sendable' protocol
open class AVAssetReaderTrackOutput : AVAssetReaderOutput {
           ^
/Users/runner/work/Reframe/Reframe/Packages/ReframeCore/Sources/TrackingKit/Render/VerticalRenderer.swift:273:38: warning: capture of 'adaptor' with non-sendable type 'AVAssetWriterInputPixelBufferAdaptor' in a `@Sendable` closure
                    guard let pool = adaptor.pixelBufferPool else {
                                     ^
AVFoundation.AVAssetWriterInputPixelBufferAdaptor:2:12: note: class 'AVAssetWriterInputPixelBufferAdaptor' does not conform to the 'Sendable' protocol
open class AVAssetWriterInputPixelBufferAdaptor : NSObject {
           ^
/Users/runner/work/Reframe/Reframe/Packages/ReframeCore/Sources/TrackingKit/Render/VerticalRenderer.swift:281:21: warning: capture of 'ciContext' with non-sendable type 'CIContext' in a `@Sendable` closure
                    ciContext.render(image, to: outBuffer, bounds: outBounds, colorSpace: colorSpace)
                    ^
CoreImage.CIContext:2:12: note: class 'CIContext' does not conform to the 'Sendable' protocol
open class CIContext : NSObject {
           ^
/Users/runner/work/Reframe/Reframe/Packages/ReframeCore/Sources/TrackingKit/Render/VerticalRenderer.swift:4:1: warning: add '@preconcurrency' to suppress 'Sendable'-related warnings from module 'CoreImage'
import CoreImage
^
@preconcurrency 
/Users/runner/work/Reframe/Reframe/Packages/ReframeCore/Sources/TrackingKit/Render/VerticalRenderer.swift:283:61: warning: capture of 'writer' with non-sendable type 'AVAssetWriter' in a `@Sendable` closure
                        state.fail(RenderError.writerFailed(writer.error.map { "\($0)" } ?? "append de vídeo falhou"))
AVFoundation.AVAssetWriter:2:12: note: class 'AVAssetWriter' does not conform to the 'Sendable' protocol
open class AVAssetWriter : NSObject {
           ^
/Users/runner/work/Reframe/Reframe/Packages/ReframeCore/Sources/TrackingKit/Render/VerticalRenderer.swift:297:23: warning: capture of 'audioInput' with non-sendable type 'AVAssetWriterInput' in a `@Sendable` closure
                while audioInput.isReadyForMoreMediaData {
                      ^
AVFoundation.AVAssetWriterInput:2:12: note: class 'AVAssetWriterInput' does not conform to the 'Sendable' protocol
open class AVAssetWriterInput : NSObject {
           ^
/Users/runner/work/Reframe/Reframe/Packages/ReframeCore/Sources/TrackingKit/Render/VerticalRenderer.swift:299:40: warning: capture of 'audioOutput' with non-sendable type 'AVAssetReaderTrackOutput' in a `@Sendable` closure
                    guard let sample = audioOutput.copyNextSampleBuffer() else {
                                       ^
AVFoundation.AVAssetReaderTrackOutput:2:12: note: class 'AVAssetReaderTrackOutput' does not conform to the 'Sendable' protocol
open class AVAssetReaderTrackOutput : AVAssetReaderOutput {
           ^
/Users/runner/work/Reframe/Reframe/Packages/ReframeCore/Sources/TrackingKit/Render/VerticalRenderer.swift:303:61: warning: capture of 'writer' with non-sendable type 'AVAssetWriter' in a `@Sendable` closure
                        state.fail(RenderError.writerFailed(writer.error.map { "\($0)" } ?? "append de áudio falhou"))
AVFoundation.AVAssetWriter:2:12: note: class 'AVAssetWriter' does not conform to the 'Sendable' protocol
open class AVAssetWriter : NSObject {
           ^

SwiftDriverJobDiscovery normal x86_64 Compiling BoxMath.swift, DisplayMapping.swift, Timestamps.swift, VisionCoordinates.swift, CommandLineOptions.swift, TrackingReport.swift (in target 'TrackingKit' from project 'ReframeCore')

SwiftCompile normal arm64 Compiling\ RenderPlanning.swift,\ VerticalRenderer.swift,\ Observation.swift,\ SubjectSelector.swift,\ SubjectTracker.swift,\ TrackingSettings.swift /Users/runner/work/Reframe/Reframe/Packages/ReframeCore/Sources/TrackingKit/Render/RenderPlanning.swift /Users/runner/work/Reframe/Reframe/Packages/ReframeCore/Sources/TrackingKit/Render/VerticalRenderer.swift /Users/runner/work/Reframe/Reframe/Packages/ReframeCore/Sources/TrackingKit/Selection/Observation.swift /Users/runner/work/Reframe/Reframe/Packages/ReframeCore/Sources/TrackingKit/Selection/SubjectSelector.swift /Users/runner/work/Reframe/Reframe/Packages/ReframeCore/Sources/TrackingKit/Selection/SubjectTracker.swift /Users/runner/work/Reframe/Reframe/Packages/ReframeCore/Sources/TrackingKit/TrackingSettings.swift (in target 'TrackingKit' from project 'ReframeCore')
    cd /Users/runner/work/Reframe/Reframe/App/AutoReframe.xcodeproj
    builtin-swiftTaskExecution -- /Applications/Xcode_16.2.app/Contents/Developer/Toolchains/XcodeDefault.xctoolchain/usr/bin/swift-frontend -frontend -c /Users/runner/work/Reframe/Reframe/Packages/ReframeCore/Sources/TrackingKit/Geometry/BoxMath.swift /Users/runner/work/Reframe/Reframe/Packages/ReframeCore/Sources/TrackingKit/Geometry/DisplayMapping.swift /Users/runner/work/Reframe/Reframe/Packages/ReframeCore/Sources/TrackingKit/Geometry/Timestamps.swift /Users/runner/work/Reframe/Reframe/Packages/ReframeCore/Sources/TrackingKit/Geometry/VisionCoordinates.swift /Users/runner/work/Reframe/Reframe/Packages/ReframeCore/Sources/TrackingKit/Output/CommandLineOptions.swift /Users/runner/work/Reframe/Reframe/Packages/ReframeCore/Sources/TrackingKit/Output/TrackingReport.swift -primary-file /Users/runner/work/Reframe/Reframe/Packages/ReframeCore/Sources/TrackingKit/Render/RenderPlanning.swift -primary-file /Users/runner/work/Reframe/Reframe/Packages/ReframeCore/Sources/TrackingKit/Render/VerticalRenderer.swift -primary-file /Users/runner/work/Reframe/Reframe/Packages/ReframeCore/Sources/TrackingKit/Selection/Observation.swift -primary-file /Users/runner/work/Reframe/Reframe/Packages/ReframeCore/Sources/TrackingKit/Selection/SubjectSelector.swift -primary-file /Users/runner/work/Reframe/Reframe/Packages/ReframeCore/Sources/TrackingKit/Selection/SubjectTracker.swift -primary-file /Users/runner/work/Reframe/Reframe/Packages/ReframeCore/Sources/TrackingKit/TrackingSettings.swift /Users/runner/work/Reframe/Reframe/Packages/ReframeCore/Sources/TrackingKit/Vision/DebugVideoWriter.swift /Users/runner/work/Reframe/Reframe/Packages/ReframeCore/Sources/TrackingKit/Vision/PersonPreview.swift /Users/runner/work/Reframe/Reframe/Packages/ReframeCore/Sources/TrackingKit/Vision/TrackingPipeline.swift /Users/runner/work/Reframe/Reframe/Packages/ReframeCore/Sources/TrackingKit/Vision/VideoFrameReader.swift /Users/runner/work/Reframe/Reframe/Packages/ReframeCore/Sources/TrackingKit/Vision/VisionComponents.swift -supplementary-output-file-map /Users/runner/work/Reframe/Reframe/App/build/Build/Intermediates.noindex/ReframeCore.build/Debug-iphonesimulator/TrackingKit.build/Objects-normal/arm64/supplementaryOutputs-14 -target arm64-apple-ios16.0-simulator -Xllvm -aarch64-use-tbi -enable-objc-interop -sdk /Applications/Xcode_16.2.app/Contents/Developer/Platforms/iPhoneSimulator.platform/Developer/SDKs/iPhoneSimulator18.2.sdk -I /Users/runner/work/Reframe/Reframe/App/build/Build/Products/Debug-iphonesimulator -I /Applications/Xcode_16.2.app/Contents/Developer/Platforms/iPhoneSimulator.platform/Developer/usr/lib -F /Users/runner/work/Reframe/Reframe/App/build/Build/Products/Debug-iphonesimulator/PackageFrameworks -F /Users/runner/work/Reframe/Reframe/App/build/Build/Products/Debug-iphonesimulator -F /Applications/Xcode_16.2.app/Contents/Developer/Platforms/iPhoneSimulator.platform/Developer/Library/Frameworks -F /Applications/Xcode_16.2.app/Contents/Developer/Platforms/iPhoneSimulator.platform/Developer/SDKs/iPhoneSimulator18.2.sdk/Developer/Library/Frameworks -no-color-diagnostics -enable-testing -g -debug-info-format\=dwarf -dwarf-version\=4 -module-cache-path /Users/runner/work/Reframe/Reframe/App/build/ModuleCache.noindex -swift-version 5 -enforce-exclusivity\=checked -Onone -D SWIFT_PACKAGE -D DEBUG -D Xcode -serialize-debugging-options -const-gather-protocols-file /Users/runner/work/Reframe/Reframe/App/build/Build/Intermediates.noindex/ReframeCore.build/Debug-iphonesimulator/TrackingKit.build/Objects-normal/arm64/TrackingKit_const_extract_protocols.json -enable-experimental-feature DebugDescriptionMacro -enable-experimental-feature OpaqueTypeErasure -empty-abi-descriptor -plugin-path /Applications/Xcode_16.2.app/Contents/Developer/Toolchains/XcodeDefault.xctoolchain/usr/lib/swift/host/plugins/testing -validate-clang-modules-once -clang-build-session-file /Users/runner/work/Reframe/Reframe/App/build/ModuleCache.noindex/Session.modulevalidation -Xcc -working-directory -Xcc /Users/runner/work/Reframe/Reframe/App/AutoReframe.xcodeproj -resource-dir /Applications/Xcode_16.2.app/Contents/Developer/Toolchains/XcodeDefault.xctoolchain/usr/lib/swift -enable-anonymous-context-mangled-names -file-compilation-dir /Users/runner/work/Reframe/Reframe/App/AutoReframe.xcodeproj -Xcc -D_LIBCPP_HARDENING_MODE\=_LIBCPP_HARDENING_MODE_DEBUG -Xcc -ivfsstatcache -Xcc /Users/runner/work/Reframe/Reframe/App/build/SDKStatCaches.noindex/iphonesimulator18.2-22C146-16b5fc1f628d844b188c57a1ba9d6a81.sdkstatcache -Xcc -I/Users/runner/work/Reframe/Reframe/App/build/Build/Intermediates.noindex/ReframeCore.build/Debug-iphonesimulator/TrackingKit.build/swift-overrides.hmap -Xcc -I/Users/runner/work/Reframe/Reframe/App/build/Build/Products/Debug-iphonesimulator/include -Xcc -I/Users/runner/work/Reframe/Reframe/App/build/Build/Intermediates.noindex/ReframeCore.build/Debug-iphonesimulator/TrackingKit.build/DerivedSources-normal/arm64 -Xcc -I/Users/runner/work/Reframe/Reframe/App/build/Build/Intermediates.noindex/ReframeCore.build/Debug-iphonesimulator/TrackingKit.build/DerivedSources/arm64 -Xcc -I/Users/runner/work/Reframe/Reframe/App/build/Build/Intermediates.noindex/ReframeCore.build/Debug-iphonesimulator/TrackingKit.build/DerivedSources -Xcc -DSWIFT_PACKAGE -Xcc -DDEBUG\=1 -module-name TrackingKit -package-name reframecore -frontend-parseable-output -disable-clang-spi -target-sdk-version 18.2 -target-sdk-name iphonesimulator18.2 -external-plugin-path /Applications/Xcode_16.2.app/Contents/Developer/Platforms/iPhoneOS.platform/Developer/usr/lib/swift/host/plugins\#/Applications/Xcode_16.2.app/Contents/Developer/Platforms/iPhoneOS.platform/Developer/usr/bin/swift-plugin-server -external-plugin-path /Applications/Xcode_16.2.app/Contents/Developer/Platforms/iPhoneOS.platform/Developer/usr/local/lib/swift/host/plugins\#/Applications/Xcode_16.2.app/Contents/Developer/Platforms/iPhoneOS.platform/Developer/usr/bin/swift-plugin-server -plugin-path /Applications/Xcode_16.2.app/Contents/Developer/Toolchains/XcodeDefault.xctoolchain/usr/lib/swift/host/plugins -plugin-path /Applications/Xcode_16.2.app/Contents/Developer/Toolchains/XcodeDefault.xctoolchain/usr/local/lib/swift/host/plugins -o /Users/runner/work/Reframe/Reframe/App/build/Build/Intermediates.noindex/ReframeCore.build/Debug-iphonesimulator/TrackingKit.build/Objects-normal/arm64/RenderPlanning.o -o /Users/runner/work/Reframe/Reframe/App/build/Build/Intermediates.noindex/ReframeCore.build/Debug-iphonesimulator/TrackingKit.build/Objects-normal/arm64/VerticalRenderer.o -o /Users/runner/work/Reframe/Reframe/App/build/Build/Intermediates.noindex/ReframeCore.build/Debug-iphonesimulator/TrackingKit.build/Objects-normal/arm64/Observation.o -o /Users/runner/work/Reframe/Reframe/App/build/Build/Intermediates.noindex/ReframeCore.build/Debug-iphonesimulator/TrackingKit.build/Objects-normal/arm64/SubjectSelector.o -o /Users/runner/work/Reframe/Reframe/App/build/Build/Intermediates.noindex/ReframeCore.build/Debug-iphonesimulator/TrackingKit.build/Objects-normal/arm64/SubjectTracker.o -o /Users/runner/work/Reframe/Reframe/App/build/Build/Intermediates.noindex/ReframeCore.build/Debug-iphonesimulator/TrackingKit.build/Objects-normal/arm64/TrackingSettings.o -index-unit-output-path /ReframeCore.build/Debug-iphonesimulator/TrackingKit.build/Objects-normal/arm64/RenderPlanning.o -index-unit-output-path /ReframeCore.build/Debug-iphonesimulator/TrackingKit.build/Objects-normal/arm64/VerticalRenderer.o -index-unit-output-path /ReframeCore.build/Debug-iphonesimulator/TrackingKit.build/Objects-normal/arm64/Observation.o -index-unit-output-path /ReframeCore.build/Debug-iphonesimulator/TrackingKit.build/Objects-normal/arm64/SubjectSelector.o -index-unit-output-path /ReframeCore.build/Debug-iphonesimulator/TrackingKit.build/Objects-normal/arm64/SubjectTracker.o -index-unit-output-path /ReframeCore.build/Debug-iphonesimulator/TrackingKit.build/Objects-normal/arm64/TrackingSettings.o -index-store-path /Users/runner/work/Reframe/Reframe/App/build/Index.noindex/DataStore -index-system-modules
SwiftCompile normal arm64 /Users/runner/work/Reframe/Reframe/Packages/ReframeCore/Sources/TrackingKit/Render/RenderPlanning.swift (in target 'TrackingKit' from project 'ReframeCore')
    cd /Users/runner/work/Reframe/Reframe/App/AutoReframe.xcodeproj
    /Applications/Xcode_16.2.app/Contents/Developer/Toolchains/XcodeDefault.xctoolchain/usr/bin/swift-frontend -c /Users/runner/work/Reframe/Reframe/Packages/ReframeCore/Sources/TrackingKit/Geometry/BoxMath.swift /Users/runner/work/Reframe/Reframe/Packages/ReframeCore/Sources/TrackingKit/Geometry/DisplayMapping.swift /Users/runner/work/Reframe/Reframe/Packages/ReframeCore/Sources/TrackingKit/Geometry/Timestamps.swift /Users/runner/work/Reframe/Reframe/Packages/ReframeCore/Sources/TrackingKit/Geometry/VisionCoordinates.swift /Users/runner/work/Reframe/Reframe/Packages/ReframeCore/Sources/TrackingKit/Output/CommandLineOptions.swift /Users/runner/work/Reframe/Reframe/Packages/ReframeCore/Sources/TrackingKit/Output/TrackingReport.swift -primary-file /Users/runner/work/Reframe/Reframe/Packages/ReframeCore/Sources/TrackingKit/Render/RenderPlanning.swift -primary-file /Users/runner/work/Reframe/Reframe/Packages/ReframeCore/Sources/TrackingKit/Render/VerticalRenderer.swift -primary-file /Users/runner/work/Reframe/Reframe/Packages/ReframeCore/Sources/TrackingKit/Selection/Observation.swift -primary-file /Users/runner/work/Reframe/Reframe/Packages/ReframeCore/Sources/TrackingKit/Selection/SubjectSelector.swift -primary-file /Users/runner/work/Reframe/Reframe/Packages/ReframeCore/Sources/TrackingKit/Selection/SubjectTracker.swift -primary-file /Users/runner/work/Reframe/Reframe/Packages/ReframeCore/Sources/TrackingKit/TrackingSettings.swift /Users/runner/work/Reframe/Reframe/Packages/ReframeCore/Sources/TrackingKit/Vision/DebugVideoWriter.swift /Users/runner/work/Reframe/Reframe/Packages/ReframeCore/Sources/TrackingKit/Vision/PersonPreview.swift /Users/runner/work/Reframe/Reframe/Packages/ReframeCore/Sources/TrackingKit/Vision/TrackingPipeline.swift /Users/runner/work/Reframe/Reframe/Packages/ReframeCore/Sources/TrackingKit/Vision/VideoFrameReader.swift /Users/runner/work/Reframe/Reframe/Packages/ReframeCore/Sources/TrackingKit/Vision/VisionComponents.swift -supplementary-output-file-map /Users/runner/work/Reframe/Reframe/App/build/Build/Intermediates.noindex/ReframeCore.build/Debug-iphonesimulator/TrackingKit.build/Objects-normal/arm64/supplementaryOutputs-14 -target arm64-apple-ios16.0-simulator -Xllvm -aarch64-use-tbi -enable-objc-interop -sdk /Applications/Xcode_16.2.app/Contents/Developer/Platforms/iPhoneSimulator.platform/Developer/SDKs/iPhoneSimulator18.2.sdk -I /Users/runner/work/Reframe/Reframe/App/build/Build/Products/Debug-iphonesimulator -I /Applications/Xcode_16.2.app/Contents/Developer/Platforms/iPhoneSimulator.platform/Developer/usr/lib -F /Users/runner/work/Reframe/Reframe/App/build/Build/Products/Debug-iphonesimulator/PackageFrameworks -F /Users/runner/work/Reframe/Reframe/App/build/Build/Products/Debug-iphonesimulator -F /Applications/Xcode_16.2.app/Contents/Developer/Platforms/iPhoneSimulator.platform/Developer/Library/Frameworks -F /Applications/Xcode_16.2.app/Contents/Developer/Platforms/iPhoneSimulator.platform/Developer/SDKs/iPhoneSimulator18.2.sdk/Developer/Library/Frameworks -no-color-diagnostics -enable-testing -g -debug-info-format\=dwarf -dwarf-version\=4 -module-cache-path /Users/runner/work/Reframe/Reframe/App/build/ModuleCache.noindex -swift-version 5 -enforce-exclusivity\=checked -Onone -D SWIFT_PACKAGE -D DEBUG -D Xcode -serialize-debugging-options -const-gather-protocols-file /Users/runner/work/Reframe/Reframe/App/build/Build/Intermediates.noindex/ReframeCore.build/Debug-iphonesimulator/TrackingKit.build/Objects-normal/arm64/TrackingKit_const_extract_protocols.json -enable-experimental-feature DebugDescriptionMacro -enable-experimental-feature OpaqueTypeErasure -empty-abi-descriptor -plugin-path /Applications/Xcode_16.2.app/Contents/Developer/Toolchains/XcodeDefault.xctoolchain/usr/lib/swift/host/plugins/testing -validate-clang-modules-once -clang-build-session-file /Users/runner/work/Reframe/Reframe/App/build/ModuleCache.noindex/Session.modulevalidation -Xcc -working-directory -Xcc /Users/runner/work/Reframe/Reframe/App/AutoReframe.xcodeproj -resource-dir /Applications/Xcode_16.2.app/Contents/Developer/Toolchains/XcodeDefault.xctoolchain/usr/lib/swift -enable-anonymous-context-mangled-names -file-compilation-dir /Users/runner/work/Reframe/Reframe/App/AutoReframe.xcodeproj -Xcc -D_LIBCPP_HARDENING_MODE\=_LIBCPP_HARDENING_MODE_DEBUG -Xcc -ivfsstatcache -Xcc /Users/runner/work/Reframe/Reframe/App/build/SDKStatCaches.noindex/iphonesimulator18.2-22C146-16b5fc1f628d844b188c57a1ba9d6a81.sdkstatcache -Xcc -I/Users/runner/work/Reframe/Reframe/App/build/Build/Intermediates.noindex/ReframeCore.build/Debug-iphonesimulator/TrackingKit.build/swift-overrides.hmap -Xcc -I/Users/runner/work/Reframe/Reframe/App/build/Build/Products/Debug-iphonesimulator/include -Xcc -I/Users/runner/work/Reframe/Reframe/App/build/Build/Intermediates.noindex/ReframeCore.build/Debug-iphonesimulator/TrackingKit.build/DerivedSources-normal/arm64 -Xcc -I/Users/runner/work/Reframe/Reframe/App/build/Build/Intermediates.noindex/ReframeCore.build/Debug-iphonesimulator/TrackingKit.build/DerivedSources/arm64 -Xcc -I/Users/runner/work/Reframe/Reframe/App/build/Build/Intermediates.noindex/ReframeCore.build/Debug-iphonesimulator/TrackingKit.build/DerivedSources -Xcc -DSWIFT_PACKAGE -Xcc -DDEBUG\=1 -module-name TrackingKit -package-name reframecore -frontend-parseable-output -disable-clang-spi -target-sdk-version 18.2 -target-sdk-name iphonesimulator18.2 -external-plugin-path /Applications/Xcode_16.2.app/Contents/Developer/Platforms/iPhoneOS.platform/Developer/usr/lib/swift/host/plugins\#/Applications/Xcode_16.2.app/Contents/Developer/Platforms/iPhoneOS.platform/Developer/usr/bin/swift-plugin-server -external-plugin-path /Applications/Xcode_16.2.app/Contents/Developer/Platforms/iPhoneOS.platform/Developer/usr/local/lib/swift/host/plugins\#/Applications/Xcode_16.2.app/Contents/Developer/Platforms/iPhoneOS.platform/Developer/usr/bin/swift-plugin-server -plugin-path /Applications/Xcode_16.2.app/Contents/Developer/Toolchains/XcodeDefault.xctoolchain/usr/lib/swift/host/plugins -plugin-path /Applications/Xcode_16.2.app/Contents/Developer/Toolchains/XcodeDefault.xctoolchain/usr/local/lib/swift/host/plugins -o /Users/runner/work/Reframe/Reframe/App/build/Build/Intermediates.noindex/ReframeCore.build/Debug-iphonesimulator/TrackingKit.build/Objects-normal/arm64/RenderPlanning.o -o /Users/runner/work/Reframe/Reframe/App/build/Build/Intermediates.noindex/ReframeCore.build/Debug-iphonesimulator/TrackingKit.build/Objects-normal/arm64/VerticalRenderer.o -o /Users/runner/work/Reframe/Reframe/App/build/Build/Intermediates.noindex/ReframeCore.build/Debug-iphonesimulator/TrackingKit.build/Objects-normal/arm64/Observation.o -o /Users/runner/work/Reframe/Reframe/App/build/Build/Intermediates.noindex/ReframeCore.build/Debug-iphonesimulator/TrackingKit.build/Objects-normal/arm64/SubjectSelector.o -o /Users/runner/work/Reframe/Reframe/App/build/Build/Intermediates.noindex/ReframeCore.build/Debug-iphonesimulator/TrackingKit.build/Objects-normal/arm64/SubjectTracker.o -o /Users/runner/work/Reframe/Reframe/App/build/Build/Intermediates.noindex/ReframeCore.build/Debug-iphonesimulator/TrackingKit.build/Objects-normal/arm64/TrackingSettings.o -index-unit-output-path /ReframeCore.build/Debug-iphonesimulator/TrackingKit.build/Objects-normal/arm64/RenderPlanning.o -index-unit-output-path /ReframeCore.build/Debug-iphonesimulator/TrackingKit.build/Objects-normal/arm64/VerticalRenderer.o -index-unit-output-path /ReframeCore.build/Debug-iphonesimulator/TrackingKit.build/Objects-normal/arm64/Observation.o -index-unit-output-path /ReframeCore.build/Debug-iphonesimulator/TrackingKit.build/Objects-normal/arm64/SubjectSelector.o -index-unit-output-path /ReframeCore.build/Debug-iphonesimulator/TrackingKit.build/Objects-normal/arm64/SubjectTracker.o -index-unit-output-path /ReframeCore.build/Debug-iphonesimulator/TrackingKit.build/Objects-normal/arm64/TrackingSettings.o -index-store-path /Users/runner/work/Reframe/Reframe/App/build/Index.noindex/DataStore -index-system-modules
/Users/runner/work/Reframe/Reframe/Packages/ReframeCore/Sources/TrackingKit/Render/VerticalRenderer.swift:250:19: warning: capture of 'videoInput' with non-sendable type 'AVAssetWriterInput' in a `@Sendable` closure
            while videoInput.isReadyForMoreMediaData {
                  ^
AVFoundation.AVAssetWriterInput:2:12: note: class 'AVAssetWriterInput' does not conform to the 'Sendable' protocol
open class AVAssetWriterInput : NSObject {
           ^
/Users/runner/work/Reframe/Reframe/Packages/ReframeCore/Sources/TrackingKit/Render/VerticalRenderer.swift:3:1: warning: add '@preconcurrency' to suppress 'Sendable'-related warnings from module 'AVFoundation'
import AVFoundation
^
@preconcurrency 
/Users/runner/work/Reframe/Reframe/Packages/ReframeCore/Sources/TrackingKit/Render/VerticalRenderer.swift:254:40: warning: capture of 'videoOutput' with non-sendable type 'AVAssetReaderTrackOutput' in a `@Sendable` closure
                    guard let sample = videoOutput.copyNextSampleBuffer() else { finished = true; return }
                                       ^
AVFoundation.AVAssetReaderTrackOutput:2:12: note: class 'AVAssetReaderTrackOutput' does not conform to the 'Sendable' protocol
open class AVAssetReaderTrackOutput : AVAssetReaderOutput {
           ^
/Users/runner/work/Reframe/Reframe/Packages/ReframeCore/Sources/TrackingKit/Render/VerticalRenderer.swift:273:38: warning: capture of 'adaptor' with non-sendable type 'AVAssetWriterInputPixelBufferAdaptor' in a `@Sendable` closure
                    guard let pool = adaptor.pixelBufferPool else {
                                     ^
AVFoundation.AVAssetWriterInputPixelBufferAdaptor:2:12: note: class 'AVAssetWriterInputPixelBufferAdaptor' does not conform to the 'Sendable' protocol
open class AVAssetWriterInputPixelBufferAdaptor : NSObject {
           ^
/Users/runner/work/Reframe/Reframe/Packages/ReframeCore/Sources/TrackingKit/Render/VerticalRenderer.swift:281:21: warning: capture of 'ciContext' with non-sendable type 'CIContext' in a `@Sendable` closure
                    ciContext.render(image, to: outBuffer, bounds: outBounds, colorSpace: colorSpace)
                    ^
CoreImage.CIContext:2:12: note: class 'CIContext' does not conform to the 'Sendable' protocol
open class CIContext : NSObject {
           ^
/Users/runner/work/Reframe/Reframe/Packages/ReframeCore/Sources/TrackingKit/Render/VerticalRenderer.swift:4:1: warning: add '@preconcurrency' to suppress 'Sendable'-related warnings from module 'CoreImage'
import CoreImage
^
@preconcurrency 
/Users/runner/work/Reframe/Reframe/Packages/ReframeCore/Sources/TrackingKit/Render/VerticalRenderer.swift:283:61: warning: capture of 'writer' with non-sendable type 'AVAssetWriter' in a `@Sendable` closure
                        state.fail(RenderError.writerFailed(writer.error.map { "\($0)" } ?? "append de vídeo falhou"))
AVFoundation.AVAssetWriter:2:12: note: class 'AVAssetWriter' does not conform to the 'Sendable' protocol
open class AVAssetWriter : NSObject {
           ^
/Users/runner/work/Reframe/Reframe/Packages/ReframeCore/Sources/TrackingKit/Render/VerticalRenderer.swift:297:23: warning: capture of 'audioInput' with non-sendable type 'AVAssetWriterInput' in a `@Sendable` closure
                while audioInput.isReadyForMoreMediaData {
                      ^
AVFoundation.AVAssetWriterInput:2:12: note: class 'AVAssetWriterInput' does not conform to the 'Sendable' protocol
open class AVAssetWriterInput : NSObject {
           ^
/Users/runner/work/Reframe/Reframe/Packages/ReframeCore/Sources/TrackingKit/Render/VerticalRenderer.swift:299:40: warning: capture of 'audioOutput' with non-sendable type 'AVAssetReaderTrackOutput' in a `@Sendable` closure
                    guard let sample = audioOutput.copyNextSampleBuffer() else {
                                       ^
AVFoundation.AVAssetReaderTrackOutput:2:12: note: class 'AVAssetReaderTrackOutput' does not conform to the 'Sendable' protocol
open class AVAssetReaderTrackOutput : AVAssetReaderOutput {
           ^
/Users/runner/work/Reframe/Reframe/Packages/ReframeCore/Sources/TrackingKit/Render/VerticalRenderer.swift:303:61: warning: capture of 'writer' with non-sendable type 'AVAssetWriter' in a `@Sendable` closure
                        state.fail(RenderError.writerFailed(writer.error.map { "\($0)" } ?? "append de áudio falhou"))
AVFoundation.AVAssetWriter:2:12: note: class 'AVAssetWriter' does not conform to the 'Sendable' protocol
open class AVAssetWriter : NSObject {
           ^

SwiftCompile normal arm64 /Users/runner/work/Reframe/Reframe/Packages/ReframeCore/Sources/TrackingKit/Render/VerticalRenderer.swift (in target 'TrackingKit' from project 'ReframeCore')
    cd /Users/runner/work/Reframe/Reframe/App/AutoReframe.xcodeproj
    /Applications/Xcode_16.2.app/Contents/Developer/Toolchains/XcodeDefault.xctoolchain/usr/bin/swift-frontend -c /Users/runner/work/Reframe/Reframe/Packages/ReframeCore/Sources/TrackingKit/Geometry/BoxMath.swift /Users/runner/work/Reframe/Reframe/Packages/ReframeCore/Sources/TrackingKit/Geometry/DisplayMapping.swift /Users/runner/work/Reframe/Reframe/Packages/ReframeCore/Sources/TrackingKit/Geometry/Timestamps.swift /Users/runner/work/Reframe/Reframe/Packages/ReframeCore/Sources/TrackingKit/Geometry/VisionCoordinates.swift /Users/runner/work/Reframe/Reframe/Packages/ReframeCore/Sources/TrackingKit/Output/CommandLineOptions.swift /Users/runner/work/Reframe/Reframe/Packages/ReframeCore/Sources/TrackingKit/Output/TrackingReport.swift -primary-file /Users/runner/work/Reframe/Reframe/Packages/ReframeCore/Sources/TrackingKit/Render/RenderPlanning.swift -primary-file /Users/runner/work/Reframe/Reframe/Packages/ReframeCore/Sources/TrackingKit/Render/VerticalRenderer.swift -primary-file /Users/runner/work/Reframe/Reframe/Packages/ReframeCore/Sources/TrackingKit/Selection/Observation.swift -primary-file /Users/runner/work/Reframe/Reframe/Packages/ReframeCore/Sources/TrackingKit/Selection/SubjectSelector.swift -primary-file /Users/runner/work/Reframe/Reframe/Packages/ReframeCore/Sources/TrackingKit/Selection/SubjectTracker.swift -primary-file /Users/runner/work/Reframe/Reframe/Packages/ReframeCore/Sources/TrackingKit/TrackingSettings.swift /Users/runner/work/Reframe/Reframe/Packages/ReframeCore/Sources/TrackingKit/Vision/DebugVideoWriter.swift /Users/runner/work/Reframe/Reframe/Packages/ReframeCore/Sources/TrackingKit/Vision/PersonPreview.swift /Users/runner/work/Reframe/Reframe/Packages/ReframeCore/Sources/TrackingKit/Vision/TrackingPipeline.swift /Users/runner/work/Reframe/Reframe/Packages/ReframeCore/Sources/TrackingKit/Vision/VideoFrameReader.swift /Users/runner/work/Reframe/Reframe/Packages/ReframeCore/Sources/TrackingKit/Vision/VisionComponents.swift -supplementary-output-file-map /Users/runner/work/Reframe/Reframe/App/build/Build/Intermediates.noindex/ReframeCore.build/Debug-iphonesimulator/TrackingKit.build/Objects-normal/arm64/supplementaryOutputs-14 -target arm64-apple-ios16.0-simulator -Xllvm -aarch64-use-tbi -enable-objc-interop -sdk /Applications/Xcode_16.2.app/Contents/Developer/Platforms/iPhoneSimulator.platform/Developer/SDKs/iPhoneSimulator18.2.sdk -I /Users/runner/work/Reframe/Reframe/App/build/Build/Products/Debug-iphonesimulator -I /Applications/Xcode_16.2.app/Contents/Developer/Platforms/iPhoneSimulator.platform/Developer/usr/lib -F /Users/runner/work/Reframe/Reframe/App/build/Build/Products/Debug-iphonesimulator/PackageFrameworks -F /Users/runner/work/Reframe/Reframe/App/build/Build/Products/Debug-iphonesimulator -F /Applications/Xcode_16.2.app/Contents/Developer/Platforms/iPhoneSimulator.platform/Developer/Library/Frameworks -F /Applications/Xcode_16.2.app/Contents/Developer/Platforms/iPhoneSimulator.platform/Developer/SDKs/iPhoneSimulator18.2.sdk/Developer/Library/Frameworks -no-color-diagnostics -enable-testing -g -debug-info-format\=dwarf -dwarf-version\=4 -module-cache-path /Users/runner/work/Reframe/Reframe/App/build/ModuleCache.noindex -swift-version 5 -enforce-exclusivity\=checked -Onone -D SWIFT_PACKAGE -D DEBUG -D Xcode -serialize-debugging-options -const-gather-protocols-file /Users/runner/work/Reframe/Reframe/App/build/Build/Intermediates.noindex/ReframeCore.build/Debug-iphonesimulator/TrackingKit.build/Objects-normal/arm64/TrackingKit_const_extract_protocols.json -enable-experimental-feature DebugDescriptionMacro -enable-experimental-feature OpaqueTypeErasure -empty-abi-descriptor -plugin-path /Applications/Xcode_16.2.app/Contents/Developer/Toolchains/XcodeDefault.xctoolchain/usr/lib/swift/host/plugins/testing -validate-clang-modules-once -clang-build-session-file /Users/runner/work/Reframe/Reframe/App/build/ModuleCache.noindex/Session.modulevalidation -Xcc -working-directory -Xcc /Users/runner/work/Reframe/Reframe/App/AutoReframe.xcodeproj -resource-dir /Applications/Xcode_16.2.app/Contents/Developer/Toolchains/XcodeDefault.xctoolchain/usr/lib/swift -enable-anonymous-context-mangled-names -file-compilation-dir /Users/runner/work/Reframe/Reframe/App/AutoReframe.xcodeproj -Xcc -D_LIBCPP_HARDENING_MODE\=_LIBCPP_HARDENING_MODE_DEBUG -Xcc -ivfsstatcache -Xcc /Users/runner/work/Reframe/Reframe/App/build/SDKStatCaches.noindex/iphonesimulator18.2-22C146-16b5fc1f628d844b188c57a1ba9d6a81.sdkstatcache -Xcc -I/Users/runner/work/Reframe/Reframe/App/build/Build/Intermediates.noindex/ReframeCore.build/Debug-iphonesimulator/TrackingKit.build/swift-overrides.hmap -Xcc -I/Users/runner/work/Reframe/Reframe/App/build/Build/Products/Debug-iphonesimulator/include -Xcc -I/Users/runner/work/Reframe/Reframe/App/build/Build/Intermediates.noindex/ReframeCore.build/Debug-iphonesimulator/TrackingKit.build/DerivedSources-normal/arm64 -Xcc -I/Users/runner/work/Reframe/Reframe/App/build/Build/Intermediates.noindex/ReframeCore.build/Debug-iphonesimulator/TrackingKit.build/DerivedSources/arm64 -Xcc -I/Users/runner/work/Reframe/Reframe/App/build/Build/Intermediates.noindex/ReframeCore.build/Debug-iphonesimulator/TrackingKit.build/DerivedSources -Xcc -DSWIFT_PACKAGE -Xcc -DDEBUG\=1 -module-name TrackingKit -package-name reframecore -frontend-parseable-output -disable-clang-spi -target-sdk-version 18.2 -target-sdk-name iphonesimulator18.2 -external-plugin-path /Applications/Xcode_16.2.app/Contents/Developer/Platforms/iPhoneOS.platform/Developer/usr/lib/swift/host/plugins\#/Applications/Xcode_16.2.app/Contents/Developer/Platforms/iPhoneOS.platform/Developer/usr/bin/swift-plugin-server -external-plugin-path /Applications/Xcode_16.2.app/Contents/Developer/Platforms/iPhoneOS.platform/Developer/usr/local/lib/swift/host/plugins\#/Applications/Xcode_16.2.app/Contents/Developer/Platforms/iPhoneOS.platform/Developer/usr/bin/swift-plugin-server -plugin-path /Applications/Xcode_16.2.app/Contents/Developer/Toolchains/XcodeDefault.xctoolchain/usr/lib/swift/host/plugins -plugin-path /Applications/Xcode_16.2.app/Contents/Developer/Toolchains/XcodeDefault.xctoolchain/usr/local/lib/swift/host/plugins -o /Users/runner/work/Reframe/Reframe/App/build/Build/Intermediates.noindex/ReframeCore.build/Debug-iphonesimulator/TrackingKit.build/Objects-normal/arm64/RenderPlanning.o -o /Users/runner/work/Reframe/Reframe/App/build/Build/Intermediates.noindex/ReframeCore.build/Debug-iphonesimulator/TrackingKit.build/Objects-normal/arm64/VerticalRenderer.o -o /Users/runner/work/Reframe/Reframe/App/build/Build/Intermediates.noindex/ReframeCore.build/Debug-iphonesimulator/TrackingKit.build/Objects-normal/arm64/Observation.o -o /Users/runner/work/Reframe/Reframe/App/build/Build/Intermediates.noindex/ReframeCore.build/Debug-iphonesimulator/TrackingKit.build/Objects-normal/arm64/SubjectSelector.o -o /Users/runner/work/Reframe/Reframe/App/build/Build/Intermediates.noindex/ReframeCore.build/Debug-iphonesimulator/TrackingKit.build/Objects-normal/arm64/SubjectTracker.o -o /Users/runner/work/Reframe/Reframe/App/build/Build/Intermediates.noindex/ReframeCore.build/Debug-iphonesimulator/TrackingKit.build/Objects-normal/arm64/TrackingSettings.o -index-unit-output-path /ReframeCore.build/Debug-iphonesimulator/TrackingKit.build/Objects-normal/arm64/RenderPlanning.o -index-unit-output-path /ReframeCore.build/Debug-iphonesimulator/TrackingKit.build/Objects-normal/arm64/VerticalRenderer.o -index-unit-output-path /ReframeCore.build/Debug-iphonesimulator/TrackingKit.build/Objects-normal/arm64/Observation.o -index-unit-output-path /ReframeCore.build/Debug-iphonesimulator/TrackingKit.build/Objects-normal/arm64/SubjectSelector.o -index-unit-output-path /ReframeCore.build/Debug-iphonesimulator/TrackingKit.build/Objects-normal/arm64/SubjectTracker.o -index-unit-output-path /ReframeCore.build/Debug-iphonesimulator/TrackingKit.build/Objects-normal/arm64/TrackingSettings.o -index-store-path /Users/runner/work/Reframe/Reframe/App/build/Index.noindex/DataStore -index-system-modules
/Users/runner/work/Reframe/Reframe/Packages/ReframeCore/Sources/TrackingKit/Render/VerticalRenderer.swift:250:19: warning: capture of 'videoInput' with non-sendable type 'AVAssetWriterInput' in a `@Sendable` closure
            while videoInput.isReadyForMoreMediaData {
                  ^
AVFoundation.AVAssetWriterInput:2:12: note: class 'AVAssetWriterInput' does not conform to the 'Sendable' protocol
open class AVAssetWriterInput : NSObject {
           ^
/Users/runner/work/Reframe/Reframe/Packages/ReframeCore/Sources/TrackingKit/Render/VerticalRenderer.swift:3:1: warning: add '@preconcurrency' to suppress 'Sendable'-related warnings from module 'AVFoundation'
import AVFoundation
^
@preconcurrency 
/Users/runner/work/Reframe/Reframe/Packages/ReframeCore/Sources/TrackingKit/Render/VerticalRenderer.swift:254:40: warning: capture of 'videoOutput' with non-sendable type 'AVAssetReaderTrackOutput' in a `@Sendable` closure
                    guard let sample = videoOutput.copyNextSampleBuffer() else { finished = true; return }
                                       ^
AVFoundation.AVAssetReaderTrackOutput:2:12: note: class 'AVAssetReaderTrackOutput' does not conform to the 'Sendable' protocol
open class AVAssetReaderTrackOutput : AVAssetReaderOutput {
           ^
/Users/runner/work/Reframe/Reframe/Packages/ReframeCore/Sources/TrackingKit/Render/VerticalRenderer.swift:273:38: warning: capture of 'adaptor' with non-sendable type 'AVAssetWriterInputPixelBufferAdaptor' in a `@Sendable` closure
                    guard let pool = adaptor.pixelBufferPool else {
                                     ^
AVFoundation.AVAssetWriterInputPixelBufferAdaptor:2:12: note: class 'AVAssetWriterInputPixelBufferAdaptor' does not conform to the 'Sendable' protocol
open class AVAssetWriterInputPixelBufferAdaptor : NSObject {
           ^
/Users/runner/work/Reframe/Reframe/Packages/ReframeCore/Sources/TrackingKit/Render/VerticalRenderer.swift:281:21: warning: capture of 'ciContext' with non-sendable type 'CIContext' in a `@Sendable` closure
                    ciContext.render(image, to: outBuffer, bounds: outBounds, colorSpace: colorSpace)
                    ^
CoreImage.CIContext:2:12: note: class 'CIContext' does not conform to the 'Sendable' protocol
open class CIContext : NSObject {
           ^
/Users/runner/work/Reframe/Reframe/Packages/ReframeCore/Sources/TrackingKit/Render/VerticalRenderer.swift:4:1: warning: add '@preconcurrency' to suppress 'Sendable'-related warnings from module 'CoreImage'
import CoreImage
^
@preconcurrency 
/Users/runner/work/Reframe/Reframe/Packages/ReframeCore/Sources/TrackingKit/Render/VerticalRenderer.swift:283:61: warning: capture of 'writer' with non-sendable type 'AVAssetWriter' in a `@Sendable` closure
                        state.fail(RenderError.writerFailed(writer.error.map { "\($0)" } ?? "append de vídeo falhou"))
AVFoundation.AVAssetWriter:2:12: note: class 'AVAssetWriter' does not conform to the 'Sendable' protocol
open class AVAssetWriter : NSObject {
           ^
/Users/runner/work/Reframe/Reframe/Packages/ReframeCore/Sources/TrackingKit/Render/VerticalRenderer.swift:297:23: warning: capture of 'audioInput' with non-sendable type 'AVAssetWriterInput' in a `@Sendable` closure
                while audioInput.isReadyForMoreMediaData {
                      ^
AVFoundation.AVAssetWriterInput:2:12: note: class 'AVAssetWriterInput' does not conform to the 'Sendable' protocol
open class AVAssetWriterInput : NSObject {
           ^
/Users/runner/work/Reframe/Reframe/Packages/ReframeCore/Sources/TrackingKit/Render/VerticalRenderer.swift:299:40: warning: capture of 'audioOutput' with non-sendable type 'AVAssetReaderTrackOutput' in a `@Sendable` closure
                    guard let sample = audioOutput.copyNextSampleBuffer() else {
                                       ^
AVFoundation.AVAssetReaderTrackOutput:2:12: note: class 'AVAssetReaderTrackOutput' does not conform to the 'Sendable' protocol
open class AVAssetReaderTrackOutput : AVAssetReaderOutput {
           ^
/Users/runner/work/Reframe/Reframe/Packages/ReframeCore/Sources/TrackingKit/Render/VerticalRenderer.swift:303:61: warning: capture of 'writer' with non-sendable type 'AVAssetWriter' in a `@Sendable` closure
                        state.fail(RenderError.writerFailed(writer.error.map { "\($0)" } ?? "append de áudio falhou"))
AVFoundation.AVAssetWriter:2:12: note: class 'AVAssetWriter' does not conform to the 'Sendable' protocol
open class AVAssetWriter : NSObject {
           ^

SwiftCompile normal arm64 /Users/runner/work/Reframe/Reframe/Packages/ReframeCore/Sources/TrackingKit/Selection/Observation.swift (in target 'TrackingKit' from project 'ReframeCore')
    cd /Users/runner/work/Reframe/Reframe/App/AutoReframe.xcodeproj
    /Applications/Xcode_16.2.app/Contents/Developer/Toolchains/XcodeDefault.xctoolchain/usr/bin/swift-frontend -c /Users/runner/work/Reframe/Reframe/Packages/ReframeCore/Sources/TrackingKit/Geometry/BoxMath.swift /Users/runner/work/Reframe/Reframe/Packages/ReframeCore/Sources/TrackingKit/Geometry/DisplayMapping.swift /Users/runner/work/Reframe/Reframe/Packages/ReframeCore/Sources/TrackingKit/Geometry/Timestamps.swift /Users/runner/work/Reframe/Reframe/Packages/ReframeCore/Sources/TrackingKit/Geometry/VisionCoordinates.swift /Users/runner/work/Reframe/Reframe/Packages/ReframeCore/Sources/TrackingKit/Output/CommandLineOptions.swift /Users/runner/work/Reframe/Reframe/Packages/ReframeCore/Sources/TrackingKit/Output/TrackingReport.swift -primary-file /Users/runner/work/Reframe/Reframe/Packages/ReframeCore/Sources/TrackingKit/Render/RenderPlanning.swift -primary-file /Users/runner/work/Reframe/Reframe/Packages/ReframeCore/Sources/TrackingKit/Render/VerticalRenderer.swift -primary-file /Users/runner/work/Reframe/Reframe/Packages/ReframeCore/Sources/TrackingKit/Selection/Observation.swift -primary-file /Users/runner/work/Reframe/Reframe/Packages/ReframeCore/Sources/TrackingKit/Selection/SubjectSelector.swift -primary-file /Users/runner/work/Reframe/Reframe/Packages/ReframeCore/Sources/TrackingKit/Selection/SubjectTracker.swift -primary-file /Users/runner/work/Reframe/Reframe/Packages/ReframeCore/Sources/TrackingKit/TrackingSettings.swift /Users/runner/work/Reframe/Reframe/Packages/ReframeCore/Sources/TrackingKit/Vision/DebugVideoWriter.swift /Users/runner/work/Reframe/Reframe/Packages/ReframeCore/Sources/TrackingKit/Vision/PersonPreview.swift /Users/runner/work/Reframe/Reframe/Packages/ReframeCore/Sources/TrackingKit/Vision/TrackingPipeline.swift /Users/runner/work/Reframe/Reframe/Packages/ReframeCore/Sources/TrackingKit/Vision/VideoFrameReader.swift /Users/runner/work/Reframe/Reframe/Packages/ReframeCore/Sources/TrackingKit/Vision/VisionComponents.swift -supplementary-output-file-map /Users/runner/work/Reframe/Reframe/App/build/Build/Intermediates.noindex/ReframeCore.build/Debug-iphonesimulator/TrackingKit.build/Objects-normal/arm64/supplementaryOutputs-14 -target arm64-apple-ios16.0-simulator -Xllvm -aarch64-use-tbi -enable-objc-interop -sdk /Applications/Xcode_16.2.app/Contents/Developer/Platforms/iPhoneSimulator.platform/Developer/SDKs/iPhoneSimulator18.2.sdk -I /Users/runner/work/Reframe/Reframe/App/build/Build/Products/Debug-iphonesimulator -I /Applications/Xcode_16.2.app/Contents/Developer/Platforms/iPhoneSimulator.platform/Developer/usr/lib -F /Users/runner/work/Reframe/Reframe/App/build/Build/Products/Debug-iphonesimulator/PackageFrameworks -F /Users/runner/work/Reframe/Reframe/App/build/Build/Products/Debug-iphonesimulator -F /Applications/Xcode_16.2.app/Contents/Developer/Platforms/iPhoneSimulator.platform/Developer/Library/Frameworks -F /Applications/Xcode_16.2.app/Contents/Developer/Platforms/iPhoneSimulator.platform/Developer/SDKs/iPhoneSimulator18.2.sdk/Developer/Library/Frameworks -no-color-diagnostics -enable-testing -g -debug-info-format\=dwarf -dwarf-version\=4 -module-cache-path /Users/runner/work/Reframe/Reframe/App/build/ModuleCache.noindex -swift-version 5 -enforce-exclusivity\=checked -Onone -D SWIFT_PACKAGE -D DEBUG -D Xcode -serialize-debugging-options -const-gather-protocols-file /Users/runner/work/Reframe/Reframe/App/build/Build/Intermediates.noindex/ReframeCore.build/Debug-iphonesimulator/TrackingKit.build/Objects-normal/arm64/TrackingKit_const_extract_protocols.json -enable-experimental-feature DebugDescriptionMacro -enable-experimental-feature OpaqueTypeErasure -empty-abi-descriptor -plugin-path /Applications/Xcode_16.2.app/Contents/Developer/Toolchains/XcodeDefault.xctoolchain/usr/lib/swift/host/plugins/testing -validate-clang-modules-once -clang-build-session-file /Users/runner/work/Reframe/Reframe/App/build/ModuleCache.noindex/Session.modulevalidation -Xcc -working-directory -Xcc /Users/runner/work/Reframe/Reframe/App/AutoReframe.xcodeproj -resource-dir /Applications/Xcode_16.2.app/Contents/Developer/Toolchains/XcodeDefault.xctoolchain/usr/lib/swift -enable-anonymous-context-mangled-names -file-compilation-dir /Users/runner/work/Reframe/Reframe/App/AutoReframe.xcodeproj -Xcc -D_LIBCPP_HARDENING_MODE\=_LIBCPP_HARDENING_MODE_DEBUG -Xcc -ivfsstatcache -Xcc /Users/runner/work/Reframe/Reframe/App/build/SDKStatCaches.noindex/iphonesimulator18.2-22C146-16b5fc1f628d844b188c57a1ba9d6a81.sdkstatcache -Xcc -I/Users/runner/work/Reframe/Reframe/App/build/Build/Intermediates.noindex/ReframeCore.build/Debug-iphonesimulator/TrackingKit.build/swift-overrides.hmap -Xcc -I/Users/runner/work/Reframe/Reframe/App/build/Build/Products/Debug-iphonesimulator/include -Xcc -I/Users/runner/work/Reframe/Reframe/App/build/Build/Intermediates.noindex/ReframeCore.build/Debug-iphonesimulator/TrackingKit.build/DerivedSources-normal/arm64 -Xcc -I/Users/runner/work/Reframe/Reframe/App/build/Build/Intermediates.noindex/ReframeCore.build/Debug-iphonesimulator/TrackingKit.build/DerivedSources/arm64 -Xcc -I/Users/runner/work/Reframe/Reframe/App/build/Build/Intermediates.noindex/ReframeCore.build/Debug-iphonesimulator/TrackingKit.build/DerivedSources -Xcc -DSWIFT_PACKAGE -Xcc -DDEBUG\=1 -module-name TrackingKit -package-name reframecore -frontend-parseable-output -disable-clang-spi -target-sdk-version 18.2 -target-sdk-name iphonesimulator18.2 -external-plugin-path /Applications/Xcode_16.2.app/Contents/Developer/Platforms/iPhoneOS.platform/Developer/usr/lib/swift/host/plugins\#/Applications/Xcode_16.2.app/Contents/Developer/Platforms/iPhoneOS.platform/Developer/usr/bin/swift-plugin-server -external-plugin-path /Applications/Xcode_16.2.app/Contents/Developer/Platforms/iPhoneOS.platform/Developer/usr/local/lib/swift/host/plugins\#/Applications/Xcode_16.2.app/Contents/Developer/Platforms/iPhoneOS.platform/Developer/usr/bin/swift-plugin-server -plugin-path /Applications/Xcode_16.2.app/Contents/Developer/Toolchains/XcodeDefault.xctoolchain/usr/lib/swift/host/plugins -plugin-path /Applications/Xcode_16.2.app/Contents/Developer/Toolchains/XcodeDefault.xctoolchain/usr/local/lib/swift/host/plugins -o /Users/runner/work/Reframe/Reframe/App/build/Build/Intermediates.noindex/ReframeCore.build/Debug-iphonesimulator/TrackingKit.build/Objects-normal/arm64/RenderPlanning.o -o /Users/runner/work/Reframe/Reframe/App/build/Build/Intermediates.noindex/ReframeCore.build/Debug-iphonesimulator/TrackingKit.build/Objects-normal/arm64/VerticalRenderer.o -o /Users/runner/work/Reframe/Reframe/App/build/Build/Intermediates.noindex/ReframeCore.build/Debug-iphonesimulator/TrackingKit.build/Objects-normal/arm64/Observation.o -o /Users/runner/work/Reframe/Reframe/App/build/Build/Intermediates.noindex/ReframeCore.build/Debug-iphonesimulator/TrackingKit.build/Objects-normal/arm64/SubjectSelector.o -o /Users/runner/work/Reframe/Reframe/App/build/Build/Intermediates.noindex/ReframeCore.build/Debug-iphonesimulator/TrackingKit.build/Objects-normal/arm64/SubjectTracker.o -o /Users/runner/work/Reframe/Reframe/App/build/Build/Intermediates.noindex/ReframeCore.build/Debug-iphonesimulator/TrackingKit.build/Objects-normal/arm64/TrackingSettings.o -index-unit-output-path /ReframeCore.build/Debug-iphonesimulator/TrackingKit.build/Objects-normal/arm64/RenderPlanning.o -index-unit-output-path /ReframeCore.build/Debug-iphonesimulator/TrackingKit.build/Objects-normal/arm64/VerticalRenderer.o -index-unit-output-path /ReframeCore.build/Debug-iphonesimulator/TrackingKit.build/Objects-normal/arm64/Observation.o -index-unit-output-path /ReframeCore.build/Debug-iphonesimulator/TrackingKit.build/Objects-normal/arm64/SubjectSelector.o -index-unit-output-path /ReframeCore.build/Debug-iphonesimulator/TrackingKit.build/Objects-normal/arm64/SubjectTracker.o -index-unit-output-path /ReframeCore.build/Debug-iphonesimulator/TrackingKit.build/Objects-normal/arm64/TrackingSettings.o -index-store-path /Users/runner/work/Reframe/Reframe/App/build/Index.noindex/DataStore -index-system-modules
/Users/runner/work/Reframe/Reframe/Packages/ReframeCore/Sources/TrackingKit/Render/VerticalRenderer.swift:250:19: warning: capture of 'videoInput' with non-sendable type 'AVAssetWriterInput' in a `@Sendable` closure
            while videoInput.isReadyForMoreMediaData {
                  ^
AVFoundation.AVAssetWriterInput:2:12: note: class 'AVAssetWriterInput' does not conform to the 'Sendable' protocol
open class AVAssetWriterInput : NSObject {
           ^
/Users/runner/work/Reframe/Reframe/Packages/ReframeCore/Sources/TrackingKit/Render/VerticalRenderer.swift:3:1: warning: add '@preconcurrency' to suppress 'Sendable'-related warnings from module 'AVFoundation'
import AVFoundation
^
@preconcurrency 
/Users/runner/work/Reframe/Reframe/Packages/ReframeCore/Sources/TrackingKit/Render/VerticalRenderer.swift:254:40: warning: capture of 'videoOutput' with non-sendable type 'AVAssetReaderTrackOutput' in a `@Sendable` closure
                    guard let sample = videoOutput.copyNextSampleBuffer() else { finished = true; return }
                                       ^
AVFoundation.AVAssetReaderTrackOutput:2:12: note: class 'AVAssetReaderTrackOutput' does not conform to the 'Sendable' protocol
open class AVAssetReaderTrackOutput : AVAssetReaderOutput {
           ^
/Users/runner/work/Reframe/Reframe/Packages/ReframeCore/Sources/TrackingKit/Render/VerticalRenderer.swift:273:38: warning: capture of 'adaptor' with non-sendable type 'AVAssetWriterInputPixelBufferAdaptor' in a `@Sendable` closure
                    guard let pool = adaptor.pixelBufferPool else {
                                     ^
AVFoundation.AVAssetWriterInputPixelBufferAdaptor:2:12: note: class 'AVAssetWriterInputPixelBufferAdaptor' does not conform to the 'Sendable' protocol
open class AVAssetWriterInputPixelBufferAdaptor : NSObject {
           ^
/Users/runner/work/Reframe/Reframe/Packages/ReframeCore/Sources/TrackingKit/Render/VerticalRenderer.swift:281:21: warning: capture of 'ciContext' with non-sendable type 'CIContext' in a `@Sendable` closure
                    ciContext.render(image, to: outBuffer, bounds: outBounds, colorSpace: colorSpace)
                    ^
CoreImage.CIContext:2:12: note: class 'CIContext' does not conform to the 'Sendable' protocol
open class CIContext : NSObject {
           ^
/Users/runner/work/Reframe/Reframe/Packages/ReframeCore/Sources/TrackingKit/Render/VerticalRenderer.swift:4:1: warning: add '@preconcurrency' to suppress 'Sendable'-related warnings from module 'CoreImage'
import CoreImage
^
@preconcurrency 
/Users/runner/work/Reframe/Reframe/Packages/ReframeCore/Sources/TrackingKit/Render/VerticalRenderer.swift:283:61: warning: capture of 'writer' with non-sendable type 'AVAssetWriter' in a `@Sendable` closure
                        state.fail(RenderError.writerFailed(writer.error.map { "\($0)" } ?? "append de vídeo falhou"))
AVFoundation.AVAssetWriter:2:12: note: class 'AVAssetWriter' does not conform to the 'Sendable' protocol
open class AVAssetWriter : NSObject {
           ^
/Users/runner/work/Reframe/Reframe/Packages/ReframeCore/Sources/TrackingKit/Render/VerticalRenderer.swift:297:23: warning: capture of 'audioInput' with non-sendable type 'AVAssetWriterInput' in a `@Sendable` closure
                while audioInput.isReadyForMoreMediaData {
                      ^
AVFoundation.AVAssetWriterInput:2:12: note: class 'AVAssetWriterInput' does not conform to the 'Sendable' protocol
open class AVAssetWriterInput : NSObject {
           ^
/Users/runner/work/Reframe/Reframe/Packages/ReframeCore/Sources/TrackingKit/Render/VerticalRenderer.swift:299:40: warning: capture of 'audioOutput' with non-sendable type 'AVAssetReaderTrackOutput' in a `@Sendable` closure
                    guard let sample = audioOutput.copyNextSampleBuffer() else {
                                       ^
AVFoundation.AVAssetReaderTrackOutput:2:12: note: class 'AVAssetReaderTrackOutput' does not conform to the 'Sendable' protocol
open class AVAssetReaderTrackOutput : AVAssetReaderOutput {
           ^
/Users/runner/work/Reframe/Reframe/Packages/ReframeCore/Sources/TrackingKit/Render/VerticalRenderer.swift:303:61: warning: capture of 'writer' with non-sendable type 'AVAssetWriter' in a `@Sendable` closure
                        state.fail(RenderError.writerFailed(writer.error.map { "\($0)" } ?? "append de áudio falhou"))
AVFoundation.AVAssetWriter:2:12: note: class 'AVAssetWriter' does not conform to the 'Sendable' protocol
open class AVAssetWriter : NSObject {
           ^

SwiftCompile normal arm64 /Users/runner/work/Reframe/Reframe/Packages/ReframeCore/Sources/TrackingKit/Selection/SubjectSelector.swift (in target 'TrackingKit' from project 'ReframeCore')
    cd /Users/runner/work/Reframe/Reframe/App/AutoReframe.xcodeproj
    /Applications/Xcode_16.2.app/Contents/Developer/Toolchains/XcodeDefault.xctoolchain/usr/bin/swift-frontend -c /Users/runner/work/Reframe/Reframe/Packages/ReframeCore/Sources/TrackingKit/Geometry/BoxMath.swift /Users/runner/work/Reframe/Reframe/Packages/ReframeCore/Sources/TrackingKit/Geometry/DisplayMapping.swift /Users/runner/work/Reframe/Reframe/Packages/ReframeCore/Sources/TrackingKit/Geometry/Timestamps.swift /Users/runner/work/Reframe/Reframe/Packages/ReframeCore/Sources/TrackingKit/Geometry/VisionCoordinates.swift /Users/runner/work/Reframe/Reframe/Packages/ReframeCore/Sources/TrackingKit/Output/CommandLineOptions.swift /Users/runner/work/Reframe/Reframe/Packages/ReframeCore/Sources/TrackingKit/Output/TrackingReport.swift -primary-file /Users/runner/work/Reframe/Reframe/Packages/ReframeCore/Sources/TrackingKit/Render/RenderPlanning.swift -primary-file /Users/runner/work/Reframe/Reframe/Packages/ReframeCore/Sources/TrackingKit/Render/VerticalRenderer.swift -primary-file /Users/runner/work/Reframe/Reframe/Packages/ReframeCore/Sources/TrackingKit/Selection/Observation.swift -primary-file /Users/runner/work/Reframe/Reframe/Packages/ReframeCore/Sources/TrackingKit/Selection/SubjectSelector.swift -primary-file /Users/runner/work/Reframe/Reframe/Packages/ReframeCore/Sources/TrackingKit/Selection/SubjectTracker.swift -primary-file /Users/runner/work/Reframe/Reframe/Packages/ReframeCore/Sources/TrackingKit/TrackingSettings.swift /Users/runner/work/Reframe/Reframe/Packages/ReframeCore/Sources/TrackingKit/Vision/DebugVideoWriter.swift /Users/runner/work/Reframe/Reframe/Packages/ReframeCore/Sources/TrackingKit/Vision/PersonPreview.swift /Users/runner/work/Reframe/Reframe/Packages/ReframeCore/Sources/TrackingKit/Vision/TrackingPipeline.swift /Users/runner/work/Reframe/Reframe/Packages/ReframeCore/Sources/TrackingKit/Vision/VideoFrameReader.swift /Users/runner/work/Reframe/Reframe/Packages/ReframeCore/Sources/TrackingKit/Vision/VisionComponents.swift -supplementary-output-file-map /Users/runner/work/Reframe/Reframe/App/build/Build/Intermediates.noindex/ReframeCore.build/Debug-iphonesimulator/TrackingKit.build/Objects-normal/arm64/supplementaryOutputs-14 -target arm64-apple-ios16.0-simulator -Xllvm -aarch64-use-tbi -enable-objc-interop -sdk /Applications/Xcode_16.2.app/Contents/Developer/Platforms/iPhoneSimulator.platform/Developer/SDKs/iPhoneSimulator18.2.sdk -I /Users/runner/work/Reframe/Reframe/App/build/Build/Products/Debug-iphonesimulator -I /Applications/Xcode_16.2.app/Contents/Developer/Platforms/iPhoneSimulator.platform/Developer/usr/lib -F /Users/runner/work/Reframe/Reframe/App/build/Build/Products/Debug-iphonesimulator/PackageFrameworks -F /Users/runner/work/Reframe/Reframe/App/build/Build/Products/Debug-iphonesimulator -F /Applications/Xcode_16.2.app/Contents/Developer/Platforms/iPhoneSimulator.platform/Developer/Library/Frameworks -F /Applications/Xcode_16.2.app/Contents/Developer/Platforms/iPhoneSimulator.platform/Developer/SDKs/iPhoneSimulator18.2.sdk/Developer/Library/Frameworks -no-color-diagnostics -enable-testing -g -debug-info-format\=dwarf -dwarf-version\=4 -module-cache-path /Users/runner/work/Reframe/Reframe/App/build/ModuleCache.noindex -swift-version 5 -enforce-exclusivity\=checked -Onone -D SWIFT_PACKAGE -D DEBUG -D Xcode -serialize-debugging-options -const-gather-protocols-file /Users/runner/work/Reframe/Reframe/App/build/Build/Intermediates.noindex/ReframeCore.build/Debug-iphonesimulator/TrackingKit.build/Objects-normal/arm64/TrackingKit_const_extract_protocols.json -enable-experimental-feature DebugDescriptionMacro -enable-experimental-feature OpaqueTypeErasure -empty-abi-descriptor -plugin-path /Applications/Xcode_16.2.app/Contents/Developer/Toolchains/XcodeDefault.xctoolchain/usr/lib/swift/host/plugins/testing -validate-clang-modules-once -clang-build-session-file /Users/runner/work/Reframe/Reframe/App/build/ModuleCache.noindex/Session.modulevalidation -Xcc -working-directory -Xcc /Users/runner/work/Reframe/Reframe/App/AutoReframe.xcodeproj -resource-dir /Applications/Xcode_16.2.app/Contents/Developer/Toolchains/XcodeDefault.xctoolchain/usr/lib/swift -enable-anonymous-context-mangled-names -file-compilation-dir /Users/runner/work/Reframe/Reframe/App/AutoReframe.xcodeproj -Xcc -D_LIBCPP_HARDENING_MODE\=_LIBCPP_HARDENING_MODE_DEBUG -Xcc -ivfsstatcache -Xcc /Users/runner/work/Reframe/Reframe/App/build/SDKStatCaches.noindex/iphonesimulator18.2-22C146-16b5fc1f628d844b188c57a1ba9d6a81.sdkstatcache -Xcc -I/Users/runner/work/Reframe/Reframe/App/build/Build/Intermediates.noindex/ReframeCore.build/Debug-iphonesimulator/TrackingKit.build/swift-overrides.hmap -Xcc -I/Users/runner/work/Reframe/Reframe/App/build/Build/Products/Debug-iphonesimulator/include -Xcc -I/Users/runner/work/Reframe/Reframe/App/build/Build/Intermediates.noindex/ReframeCore.build/Debug-iphonesimulator/TrackingKit.build/DerivedSources-normal/arm64 -Xcc -I/Users/runner/work/Reframe/Reframe/App/build/Build/Intermediates.noindex/ReframeCore.build/Debug-iphonesimulator/TrackingKit.build/DerivedSources/arm64 -Xcc -I/Users/runner/work/Reframe/Reframe/App/build/Build/Intermediates.noindex/ReframeCore.build/Debug-iphonesimulator/TrackingKit.build/DerivedSources -Xcc -DSWIFT_PACKAGE -Xcc -DDEBUG\=1 -module-name TrackingKit -package-name reframecore -frontend-parseable-output -disable-clang-spi -target-sdk-version 18.2 -target-sdk-name iphonesimulator18.2 -external-plugin-path /Applications/Xcode_16.2.app/Contents/Developer/Platforms/iPhoneOS.platform/Developer/usr/lib/swift/host/plugins\#/Applications/Xcode_16.2.app/Contents/Developer/Platforms/iPhoneOS.platform/Developer/usr/bin/swift-plugin-server -external-plugin-path /Applications/Xcode_16.2.app/Contents/Developer/Platforms/iPhoneOS.platform/Developer/usr/local/lib/swift/host/plugins\#/Applications/Xcode_16.2.app/Contents/Developer/Platforms/iPhoneOS.platform/Developer/usr/bin/swift-plugin-server -plugin-path /Applications/Xcode_16.2.app/Contents/Developer/Toolchains/XcodeDefault.xctoolchain/usr/lib/swift/host/plugins -plugin-path /Applications/Xcode_16.2.app/Contents/Developer/Toolchains/XcodeDefault.xctoolchain/usr/local/lib/swift/host/plugins -o /Users/runner/work/Reframe/Reframe/App/build/Build/Intermediates.noindex/ReframeCore.build/Debug-iphonesimulator/TrackingKit.build/Objects-normal/arm64/RenderPlanning.o -o /Users/runner/work/Reframe/Reframe/App/build/Build/Intermediates.noindex/ReframeCore.build/Debug-iphonesimulator/TrackingKit.build/Objects-normal/arm64/VerticalRenderer.o -o /Users/runner/work/Reframe/Reframe/App/build/Build/Intermediates.noindex/ReframeCore.build/Debug-iphonesimulator/TrackingKit.build/Objects-normal/arm64/Observation.o -o /Users/runner/work/Reframe/Reframe/App/build/Build/Intermediates.noindex/ReframeCore.build/Debug-iphonesimulator/TrackingKit.build/Objects-normal/arm64/SubjectSelector.o -o /Users/runner/work/Reframe/Reframe/App/build/Build/Intermediates.noindex/ReframeCore.build/Debug-iphonesimulator/TrackingKit.build/Objects-normal/arm64/SubjectTracker.o -o /Users/runner/work/Reframe/Reframe/App/build/Build/Intermediates.noindex/ReframeCore.build/Debug-iphonesimulator/TrackingKit.build/Objects-normal/arm64/TrackingSettings.o -index-unit-output-path /ReframeCore.build/Debug-iphonesimulator/TrackingKit.build/Objects-normal/arm64/RenderPlanning.o -index-unit-output-path /ReframeCore.build/Debug-iphonesimulator/TrackingKit.build/Objects-normal/arm64/VerticalRenderer.o -index-unit-output-path /ReframeCore.build/Debug-iphonesimulator/TrackingKit.build/Objects-normal/arm64/Observation.o -index-unit-output-path /ReframeCore.build/Debug-iphonesimulator/TrackingKit.build/Objects-normal/arm64/SubjectSelector.o -index-unit-output-path /ReframeCore.build/Debug-iphonesimulator/TrackingKit.build/Objects-normal/arm64/SubjectTracker.o -index-unit-output-path /ReframeCore.build/Debug-iphonesimulator/TrackingKit.build/Objects-normal/arm64/TrackingSettings.o -index-store-path /Users/runner/work/Reframe/Reframe/App/build/Index.noindex/DataStore -index-system-modules
/Users/runner/work/Reframe/Reframe/Packages/ReframeCore/Sources/TrackingKit/Render/VerticalRenderer.swift:250:19: warning: capture of 'videoInput' with non-sendable type 'AVAssetWriterInput' in a `@Sendable` closure
            while videoInput.isReadyForMoreMediaData {
                  ^
AVFoundation.AVAssetWriterInput:2:12: note: class 'AVAssetWriterInput' does not conform to the 'Sendable' protocol
open class AVAssetWriterInput : NSObject {
           ^
/Users/runner/work/Reframe/Reframe/Packages/ReframeCore/Sources/TrackingKit/Render/VerticalRenderer.swift:3:1: warning: add '@preconcurrency' to suppress 'Sendable'-related warnings from module 'AVFoundation'
import AVFoundation
^
@preconcurrency 
/Users/runner/work/Reframe/Reframe/Packages/ReframeCore/Sources/TrackingKit/Render/VerticalRenderer.swift:254:40: warning: capture of 'videoOutput' with non-sendable type 'AVAssetReaderTrackOutput' in a `@Sendable` closure
                    guard let sample = videoOutput.copyNextSampleBuffer() else { finished = true; return }
                                       ^
AVFoundation.AVAssetReaderTrackOutput:2:12: note: class 'AVAssetReaderTrackOutput' does not conform to the 'Sendable' protocol
open class AVAssetReaderTrackOutput : AVAssetReaderOutput {
           ^
/Users/runner/work/Reframe/Reframe/Packages/ReframeCore/Sources/TrackingKit/Render/VerticalRenderer.swift:273:38: warning: capture of 'adaptor' with non-sendable type 'AVAssetWriterInputPixelBufferAdaptor' in a `@Sendable` closure
                    guard let pool = adaptor.pixelBufferPool else {
                                     ^
AVFoundation.AVAssetWriterInputPixelBufferAdaptor:2:12: note: class 'AVAssetWriterInputPixelBufferAdaptor' does not conform to the 'Sendable' protocol
open class AVAssetWriterInputPixelBufferAdaptor : NSObject {
           ^
/Users/runner/work/Reframe/Reframe/Packages/ReframeCore/Sources/TrackingKit/Render/VerticalRenderer.swift:281:21: warning: capture of 'ciContext' with non-sendable type 'CIContext' in a `@Sendable` closure
                    ciContext.render(image, to: outBuffer, bounds: outBounds, colorSpace: colorSpace)
                    ^
CoreImage.CIContext:2:12: note: class 'CIContext' does not conform to the 'Sendable' protocol
open class CIContext : NSObject {
           ^
/Users/runner/work/Reframe/Reframe/Packages/ReframeCore/Sources/TrackingKit/Render/VerticalRenderer.swift:4:1: warning: add '@preconcurrency' to suppress 'Sendable'-related warnings from module 'CoreImage'
import CoreImage
^
@preconcurrency 
/Users/runner/work/Reframe/Reframe/Packages/ReframeCore/Sources/TrackingKit/Render/VerticalRenderer.swift:283:61: warning: capture of 'writer' with non-sendable type 'AVAssetWriter' in a `@Sendable` closure
                        state.fail(RenderError.writerFailed(writer.error.map { "\($0)" } ?? "append de vídeo falhou"))
AVFoundation.AVAssetWriter:2:12: note: class 'AVAssetWriter' does not conform to the 'Sendable' protocol
open class AVAssetWriter : NSObject {
           ^
/Users/runner/work/Reframe/Reframe/Packages/ReframeCore/Sources/TrackingKit/Render/VerticalRenderer.swift:297:23: warning: capture of 'audioInput' with non-sendable type 'AVAssetWriterInput' in a `@Sendable` closure
                while audioInput.isReadyForMoreMediaData {
                      ^
AVFoundation.AVAssetWriterInput:2:12: note: class 'AVAssetWriterInput' does not conform to the 'Sendable' protocol
open class AVAssetWriterInput : NSObject {
           ^
/Users/runner/work/Reframe/Reframe/Packages/ReframeCore/Sources/TrackingKit/Render/VerticalRenderer.swift:299:40: warning: capture of 'audioOutput' with non-sendable type 'AVAssetReaderTrackOutput' in a `@Sendable` closure
                    guard let sample = audioOutput.copyNextSampleBuffer() else {
                                       ^
AVFoundation.AVAssetReaderTrackOutput:2:12: note: class 'AVAssetReaderTrackOutput' does not conform to the 'Sendable' protocol
open class AVAssetReaderTrackOutput : AVAssetReaderOutput {
           ^
/Users/runner/work/Reframe/Reframe/Packages/ReframeCore/Sources/TrackingKit/Render/VerticalRenderer.swift:303:61: warning: capture of 'writer' with non-sendable type 'AVAssetWriter' in a `@Sendable` closure
                        state.fail(RenderError.writerFailed(writer.error.map { "\($0)" } ?? "append de áudio falhou"))
AVFoundation.AVAssetWriter:2:12: note: class 'AVAssetWriter' does not conform to the 'Sendable' protocol
open class AVAssetWriter : NSObject {
           ^

SwiftCompile normal arm64 /Users/runner/work/Reframe/Reframe/Packages/ReframeCore/Sources/TrackingKit/Selection/SubjectTracker.swift (in target 'TrackingKit' from project 'ReframeCore')
    cd /Users/runner/work/Reframe/Reframe/App/AutoReframe.xcodeproj
    /Applications/Xcode_16.2.app/Contents/Developer/Toolchains/XcodeDefault.xctoolchain/usr/bin/swift-frontend -c /Users/runner/work/Reframe/Reframe/Packages/ReframeCore/Sources/TrackingKit/Geometry/BoxMath.swift /Users/runner/work/Reframe/Reframe/Packages/ReframeCore/Sources/TrackingKit/Geometry/DisplayMapping.swift /Users/runner/work/Reframe/Reframe/Packages/ReframeCore/Sources/TrackingKit/Geometry/Timestamps.swift /Users/runner/work/Reframe/Reframe/Packages/ReframeCore/Sources/TrackingKit/Geometry/VisionCoordinates.swift /Users/runner/work/Reframe/Reframe/Packages/ReframeCore/Sources/TrackingKit/Output/CommandLineOptions.swift /Users/runner/work/Reframe/Reframe/Packages/ReframeCore/Sources/TrackingKit/Output/TrackingReport.swift -primary-file /Users/runner/work/Reframe/Reframe/Packages/ReframeCore/Sources/TrackingKit/Render/RenderPlanning.swift -primary-file /Users/runner/work/Reframe/Reframe/Packages/ReframeCore/Sources/TrackingKit/Render/VerticalRenderer.swift -primary-file /Users/runner/work/Reframe/Reframe/Packages/ReframeCore/Sources/TrackingKit/Selection/Observation.swift -primary-file /Users/runner/work/Reframe/Reframe/Packages/ReframeCore/Sources/TrackingKit/Selection/SubjectSelector.swift -primary-file /Users/runner/work/Reframe/Reframe/Packages/ReframeCore/Sources/TrackingKit/Selection/SubjectTracker.swift -primary-file /Users/runner/work/Reframe/Reframe/Packages/ReframeCore/Sources/TrackingKit/TrackingSettings.swift /Users/runner/work/Reframe/Reframe/Packages/ReframeCore/Sources/TrackingKit/Vision/DebugVideoWriter.swift /Users/runner/work/Reframe/Reframe/Packages/ReframeCore/Sources/TrackingKit/Vision/PersonPreview.swift /Users/runner/work/Reframe/Reframe/Packages/ReframeCore/Sources/TrackingKit/Vision/TrackingPipeline.swift /Users/runner/work/Reframe/Reframe/Packages/ReframeCore/Sources/TrackingKit/Vision/VideoFrameReader.swift /Users/runner/work/Reframe/Reframe/Packages/ReframeCore/Sources/TrackingKit/Vision/VisionComponents.swift -supplementary-output-file-map /Users/runner/work/Reframe/Reframe/App/build/Build/Intermediates.noindex/ReframeCore.build/Debug-iphonesimulator/TrackingKit.build/Objects-normal/arm64/supplementaryOutputs-14 -target arm64-apple-ios16.0-simulator -Xllvm -aarch64-use-tbi -enable-objc-interop -sdk /Applications/Xcode_16.2.app/Contents/Developer/Platforms/iPhoneSimulator.platform/Developer/SDKs/iPhoneSimulator18.2.sdk -I /Users/runner/work/Reframe/Reframe/App/build/Build/Products/Debug-iphonesimulator -I /Applications/Xcode_16.2.app/Contents/Developer/Platforms/iPhoneSimulator.platform/Developer/usr/lib -F /Users/runner/work/Reframe/Reframe/App/build/Build/Products/Debug-iphonesimulator/PackageFrameworks -F /Users/runner/work/Reframe/Reframe/App/build/Build/Products/Debug-iphonesimulator -F /Applications/Xcode_16.2.app/Contents/Developer/Platforms/iPhoneSimulator.platform/Developer/Library/Frameworks -F /Applications/Xcode_16.2.app/Contents/Developer/Platforms/iPhoneSimulator.platform/Developer/SDKs/iPhoneSimulator18.2.sdk/Developer/Library/Frameworks -no-color-diagnostics -enable-testing -g -debug-info-format\=dwarf -dwarf-version\=4 -module-cache-path /Users/runner/work/Reframe/Reframe/App/build/ModuleCache.noindex -swift-version 5 -enforce-exclusivity\=checked -Onone -D SWIFT_PACKAGE -D DEBUG -D Xcode -serialize-debugging-options -const-gather-protocols-file /Users/runner/work/Reframe/Reframe/App/build/Build/Intermediates.noindex/ReframeCore.build/Debug-iphonesimulator/TrackingKit.build/Objects-normal/arm64/TrackingKit_const_extract_protocols.json -enable-experimental-feature DebugDescriptionMacro -enable-experimental-feature OpaqueTypeErasure -empty-abi-descriptor -plugin-path /Applications/Xcode_16.2.app/Contents/Developer/Toolchains/XcodeDefault.xctoolchain/usr/lib/swift/host/plugins/testing -validate-clang-modules-once -clang-build-session-file /Users/runner/work/Reframe/Reframe/App/build/ModuleCache.noindex/Session.modulevalidation -Xcc -working-directory -Xcc /Users/runner/work/Reframe/Reframe/App/AutoReframe.xcodeproj -resource-dir /Applications/Xcode_16.2.app/Contents/Developer/Toolchains/XcodeDefault.xctoolchain/usr/lib/swift -enable-anonymous-context-mangled-names -file-compilation-dir /Users/runner/work/Reframe/Reframe/App/AutoReframe.xcodeproj -Xcc -D_LIBCPP_HARDENING_MODE\=_LIBCPP_HARDENING_MODE_DEBUG -Xcc -ivfsstatcache -Xcc /Users/runner/work/Reframe/Reframe/App/build/SDKStatCaches.noindex/iphonesimulator18.2-22C146-16b5fc1f628d844b188c57a1ba9d6a81.sdkstatcache -Xcc -I/Users/runner/work/Reframe/Reframe/App/build/Build/Intermediates.noindex/ReframeCore.build/Debug-iphonesimulator/TrackingKit.build/swift-overrides.hmap -Xcc -I/Users/runner/work/Reframe/Reframe/App/build/Build/Products/Debug-iphonesimulator/include -Xcc -I/Users/runner/work/Reframe/Reframe/App/build/Build/Intermediates.noindex/ReframeCore.build/Debug-iphonesimulator/TrackingKit.build/DerivedSources-normal/arm64 -Xcc -I/Users/runner/work/Reframe/Reframe/App/build/Build/Intermediates.noindex/ReframeCore.build/Debug-iphonesimulator/TrackingKit.build/DerivedSources/arm64 -Xcc -I/Users/runner/work/Reframe/Reframe/App/build/Build/Intermediates.noindex/ReframeCore.build/Debug-iphonesimulator/TrackingKit.build/DerivedSources -Xcc -DSWIFT_PACKAGE -Xcc -DDEBUG\=1 -module-name TrackingKit -package-name reframecore -frontend-parseable-output -disable-clang-spi -target-sdk-version 18.2 -target-sdk-name iphonesimulator18.2 -external-plugin-path /Applications/Xcode_16.2.app/Contents/Developer/Platforms/iPhoneOS.platform/Developer/usr/lib/swift/host/plugins\#/Applications/Xcode_16.2.app/Contents/Developer/Platforms/iPhoneOS.platform/Developer/usr/bin/swift-plugin-server -external-plugin-path /Applications/Xcode_16.2.app/Contents/Developer/Platforms/iPhoneOS.platform/Developer/usr/local/lib/swift/host/plugins\#/Applications/Xcode_16.2.app/Contents/Developer/Platforms/iPhoneOS.platform/Developer/usr/bin/swift-plugin-server -plugin-path /Applications/Xcode_16.2.app/Contents/Developer/Toolchains/XcodeDefault.xctoolchain/usr/lib/swift/host/plugins -plugin-path /Applications/Xcode_16.2.app/Contents/Developer/Toolchains/XcodeDefault.xctoolchain/usr/local/lib/swift/host/plugins -o /Users/runner/work/Reframe/Reframe/App/build/Build/Intermediates.noindex/ReframeCore.build/Debug-iphonesimulator/TrackingKit.build/Objects-normal/arm64/RenderPlanning.o -o /Users/runner/work/Reframe/Reframe/App/build/Build/Intermediates.noindex/ReframeCore.build/Debug-iphonesimulator/TrackingKit.build/Objects-normal/arm64/VerticalRenderer.o -o /Users/runner/work/Reframe/Reframe/App/build/Build/Intermediates.noindex/ReframeCore.build/Debug-iphonesimulator/TrackingKit.build/Objects-normal/arm64/Observation.o -o /Users/runner/work/Reframe/Reframe/App/build/Build/Intermediates.noindex/ReframeCore.build/Debug-iphonesimulator/TrackingKit.build/Objects-normal/arm64/SubjectSelector.o -o /Users/runner/work/Reframe/Reframe/App/build/Build/Intermediates.noindex/ReframeCore.build/Debug-iphonesimulator/TrackingKit.build/Objects-normal/arm64/SubjectTracker.o -o /Users/runner/work/Reframe/Reframe/App/build/Build/Intermediates.noindex/ReframeCore.build/Debug-iphonesimulator/TrackingKit.build/Objects-normal/arm64/TrackingSettings.o -index-unit-output-path /ReframeCore.build/Debug-iphonesimulator/TrackingKit.build/Objects-normal/arm64/RenderPlanning.o -index-unit-output-path /ReframeCore.build/Debug-iphonesimulator/TrackingKit.build/Objects-normal/arm64/VerticalRenderer.o -index-unit-output-path /ReframeCore.build/Debug-iphonesimulator/TrackingKit.build/Objects-normal/arm64/Observation.o -index-unit-output-path /ReframeCore.build/Debug-iphonesimulator/TrackingKit.build/Objects-normal/arm64/SubjectSelector.o -index-unit-output-path /ReframeCore.build/Debug-iphonesimulator/TrackingKit.build/Objects-normal/arm64/SubjectTracker.o -index-unit-output-path /ReframeCore.build/Debug-iphonesimulator/TrackingKit.build/Objects-normal/arm64/TrackingSettings.o -index-store-path /Users/runner/work/Reframe/Reframe/App/build/Index.noindex/DataStore -index-system-modules
/Users/runner/work/Reframe/Reframe/Packages/ReframeCore/Sources/TrackingKit/Render/VerticalRenderer.swift:250:19: warning: capture of 'videoInput' with non-sendable type 'AVAssetWriterInput' in a `@Sendable` closure
            while videoInput.isReadyForMoreMediaData {
                  ^
AVFoundation.AVAssetWriterInput:2:12: note: class 'AVAssetWriterInput' does not conform to the 'Sendable' protocol
open class AVAssetWriterInput : NSObject {
           ^
/Users/runner/work/Reframe/Reframe/Packages/ReframeCore/Sources/TrackingKit/Render/VerticalRenderer.swift:3:1: warning: add '@preconcurrency' to suppress 'Sendable'-related warnings from module 'AVFoundation'
import AVFoundation
^
@preconcurrency 
/Users/runner/work/Reframe/Reframe/Packages/ReframeCore/Sources/TrackingKit/Render/VerticalRenderer.swift:254:40: warning: capture of 'videoOutput' with non-sendable type 'AVAssetReaderTrackOutput' in a `@Sendable` closure
                    guard let sample = videoOutput.copyNextSampleBuffer() else { finished = true; return }
                                       ^
AVFoundation.AVAssetReaderTrackOutput:2:12: note: class 'AVAssetReaderTrackOutput' does not conform to the 'Sendable' protocol
open class AVAssetReaderTrackOutput : AVAssetReaderOutput {
           ^
/Users/runner/work/Reframe/Reframe/Packages/ReframeCore/Sources/TrackingKit/Render/VerticalRenderer.swift:273:38: warning: capture of 'adaptor' with non-sendable type 'AVAssetWriterInputPixelBufferAdaptor' in a `@Sendable` closure
                    guard let pool = adaptor.pixelBufferPool else {
                                     ^
AVFoundation.AVAssetWriterInputPixelBufferAdaptor:2:12: note: class 'AVAssetWriterInputPixelBufferAdaptor' does not conform to the 'Sendable' protocol
open class AVAssetWriterInputPixelBufferAdaptor : NSObject {
           ^
/Users/runner/work/Reframe/Reframe/Packages/ReframeCore/Sources/TrackingKit/Render/VerticalRenderer.swift:281:21: warning: capture of 'ciContext' with non-sendable type 'CIContext' in a `@Sendable` closure
                    ciContext.render(image, to: outBuffer, bounds: outBounds, colorSpace: colorSpace)
                    ^
CoreImage.CIContext:2:12: note: class 'CIContext' does not conform to the 'Sendable' protocol
open class CIContext : NSObject {
           ^
/Users/runner/work/Reframe/Reframe/Packages/ReframeCore/Sources/TrackingKit/Render/VerticalRenderer.swift:4:1: warning: add '@preconcurrency' to suppress 'Sendable'-related warnings from module 'CoreImage'
import CoreImage
^
@preconcurrency 
/Users/runner/work/Reframe/Reframe/Packages/ReframeCore/Sources/TrackingKit/Render/VerticalRenderer.swift:283:61: warning: capture of 'writer' with non-sendable type 'AVAssetWriter' in a `@Sendable` closure
                        state.fail(RenderError.writerFailed(writer.error.map { "\($0)" } ?? "append de vídeo falhou"))
AVFoundation.AVAssetWriter:2:12: note: class 'AVAssetWriter' does not conform to the 'Sendable' protocol
open class AVAssetWriter : NSObject {
           ^
/Users/runner/work/Reframe/Reframe/Packages/ReframeCore/Sources/TrackingKit/Render/VerticalRenderer.swift:297:23: warning: capture of 'audioInput' with non-sendable type 'AVAssetWriterInput' in a `@Sendable` closure
                while audioInput.isReadyForMoreMediaData {
                      ^
AVFoundation.AVAssetWriterInput:2:12: note: class 'AVAssetWriterInput' does not conform to the 'Sendable' protocol
open class AVAssetWriterInput : NSObject {
           ^
/Users/runner/work/Reframe/Reframe/Packages/ReframeCore/Sources/TrackingKit/Render/VerticalRenderer.swift:299:40: warning: capture of 'audioOutput' with non-sendable type 'AVAssetReaderTrackOutput' in a `@Sendable` closure
                    guard let sample = audioOutput.copyNextSampleBuffer() else {
                                       ^
AVFoundation.AVAssetReaderTrackOutput:2:12: note: class 'AVAssetReaderTrackOutput' does not conform to the 'Sendable' protocol
open class AVAssetReaderTrackOutput : AVAssetReaderOutput {
           ^
/Users/runner/work/Reframe/Reframe/Packages/ReframeCore/Sources/TrackingKit/Render/VerticalRenderer.swift:303:61: warning: capture of 'writer' with non-sendable type 'AVAssetWriter' in a `@Sendable` closure
                        state.fail(RenderError.writerFailed(writer.error.map { "\($0)" } ?? "append de áudio falhou"))
AVFoundation.AVAssetWriter:2:12: note: class 'AVAssetWriter' does not conform to the 'Sendable' protocol
open class AVAssetWriter : NSObject {
           ^

SwiftCompile normal arm64 /Users/runner/work/Reframe/Reframe/Packages/ReframeCore/Sources/TrackingKit/TrackingSettings.swift (in target 'TrackingKit' from project 'ReframeCore')
    cd /Users/runner/work/Reframe/Reframe/App/AutoReframe.xcodeproj
    /Applications/Xcode_16.2.app/Contents/Developer/Toolchains/XcodeDefault.xctoolchain/usr/bin/swift-frontend -c /Users/runner/work/Reframe/Reframe/Packages/ReframeCore/Sources/TrackingKit/Geometry/BoxMath.swift /Users/runner/work/Reframe/Reframe/Packages/ReframeCore/Sources/TrackingKit/Geometry/DisplayMapping.swift /Users/runner/work/Reframe/Reframe/Packages/ReframeCore/Sources/TrackingKit/Geometry/Timestamps.swift /Users/runner/work/Reframe/Reframe/Packages/ReframeCore/Sources/TrackingKit/Geometry/VisionCoordinates.swift /Users/runner/work/Reframe/Reframe/Packages/ReframeCore/Sources/TrackingKit/Output/CommandLineOptions.swift /Users/runner/work/Reframe/Reframe/Packages/ReframeCore/Sources/TrackingKit/Output/TrackingReport.swift -primary-file /Users/runner/work/Reframe/Reframe/Packages/ReframeCore/Sources/TrackingKit/Render/RenderPlanning.swift -primary-file /Users/runner/work/Reframe/Reframe/Packages/ReframeCore/Sources/TrackingKit/Render/VerticalRenderer.swift -primary-file /Users/runner/work/Reframe/Reframe/Packages/ReframeCore/Sources/TrackingKit/Selection/Observation.swift -primary-file /Users/runner/work/Reframe/Reframe/Packages/ReframeCore/Sources/TrackingKit/Selection/SubjectSelector.swift -primary-file /Users/runner/work/Reframe/Reframe/Packages/ReframeCore/Sources/TrackingKit/Selection/SubjectTracker.swift -primary-file /Users/runner/work/Reframe/Reframe/Packages/ReframeCore/Sources/TrackingKit/TrackingSettings.swift /Users/runner/work/Reframe/Reframe/Packages/ReframeCore/Sources/TrackingKit/Vision/DebugVideoWriter.swift /Users/runner/work/Reframe/Reframe/Packages/ReframeCore/Sources/TrackingKit/Vision/PersonPreview.swift /Users/runner/work/Reframe/Reframe/Packages/ReframeCore/Sources/TrackingKit/Vision/TrackingPipeline.swift /Users/runner/work/Reframe/Reframe/Packages/ReframeCore/Sources/TrackingKit/Vision/VideoFrameReader.swift /Users/runner/work/Reframe/Reframe/Packages/ReframeCore/Sources/TrackingKit/Vision/VisionComponents.swift -supplementary-output-file-map /Users/runner/work/Reframe/Reframe/App/build/Build/Intermediates.noindex/ReframeCore.build/Debug-iphonesimulator/TrackingKit.build/Objects-normal/arm64/supplementaryOutputs-14 -target arm64-apple-ios16.0-simulator -Xllvm -aarch64-use-tbi -enable-objc-interop -sdk /Applications/Xcode_16.2.app/Contents/Developer/Platforms/iPhoneSimulator.platform/Developer/SDKs/iPhoneSimulator18.2.sdk -I /Users/runner/work/Reframe/Reframe/App/build/Build/Products/Debug-iphonesimulator -I /Applications/Xcode_16.2.app/Contents/Developer/Platforms/iPhoneSimulator.platform/Developer/usr/lib -F /Users/runner/work/Reframe/Reframe/App/build/Build/Products/Debug-iphonesimulator/PackageFrameworks -F /Users/runner/work/Reframe/Reframe/App/build/Build/Products/Debug-iphonesimulator -F /Applications/Xcode_16.2.app/Contents/Developer/Platforms/iPhoneSimulator.platform/Developer/Library/Frameworks -F /Applications/Xcode_16.2.app/Contents/Developer/Platforms/iPhoneSimulator.platform/Developer/SDKs/iPhoneSimulator18.2.sdk/Developer/Library/Frameworks -no-color-diagnostics -enable-testing -g -debug-info-format\=dwarf -dwarf-version\=4 -module-cache-path /Users/runner/work/Reframe/Reframe/App/build/ModuleCache.noindex -swift-version 5 -enforce-exclusivity\=checked -Onone -D SWIFT_PACKAGE -D DEBUG -D Xcode -serialize-debugging-options -const-gather-protocols-file /Users/runner/work/Reframe/Reframe/App/build/Build/Intermediates.noindex/ReframeCore.build/Debug-iphonesimulator/TrackingKit.build/Objects-normal/arm64/TrackingKit_const_extract_protocols.json -enable-experimental-feature DebugDescriptionMacro -enable-experimental-feature OpaqueTypeErasure -empty-abi-descriptor -plugin-path /Applications/Xcode_16.2.app/Contents/Developer/Toolchains/XcodeDefault.xctoolchain/usr/lib/swift/host/plugins/testing -validate-clang-modules-once -clang-build-session-file /Users/runner/work/Reframe/Reframe/App/build/ModuleCache.noindex/Session.modulevalidation -Xcc -working-directory -Xcc /Users/runner/work/Reframe/Reframe/App/AutoReframe.xcodeproj -resource-dir /Applications/Xcode_16.2.app/Contents/Developer/Toolchains/XcodeDefault.xctoolchain/usr/lib/swift -enable-anonymous-context-mangled-names -file-compilation-dir /Users/runner/work/Reframe/Reframe/App/AutoReframe.xcodeproj -Xcc -D_LIBCPP_HARDENING_MODE\=_LIBCPP_HARDENING_MODE_DEBUG -Xcc -ivfsstatcache -Xcc /Users/runner/work/Reframe/Reframe/App/build/SDKStatCaches.noindex/iphonesimulator18.2-22C146-16b5fc1f628d844b188c57a1ba9d6a81.sdkstatcache -Xcc -I/Users/runner/work/Reframe/Reframe/App/build/Build/Intermediates.noindex/ReframeCore.build/Debug-iphonesimulator/TrackingKit.build/swift-overrides.hmap -Xcc -I/Users/runner/work/Reframe/Reframe/App/build/Build/Products/Debug-iphonesimulator/include -Xcc -I/Users/runner/work/Reframe/Reframe/App/build/Build/Intermediates.noindex/ReframeCore.build/Debug-iphonesimulator/TrackingKit.build/DerivedSources-normal/arm64 -Xcc -I/Users/runner/work/Reframe/Reframe/App/build/Build/Intermediates.noindex/ReframeCore.build/Debug-iphonesimulator/TrackingKit.build/DerivedSources/arm64 -Xcc -I/Users/runner/work/Reframe/Reframe/App/build/Build/Intermediates.noindex/ReframeCore.build/Debug-iphonesimulator/TrackingKit.build/DerivedSources -Xcc -DSWIFT_PACKAGE -Xcc -DDEBUG\=1 -module-name TrackingKit -package-name reframecore -frontend-parseable-output -disable-clang-spi -target-sdk-version 18.2 -target-sdk-name iphonesimulator18.2 -external-plugin-path /Applications/Xcode_16.2.app/Contents/Developer/Platforms/iPhoneOS.platform/Developer/usr/lib/swift/host/plugins\#/Applications/Xcode_16.2.app/Contents/Developer/Platforms/iPhoneOS.platform/Developer/usr/bin/swift-plugin-server -external-plugin-path /Applications/Xcode_16.2.app/Contents/Developer/Platforms/iPhoneOS.platform/Developer/usr/local/lib/swift/host/plugins\#/Applications/Xcode_16.2.app/Contents/Developer/Platforms/iPhoneOS.platform/Developer/usr/bin/swift-plugin-server -plugin-path /Applications/Xcode_16.2.app/Contents/Developer/Toolchains/XcodeDefault.xctoolchain/usr/lib/swift/host/plugins -plugin-path /Applications/Xcode_16.2.app/Contents/Developer/Toolchains/XcodeDefault.xctoolchain/usr/local/lib/swift/host/plugins -o /Users/runner/work/Reframe/Reframe/App/build/Build/Intermediates.noindex/ReframeCore.build/Debug-iphonesimulator/TrackingKit.build/Objects-normal/arm64/RenderPlanning.o -o /Users/runner/work/Reframe/Reframe/App/build/Build/Intermediates.noindex/ReframeCore.build/Debug-iphonesimulator/TrackingKit.build/Objects-normal/arm64/VerticalRenderer.o -o /Users/runner/work/Reframe/Reframe/App/build/Build/Intermediates.noindex/ReframeCore.build/Debug-iphonesimulator/TrackingKit.build/Objects-normal/arm64/Observation.o -o /Users/runner/work/Reframe/Reframe/App/build/Build/Intermediates.noindex/ReframeCore.build/Debug-iphonesimulator/TrackingKit.build/Objects-normal/arm64/SubjectSelector.o -o /Users/runner/work/Reframe/Reframe/App/build/Build/Intermediates.noindex/ReframeCore.build/Debug-iphonesimulator/TrackingKit.build/Objects-normal/arm64/SubjectTracker.o -o /Users/runner/work/Reframe/Reframe/App/build/Build/Intermediates.noindex/ReframeCore.build/Debug-iphonesimulator/TrackingKit.build/Objects-normal/arm64/TrackingSettings.o -index-unit-output-path /ReframeCore.build/Debug-iphonesimulator/TrackingKit.build/Objects-normal/arm64/RenderPlanning.o -index-unit-output-path /ReframeCore.build/Debug-iphonesimulator/TrackingKit.build/Objects-normal/arm64/VerticalRenderer.o -index-unit-output-path /ReframeCore.build/Debug-iphonesimulator/TrackingKit.build/Objects-normal/arm64/Observation.o -index-unit-output-path /ReframeCore.build/Debug-iphonesimulator/TrackingKit.build/Objects-normal/arm64/SubjectSelector.o -index-unit-output-path /ReframeCore.build/Debug-iphonesimulator/TrackingKit.build/Objects-normal/arm64/SubjectTracker.o -index-unit-output-path /ReframeCore.build/Debug-iphonesimulator/TrackingKit.build/Objects-normal/arm64/TrackingSettings.o -index-store-path /Users/runner/work/Reframe/Reframe/App/build/Index.noindex/DataStore -index-system-modules
/Users/runner/work/Reframe/Reframe/Packages/ReframeCore/Sources/TrackingKit/Render/VerticalRenderer.swift:250:19: warning: capture of 'videoInput' with non-sendable type 'AVAssetWriterInput' in a `@Sendable` closure
            while videoInput.isReadyForMoreMediaData {
                  ^
AVFoundation.AVAssetWriterInput:2:12: note: class 'AVAssetWriterInput' does not conform to the 'Sendable' protocol
open class AVAssetWriterInput : NSObject {
           ^
/Users/runner/work/Reframe/Reframe/Packages/ReframeCore/Sources/TrackingKit/Render/VerticalRenderer.swift:3:1: warning: add '@preconcurrency' to suppress 'Sendable'-related warnings from module 'AVFoundation'
import AVFoundation
^
@preconcurrency 
/Users/runner/work/Reframe/Reframe/Packages/ReframeCore/Sources/TrackingKit/Render/VerticalRenderer.swift:254:40: warning: capture of 'videoOutput' with non-sendable type 'AVAssetReaderTrackOutput' in a `@Sendable` closure
                    guard let sample = videoOutput.copyNextSampleBuffer() else { finished = true; return }
                                       ^
AVFoundation.AVAssetReaderTrackOutput:2:12: note: class 'AVAssetReaderTrackOutput' does not conform to the 'Sendable' protocol
open class AVAssetReaderTrackOutput : AVAssetReaderOutput {
           ^
/Users/runner/work/Reframe/Reframe/Packages/ReframeCore/Sources/TrackingKit/Render/VerticalRenderer.swift:273:38: warning: capture of 'adaptor' with non-sendable type 'AVAssetWriterInputPixelBufferAdaptor' in a `@Sendable` closure
                    guard let pool = adaptor.pixelBufferPool else {
                                     ^
AVFoundation.AVAssetWriterInputPixelBufferAdaptor:2:12: note: class 'AVAssetWriterInputPixelBufferAdaptor' does not conform to the 'Sendable' protocol
open class AVAssetWriterInputPixelBufferAdaptor : NSObject {
           ^
/Users/runner/work/Reframe/Reframe/Packages/ReframeCore/Sources/TrackingKit/Render/VerticalRenderer.swift:281:21: warning: capture of 'ciContext' with non-sendable type 'CIContext' in a `@Sendable` closure
                    ciContext.render(image, to: outBuffer, bounds: outBounds, colorSpace: colorSpace)
                    ^
CoreImage.CIContext:2:12: note: class 'CIContext' does not conform to the 'Sendable' protocol
open class CIContext : NSObject {
           ^
/Users/runner/work/Reframe/Reframe/Packages/ReframeCore/Sources/TrackingKit/Render/VerticalRenderer.swift:4:1: warning: add '@preconcurrency' to suppress 'Sendable'-related warnings from module 'CoreImage'
import CoreImage
^
@preconcurrency 
/Users/runner/work/Reframe/Reframe/Packages/ReframeCore/Sources/TrackingKit/Render/VerticalRenderer.swift:283:61: warning: capture of 'writer' with non-sendable type 'AVAssetWriter' in a `@Sendable` closure
                        state.fail(RenderError.writerFailed(writer.error.map { "\($0)" } ?? "append de vídeo falhou"))
AVFoundation.AVAssetWriter:2:12: note: class 'AVAssetWriter' does not conform to the 'Sendable' protocol
open class AVAssetWriter : NSObject {
           ^
/Users/runner/work/Reframe/Reframe/Packages/ReframeCore/Sources/TrackingKit/Render/VerticalRenderer.swift:297:23: warning: capture of 'audioInput' with non-sendable type 'AVAssetWriterInput' in a `@Sendable` closure
                while audioInput.isReadyForMoreMediaData {
                      ^
AVFoundation.AVAssetWriterInput:2:12: note: class 'AVAssetWriterInput' does not conform to the 'Sendable' protocol
open class AVAssetWriterInput : NSObject {
           ^
/Users/runner/work/Reframe/Reframe/Packages/ReframeCore/Sources/TrackingKit/Render/VerticalRenderer.swift:299:40: warning: capture of 'audioOutput' with non-sendable type 'AVAssetReaderTrackOutput' in a `@Sendable` closure
                    guard let sample = audioOutput.copyNextSampleBuffer() else {
                                       ^
AVFoundation.AVAssetReaderTrackOutput:2:12: note: class 'AVAssetReaderTrackOutput' does not conform to the 'Sendable' protocol
open class AVAssetReaderTrackOutput : AVAssetReaderOutput {
           ^
/Users/runner/work/Reframe/Reframe/Packages/ReframeCore/Sources/TrackingKit/Render/VerticalRenderer.swift:303:61: warning: capture of 'writer' with non-sendable type 'AVAssetWriter' in a `@Sendable` closure
                        state.fail(RenderError.writerFailed(writer.error.map { "\($0)" } ?? "append de áudio falhou"))
AVFoundation.AVAssetWriter:2:12: note: class 'AVAssetWriter' does not conform to the 'Sendable' protocol
open class AVAssetWriter : NSObject {
           ^

SwiftDriverJobDiscovery normal arm64 Compiling DebugVideoWriter.swift, PersonPreview.swift, TrackingPipeline.swift, VideoFrameReader.swift, VisionComponents.swift (in target 'TrackingKit' from project 'ReframeCore')

SwiftCompile normal arm64 Compiling\ BoxMath.swift,\ DisplayMapping.swift,\ Timestamps.swift,\ VisionCoordinates.swift,\ CommandLineOptions.swift,\ TrackingReport.swift /Users/runner/work/Reframe/Reframe/Packages/ReframeCore/Sources/TrackingKit/Geometry/BoxMath.swift /Users/runner/work/Reframe/Reframe/Packages/ReframeCore/Sources/TrackingKit/Geometry/DisplayMapping.swift /Users/runner/work/Reframe/Reframe/Packages/ReframeCore/Sources/TrackingKit/Geometry/Timestamps.swift /Users/runner/work/Reframe/Reframe/Packages/ReframeCore/Sources/TrackingKit/Geometry/VisionCoordinates.swift /Users/runner/work/Reframe/Reframe/Packages/ReframeCore/Sources/TrackingKit/Output/CommandLineOptions.swift /Users/runner/work/Reframe/Reframe/Packages/ReframeCore/Sources/TrackingKit/Output/TrackingReport.swift (in target 'TrackingKit' from project 'ReframeCore')
    cd /Users/runner/work/Reframe/Reframe/App/AutoReframe.xcodeproj
    builtin-swiftTaskExecution -- /Applications/Xcode_16.2.app/Contents/Developer/Toolchains/XcodeDefault.xctoolchain/usr/bin/swift-frontend -frontend -c -primary-file /Users/runner/work/Reframe/Reframe/Packages/ReframeCore/Sources/TrackingKit/Geometry/BoxMath.swift -primary-file /Users/runner/work/Reframe/Reframe/Packages/ReframeCore/Sources/TrackingKit/Geometry/DisplayMapping.swift -primary-file /Users/runner/work/Reframe/Reframe/Packages/ReframeCore/Sources/TrackingKit/Geometry/Timestamps.swift -primary-file /Users/runner/work/Reframe/Reframe/Packages/ReframeCore/Sources/TrackingKit/Geometry/VisionCoordinates.swift -primary-file /Users/runner/work/Reframe/Reframe/Packages/ReframeCore/Sources/TrackingKit/Output/CommandLineOptions.swift -primary-file /Users/runner/work/Reframe/Reframe/Packages/ReframeCore/Sources/TrackingKit/Output/TrackingReport.swift /Users/runner/work/Reframe/Reframe/Packages/ReframeCore/Sources/TrackingKit/Render/RenderPlanning.swift /Users/runner/work/Reframe/Reframe/Packages/ReframeCore/Sources/TrackingKit/Render/VerticalRenderer.swift /Users/runner/work/Reframe/Reframe/Packages/ReframeCore/Sources/TrackingKit/Selection/Observation.swift /Users/runner/work/Reframe/Reframe/Packages/ReframeCore/Sources/TrackingKit/Selection/SubjectSelector.swift /Users/runner/work/Reframe/Reframe/Packages/ReframeCore/Sources/TrackingKit/Selection/SubjectTracker.swift /Users/runner/work/Reframe/Reframe/Packages/ReframeCore/Sources/TrackingKit/TrackingSettings.swift /Users/runner/work/Reframe/Reframe/Packages/ReframeCore/Sources/TrackingKit/Vision/DebugVideoWriter.swift /Users/runner/work/Reframe/Reframe/Packages/ReframeCore/Sources/TrackingKit/Vision/PersonPreview.swift /Users/runner/work/Reframe/Reframe/Packages/ReframeCore/Sources/TrackingKit/Vision/TrackingPipeline.swift /Users/runner/work/Reframe/Reframe/Packages/ReframeCore/Sources/TrackingKit/Vision/VideoFrameReader.swift /Users/runner/work/Reframe/Reframe/Packages/ReframeCore/Sources/TrackingKit/Vision/VisionComponents.swift -supplementary-output-file-map /Users/runner/work/Reframe/Reframe/App/build/Build/Intermediates.noindex/ReframeCore.build/Debug-iphonesimulator/TrackingKit.build/Objects-normal/arm64/supplementaryOutputs-13 -target arm64-apple-ios16.0-simulator -Xllvm -aarch64-use-tbi -enable-objc-interop -sdk /Applications/Xcode_16.2.app/Contents/Developer/Platforms/iPhoneSimulator.platform/Developer/SDKs/iPhoneSimulator18.2.sdk -I /Users/runner/work/Reframe/Reframe/App/build/Build/Products/Debug-iphonesimulator -I /Applications/Xcode_16.2.app/Contents/Developer/Platforms/iPhoneSimulator.platform/Developer/usr/lib -F /Users/runner/work/Reframe/Reframe/App/build/Build/Products/Debug-iphonesimulator/PackageFrameworks -F /Users/runner/work/Reframe/Reframe/App/build/Build/Products/Debug-iphonesimulator -F /Applications/Xcode_16.2.app/Contents/Developer/Platforms/iPhoneSimulator.platform/Developer/Library/Frameworks -F /Applications/Xcode_16.2.app/Contents/Developer/Platforms/iPhoneSimulator.platform/Developer/SDKs/iPhoneSimulator18.2.sdk/Developer/Library/Frameworks -no-color-diagnostics -enable-testing -g -debug-info-format\=dwarf -dwarf-version\=4 -module-cache-path /Users/runner/work/Reframe/Reframe/App/build/ModuleCache.noindex -swift-version 5 -enforce-exclusivity\=checked -Onone -D SWIFT_PACKAGE -D DEBUG -D Xcode -serialize-debugging-options -const-gather-protocols-file /Users/runner/work/Reframe/Reframe/App/build/Build/Intermediates.noindex/ReframeCore.build/Debug-iphonesimulator/TrackingKit.build/Objects-normal/arm64/TrackingKit_const_extract_protocols.json -enable-experimental-feature DebugDescriptionMacro -enable-experimental-feature OpaqueTypeErasure -empty-abi-descriptor -plugin-path /Applications/Xcode_16.2.app/Contents/Developer/Toolchains/XcodeDefault.xctoolchain/usr/lib/swift/host/plugins/testing -validate-clang-modules-once -clang-build-session-file /Users/runner/work/Reframe/Reframe/App/build/ModuleCache.noindex/Session.modulevalidation -Xcc -working-directory -Xcc /Users/runner/work/Reframe/Reframe/App/AutoReframe.xcodeproj -resource-dir /Applications/Xcode_16.2.app/Contents/Developer/Toolchains/XcodeDefault.xctoolchain/usr/lib/swift -enable-anonymous-context-mangled-names -file-compilation-dir /Users/runner/work/Reframe/Reframe/App/AutoReframe.xcodeproj -Xcc -D_LIBCPP_HARDENING_MODE\=_LIBCPP_HARDENING_MODE_DEBUG -Xcc -ivfsstatcache -Xcc /Users/runner/work/Reframe/Reframe/App/build/SDKStatCaches.noindex/iphonesimulator18.2-22C146-16b5fc1f628d844b188c57a1ba9d6a81.sdkstatcache -Xcc -I/Users/runner/work/Reframe/Reframe/App/build/Build/Intermediates.noindex/ReframeCore.build/Debug-iphonesimulator/TrackingKit.build/swift-overrides.hmap -Xcc -I/Users/runner/work/Reframe/Reframe/App/build/Build/Products/Debug-iphonesimulator/include -Xcc -I/Users/runner/work/Reframe/Reframe/App/build/Build/Intermediates.noindex/ReframeCore.build/Debug-iphonesimulator/TrackingKit.build/DerivedSources-normal/arm64 -Xcc -I/Users/runner/work/Reframe/Reframe/App/build/Build/Intermediates.noindex/ReframeCore.build/Debug-iphonesimulator/TrackingKit.build/DerivedSources/arm64 -Xcc -I/Users/runner/work/Reframe/Reframe/App/build/Build/Intermediates.noindex/ReframeCore.build/Debug-iphonesimulator/TrackingKit.build/DerivedSources -Xcc -DSWIFT_PACKAGE -Xcc -DDEBUG\=1 -module-name TrackingKit -package-name reframecore -frontend-parseable-output -disable-clang-spi -target-sdk-version 18.2 -target-sdk-name iphonesimulator18.2 -external-plugin-path /Applications/Xcode_16.2.app/Contents/Developer/Platforms/iPhoneOS.platform/Developer/usr/lib/swift/host/plugins\#/Applications/Xcode_16.2.app/Contents/Developer/Platforms/iPhoneOS.platform/Developer/usr/bin/swift-plugin-server -external-plugin-path /Applications/Xcode_16.2.app/Contents/Developer/Platforms/iPhoneOS.platform/Developer/usr/local/lib/swift/host/plugins\#/Applications/Xcode_16.2.app/Contents/Developer/Platforms/iPhoneOS.platform/Developer/usr/bin/swift-plugin-server -plugin-path /Applications/Xcode_16.2.app/Contents/Developer/Toolchains/XcodeDefault.xctoolchain/usr/lib/swift/host/plugins -plugin-path /Applications/Xcode_16.2.app/Contents/Developer/Toolchains/XcodeDefault.xctoolchain/usr/local/lib/swift/host/plugins -o /Users/runner/work/Reframe/Reframe/App/build/Build/Intermediates.noindex/ReframeCore.build/Debug-iphonesimulator/TrackingKit.build/Objects-normal/arm64/BoxMath.o -o /Users/runner/work/Reframe/Reframe/App/build/Build/Intermediates.noindex/ReframeCore.build/Debug-iphonesimulator/TrackingKit.build/Objects-normal/arm64/DisplayMapping.o -o /Users/runner/work/Reframe/Reframe/App/build/Build/Intermediates.noindex/ReframeCore.build/Debug-iphonesimulator/TrackingKit.build/Objects-normal/arm64/Timestamps.o -o /Users/runner/work/Reframe/Reframe/App/build/Build/Intermediates.noindex/ReframeCore.build/Debug-iphonesimulator/TrackingKit.build/Objects-normal/arm64/VisionCoordinates.o -o /Users/runner/work/Reframe/Reframe/App/build/Build/Intermediates.noindex/ReframeCore.build/Debug-iphonesimulator/TrackingKit.build/Objects-normal/arm64/CommandLineOptions.o -o /Users/runner/work/Reframe/Reframe/App/build/Build/Intermediates.noindex/ReframeCore.build/Debug-iphonesimulator/TrackingKit.build/Objects-normal/arm64/TrackingReport.o -index-unit-output-path /ReframeCore.build/Debug-iphonesimulator/TrackingKit.build/Objects-normal/arm64/BoxMath.o -index-unit-output-path /ReframeCore.build/Debug-iphonesimulator/TrackingKit.build/Objects-normal/arm64/DisplayMapping.o -index-unit-output-path /ReframeCore.build/Debug-iphonesimulator/TrackingKit.build/Objects-normal/arm64/Timestamps.o -index-unit-output-path /ReframeCore.build/Debug-iphonesimulator/TrackingKit.build/Objects-normal/arm64/VisionCoordinates.o -index-unit-output-path /ReframeCore.build/Debug-iphonesimulator/TrackingKit.build/Objects-normal/arm64/CommandLineOptions.o -index-unit-output-path /ReframeCore.build/Debug-iphonesimulator/TrackingKit.build/Objects-normal/arm64/TrackingReport.o -index-store-path /Users/runner/work/Reframe/Reframe/App/build/Index.noindex/DataStore -index-system-modules
SwiftCompile normal arm64 /Users/runner/work/Reframe/Reframe/Packages/ReframeCore/Sources/TrackingKit/Geometry/BoxMath.swift (in target 'TrackingKit' from project 'ReframeCore')
    cd /Users/runner/work/Reframe/Reframe/App/AutoReframe.xcodeproj
    /Applications/Xcode_16.2.app/Contents/Developer/Toolchains/XcodeDefault.xctoolchain/usr/bin/swift-frontend -c -primary-file /Users/runner/work/Reframe/Reframe/Packages/ReframeCore/Sources/TrackingKit/Geometry/BoxMath.swift -primary-file /Users/runner/work/Reframe/Reframe/Packages/ReframeCore/Sources/TrackingKit/Geometry/DisplayMapping.swift -primary-file /Users/runner/work/Reframe/Reframe/Packages/ReframeCore/Sources/TrackingKit/Geometry/Timestamps.swift -primary-file /Users/runner/work/Reframe/Reframe/Packages/ReframeCore/Sources/TrackingKit/Geometry/VisionCoordinates.swift -primary-file /Users/runner/work/Reframe/Reframe/Packages/ReframeCore/Sources/TrackingKit/Output/CommandLineOptions.swift -primary-file /Users/runner/work/Reframe/Reframe/Packages/ReframeCore/Sources/TrackingKit/Output/TrackingReport.swift /Users/runner/work/Reframe/Reframe/Packages/ReframeCore/Sources/TrackingKit/Render/RenderPlanning.swift /Users/runner/work/Reframe/Reframe/Packages/ReframeCore/Sources/TrackingKit/Render/VerticalRenderer.swift /Users/runner/work/Reframe/Reframe/Packages/ReframeCore/Sources/TrackingKit/Selection/Observation.swift /Users/runner/work/Reframe/Reframe/Packages/ReframeCore/Sources/TrackingKit/Selection/SubjectSelector.swift /Users/runner/work/Reframe/Reframe/Packages/ReframeCore/Sources/TrackingKit/Selection/SubjectTracker.swift /Users/runner/work/Reframe/Reframe/Packages/ReframeCore/Sources/TrackingKit/TrackingSettings.swift /Users/runner/work/Reframe/Reframe/Packages/ReframeCore/Sources/TrackingKit/Vision/DebugVideoWriter.swift /Users/runner/work/Reframe/Reframe/Packages/ReframeCore/Sources/TrackingKit/Vision/PersonPreview.swift /Users/runner/work/Reframe/Reframe/Packages/ReframeCore/Sources/TrackingKit/Vision/TrackingPipeline.swift /Users/runner/work/Reframe/Reframe/Packages/ReframeCore/Sources/TrackingKit/Vision/VideoFrameReader.swift /Users/runner/work/Reframe/Reframe/Packages/ReframeCore/Sources/TrackingKit/Vision/VisionComponents.swift -supplementary-output-file-map /Users/runner/work/Reframe/Reframe/App/build/Build/Intermediates.noindex/ReframeCore.build/Debug-iphonesimulator/TrackingKit.build/Objects-normal/arm64/supplementaryOutputs-13 -target arm64-apple-ios16.0-simulator -Xllvm -aarch64-use-tbi -enable-objc-interop -sdk /Applications/Xcode_16.2.app/Contents/Developer/Platforms/iPhoneSimulator.platform/Developer/SDKs/iPhoneSimulator18.2.sdk -I /Users/runner/work/Reframe/Reframe/App/build/Build/Products/Debug-iphonesimulator -I /Applications/Xcode_16.2.app/Contents/Developer/Platforms/iPhoneSimulator.platform/Developer/usr/lib -F /Users/runner/work/Reframe/Reframe/App/build/Build/Products/Debug-iphonesimulator/PackageFrameworks -F /Users/runner/work/Reframe/Reframe/App/build/Build/Products/Debug-iphonesimulator -F /Applications/Xcode_16.2.app/Contents/Developer/Platforms/iPhoneSimulator.platform/Developer/Library/Frameworks -F /Applications/Xcode_16.2.app/Contents/Developer/Platforms/iPhoneSimulator.platform/Developer/SDKs/iPhoneSimulator18.2.sdk/Developer/Library/Frameworks -no-color-diagnostics -enable-testing -g -debug-info-format\=dwarf -dwarf-version\=4 -module-cache-path /Users/runner/work/Reframe/Reframe/App/build/ModuleCache.noindex -swift-version 5 -enforce-exclusivity\=checked -Onone -D SWIFT_PACKAGE -D DEBUG -D Xcode -serialize-debugging-options -const-gather-protocols-file /Users/runner/work/Reframe/Reframe/App/build/Build/Intermediates.noindex/ReframeCore.build/Debug-iphonesimulator/TrackingKit.build/Objects-normal/arm64/TrackingKit_const_extract_protocols.json -enable-experimental-feature DebugDescriptionMacro -enable-experimental-feature OpaqueTypeErasure -empty-abi-descriptor -plugin-path /Applications/Xcode_16.2.app/Contents/Developer/Toolchains/XcodeDefault.xctoolchain/usr/lib/swift/host/plugins/testing -validate-clang-modules-once -clang-build-session-file /Users/runner/work/Reframe/Reframe/App/build/ModuleCache.noindex/Session.modulevalidation -Xcc -working-directory -Xcc /Users/runner/work/Reframe/Reframe/App/AutoReframe.xcodeproj -resource-dir /Applications/Xcode_16.2.app/Contents/Developer/Toolchains/XcodeDefault.xctoolchain/usr/lib/swift -enable-anonymous-context-mangled-names -file-compilation-dir /Users/runner/work/Reframe/Reframe/App/AutoReframe.xcodeproj -Xcc -D_LIBCPP_HARDENING_MODE\=_LIBCPP_HARDENING_MODE_DEBUG -Xcc -ivfsstatcache -Xcc /Users/runner/work/Reframe/Reframe/App/build/SDKStatCaches.noindex/iphonesimulator18.2-22C146-16b5fc1f628d844b188c57a1ba9d6a81.sdkstatcache -Xcc -I/Users/runner/work/Reframe/Reframe/App/build/Build/Intermediates.noindex/ReframeCore.build/Debug-iphonesimulator/TrackingKit.build/swift-overrides.hmap -Xcc -I/Users/runner/work/Reframe/Reframe/App/build/Build/Products/Debug-iphonesimulator/include -Xcc -I/Users/runner/work/Reframe/Reframe/App/build/Build/Intermediates.noindex/ReframeCore.build/Debug-iphonesimulator/TrackingKit.build/DerivedSources-normal/arm64 -Xcc -I/Users/runner/work/Reframe/Reframe/App/build/Build/Intermediates.noindex/ReframeCore.build/Debug-iphonesimulator/TrackingKit.build/DerivedSources/arm64 -Xcc -I/Users/runner/work/Reframe/Reframe/App/build/Build/Intermediates.noindex/ReframeCore.build/Debug-iphonesimulator/TrackingKit.build/DerivedSources -Xcc -DSWIFT_PACKAGE -Xcc -DDEBUG\=1 -module-name TrackingKit -package-name reframecore -frontend-parseable-output -disable-clang-spi -target-sdk-version 18.2 -target-sdk-name iphonesimulator18.2 -external-plugin-path /Applications/Xcode_16.2.app/Contents/Developer/Platforms/iPhoneOS.platform/Developer/usr/lib/swift/host/plugins\#/Applications/Xcode_16.2.app/Contents/Developer/Platforms/iPhoneOS.platform/Developer/usr/bin/swift-plugin-server -external-plugin-path /Applications/Xcode_16.2.app/Contents/Developer/Platforms/iPhoneOS.platform/Developer/usr/local/lib/swift/host/plugins\#/Applications/Xcode_16.2.app/Contents/Developer/Platforms/iPhoneOS.platform/Developer/usr/bin/swift-plugin-server -plugin-path /Applications/Xcode_16.2.app/Contents/Developer/Toolchains/XcodeDefault.xctoolchain/usr/lib/swift/host/plugins -plugin-path /Applications/Xcode_16.2.app/Contents/Developer/Toolchains/XcodeDefault.xctoolchain/usr/local/lib/swift/host/plugins -o /Users/runner/work/Reframe/Reframe/App/build/Build/Intermediates.noindex/ReframeCore.build/Debug-iphonesimulator/TrackingKit.build/Objects-normal/arm64/BoxMath.o -o /Users/runner/work/Reframe/Reframe/App/build/Build/Intermediates.noindex/ReframeCore.build/Debug-iphonesimulator/TrackingKit.build/Objects-normal/arm64/DisplayMapping.o -o /Users/runner/work/Reframe/Reframe/App/build/Build/Intermediates.noindex/ReframeCore.build/Debug-iphonesimulator/TrackingKit.build/Objects-normal/arm64/Timestamps.o -o /Users/runner/work/Reframe/Reframe/App/build/Build/Intermediates.noindex/ReframeCore.build/Debug-iphonesimulator/TrackingKit.build/Objects-normal/arm64/VisionCoordinates.o -o /Users/runner/work/Reframe/Reframe/App/build/Build/Intermediates.noindex/ReframeCore.build/Debug-iphonesimulator/TrackingKit.build/Objects-normal/arm64/CommandLineOptions.o -o /Users/runner/work/Reframe/Reframe/App/build/Build/Intermediates.noindex/ReframeCore.build/Debug-iphonesimulator/TrackingKit.build/Objects-normal/arm64/TrackingReport.o -index-unit-output-path /ReframeCore.build/Debug-iphonesimulator/TrackingKit.build/Objects-normal/arm64/BoxMath.o -index-unit-output-path /ReframeCore.build/Debug-iphonesimulator/TrackingKit.build/Objects-normal/arm64/DisplayMapping.o -index-unit-output-path /ReframeCore.build/Debug-iphonesimulator/TrackingKit.build/Objects-normal/arm64/Timestamps.o -index-unit-output-path /ReframeCore.build/Debug-iphonesimulator/TrackingKit.build/Objects-normal/arm64/VisionCoordinates.o -index-unit-output-path /ReframeCore.build/Debug-iphonesimulator/TrackingKit.build/Objects-normal/arm64/CommandLineOptions.o -index-unit-output-path /ReframeCore.build/Debug-iphonesimulator/TrackingKit.build/Objects-normal/arm64/TrackingReport.o -index-store-path /Users/runner/work/Reframe/Reframe/App/build/Index.noindex/DataStore -index-system-modules

SwiftCompile normal arm64 /Users/runner/work/Reframe/Reframe/Packages/ReframeCore/Sources/TrackingKit/Geometry/DisplayMapping.swift (in target 'TrackingKit' from project 'ReframeCore')
    cd /Users/runner/work/Reframe/Reframe/App/AutoReframe.xcodeproj
    /Applications/Xcode_16.2.app/Contents/Developer/Toolchains/XcodeDefault.xctoolchain/usr/bin/swift-frontend -c -primary-file /Users/runner/work/Reframe/Reframe/Packages/ReframeCore/Sources/TrackingKit/Geometry/BoxMath.swift -primary-file /Users/runner/work/Reframe/Reframe/Packages/ReframeCore/Sources/TrackingKit/Geometry/DisplayMapping.swift -primary-file /Users/runner/work/Reframe/Reframe/Packages/ReframeCore/Sources/TrackingKit/Geometry/Timestamps.swift -primary-file /Users/runner/work/Reframe/Reframe/Packages/ReframeCore/Sources/TrackingKit/Geometry/VisionCoordinates.swift -primary-file /Users/runner/work/Reframe/Reframe/Packages/ReframeCore/Sources/TrackingKit/Output/CommandLineOptions.swift -primary-file /Users/runner/work/Reframe/Reframe/Packages/ReframeCore/Sources/TrackingKit/Output/TrackingReport.swift /Users/runner/work/Reframe/Reframe/Packages/ReframeCore/Sources/TrackingKit/Render/RenderPlanning.swift /Users/runner/work/Reframe/Reframe/Packages/ReframeCore/Sources/TrackingKit/Render/VerticalRenderer.swift /Users/runner/work/Reframe/Reframe/Packages/ReframeCore/Sources/TrackingKit/Selection/Observation.swift /Users/runner/work/Reframe/Reframe/Packages/ReframeCore/Sources/TrackingKit/Selection/SubjectSelector.swift /Users/runner/work/Reframe/Reframe/Packages/ReframeCore/Sources/TrackingKit/Selection/SubjectTracker.swift /Users/runner/work/Reframe/Reframe/Packages/ReframeCore/Sources/TrackingKit/TrackingSettings.swift /Users/runner/work/Reframe/Reframe/Packages/ReframeCore/Sources/TrackingKit/Vision/DebugVideoWriter.swift /Users/runner/work/Reframe/Reframe/Packages/ReframeCore/Sources/TrackingKit/Vision/PersonPreview.swift /Users/runner/work/Reframe/Reframe/Packages/ReframeCore/Sources/TrackingKit/Vision/TrackingPipeline.swift /Users/runner/work/Reframe/Reframe/Packages/ReframeCore/Sources/TrackingKit/Vision/VideoFrameReader.swift /Users/runner/work/Reframe/Reframe/Packages/ReframeCore/Sources/TrackingKit/Vision/VisionComponents.swift -supplementary-output-file-map /Users/runner/work/Reframe/Reframe/App/build/Build/Intermediates.noindex/ReframeCore.build/Debug-iphonesimulator/TrackingKit.build/Objects-normal/arm64/supplementaryOutputs-13 -target arm64-apple-ios16.0-simulator -Xllvm -aarch64-use-tbi -enable-objc-interop -sdk /Applications/Xcode_16.2.app/Contents/Developer/Platforms/iPhoneSimulator.platform/Developer/SDKs/iPhoneSimulator18.2.sdk -I /Users/runner/work/Reframe/Reframe/App/build/Build/Products/Debug-iphonesimulator -I /Applications/Xcode_16.2.app/Contents/Developer/Platforms/iPhoneSimulator.platform/Developer/usr/lib -F /Users/runner/work/Reframe/Reframe/App/build/Build/Products/Debug-iphonesimulator/PackageFrameworks -F /Users/runner/work/Reframe/Reframe/App/build/Build/Products/Debug-iphonesimulator -F /Applications/Xcode_16.2.app/Contents/Developer/Platforms/iPhoneSimulator.platform/Developer/Library/Frameworks -F /Applications/Xcode_16.2.app/Contents/Developer/Platforms/iPhoneSimulator.platform/Developer/SDKs/iPhoneSimulator18.2.sdk/Developer/Library/Frameworks -no-color-diagnostics -enable-testing -g -debug-info-format\=dwarf -dwarf-version\=4 -module-cache-path /Users/runner/work/Reframe/Reframe/App/build/ModuleCache.noindex -swift-version 5 -enforce-exclusivity\=checked -Onone -D SWIFT_PACKAGE -D DEBUG -D Xcode -serialize-debugging-options -const-gather-protocols-file /Users/runner/work/Reframe/Reframe/App/build/Build/Intermediates.noindex/ReframeCore.build/Debug-iphonesimulator/TrackingKit.build/Objects-normal/arm64/TrackingKit_const_extract_protocols.json -enable-experimental-feature DebugDescriptionMacro -enable-experimental-feature OpaqueTypeErasure -empty-abi-descriptor -plugin-path /Applications/Xcode_16.2.app/Contents/Developer/Toolchains/XcodeDefault.xctoolchain/usr/lib/swift/host/plugins/testing -validate-clang-modules-once -clang-build-session-file /Users/runner/work/Reframe/Reframe/App/build/ModuleCache.noindex/Session.modulevalidation -Xcc -working-directory -Xcc /Users/runner/work/Reframe/Reframe/App/AutoReframe.xcodeproj -resource-dir /Applications/Xcode_16.2.app/Contents/Developer/Toolchains/XcodeDefault.xctoolchain/usr/lib/swift -enable-anonymous-context-mangled-names -file-compilation-dir /Users/runner/work/Reframe/Reframe/App/AutoReframe.xcodeproj -Xcc -D_LIBCPP_HARDENING_MODE\=_LIBCPP_HARDENING_MODE_DEBUG -Xcc -ivfsstatcache -Xcc /Users/runner/work/Reframe/Reframe/App/build/SDKStatCaches.noindex/iphonesimulator18.2-22C146-16b5fc1f628d844b188c57a1ba9d6a81.sdkstatcache -Xcc -I/Users/runner/work/Reframe/Reframe/App/build/Build/Intermediates.noindex/ReframeCore.build/Debug-iphonesimulator/TrackingKit.build/swift-overrides.hmap -Xcc -I/Users/runner/work/Reframe/Reframe/App/build/Build/Products/Debug-iphonesimulator/include -Xcc -I/Users/runner/work/Reframe/Reframe/App/build/Build/Intermediates.noindex/ReframeCore.build/Debug-iphonesimulator/TrackingKit.build/DerivedSources-normal/arm64 -Xcc -I/Users/runner/work/Reframe/Reframe/App/build/Build/Intermediates.noindex/ReframeCore.build/Debug-iphonesimulator/TrackingKit.build/DerivedSources/arm64 -Xcc -I/Users/runner/work/Reframe/Reframe/App/build/Build/Intermediates.noindex/ReframeCore.build/Debug-iphonesimulator/TrackingKit.build/DerivedSources -Xcc -DSWIFT_PACKAGE -Xcc -DDEBUG\=1 -module-name TrackingKit -package-name reframecore -frontend-parseable-output -disable-clang-spi -target-sdk-version 18.2 -target-sdk-name iphonesimulator18.2 -external-plugin-path /Applications/Xcode_16.2.app/Contents/Developer/Platforms/iPhoneOS.platform/Developer/usr/lib/swift/host/plugins\#/Applications/Xcode_16.2.app/Contents/Developer/Platforms/iPhoneOS.platform/Developer/usr/bin/swift-plugin-server -external-plugin-path /Applications/Xcode_16.2.app/Contents/Developer/Platforms/iPhoneOS.platform/Developer/usr/local/lib/swift/host/plugins\#/Applications/Xcode_16.2.app/Contents/Developer/Platforms/iPhoneOS.platform/Developer/usr/bin/swift-plugin-server -plugin-path /Applications/Xcode_16.2.app/Contents/Developer/Toolchains/XcodeDefault.xctoolchain/usr/lib/swift/host/plugins -plugin-path /Applications/Xcode_16.2.app/Contents/Developer/Toolchains/XcodeDefault.xctoolchain/usr/local/lib/swift/host/plugins -o /Users/runner/work/Reframe/Reframe/App/build/Build/Intermediates.noindex/ReframeCore.build/Debug-iphonesimulator/TrackingKit.build/Objects-normal/arm64/BoxMath.o -o /Users/runner/work/Reframe/Reframe/App/build/Build/Intermediates.noindex/ReframeCore.build/Debug-iphonesimulator/TrackingKit.build/Objects-normal/arm64/DisplayMapping.o -o /Users/runner/work/Reframe/Reframe/App/build/Build/Intermediates.noindex/ReframeCore.build/Debug-iphonesimulator/TrackingKit.build/Objects-normal/arm64/Timestamps.o -o /Users/runner/work/Reframe/Reframe/App/build/Build/Intermediates.noindex/ReframeCore.build/Debug-iphonesimulator/TrackingKit.build/Objects-normal/arm64/VisionCoordinates.o -o /Users/runner/work/Reframe/Reframe/App/build/Build/Intermediates.noindex/ReframeCore.build/Debug-iphonesimulator/TrackingKit.build/Objects-normal/arm64/CommandLineOptions.o -o /Users/runner/work/Reframe/Reframe/App/build/Build/Intermediates.noindex/ReframeCore.build/Debug-iphonesimulator/TrackingKit.build/Objects-normal/arm64/TrackingReport.o -index-unit-output-path /ReframeCore.build/Debug-iphonesimulator/TrackingKit.build/Objects-normal/arm64/BoxMath.o -index-unit-output-path /ReframeCore.build/Debug-iphonesimulator/TrackingKit.build/Objects-normal/arm64/DisplayMapping.o -index-unit-output-path /ReframeCore.build/Debug-iphonesimulator/TrackingKit.build/Objects-normal/arm64/Timestamps.o -index-unit-output-path /ReframeCore.build/Debug-iphonesimulator/TrackingKit.build/Objects-normal/arm64/VisionCoordinates.o -index-unit-output-path /ReframeCore.build/Debug-iphonesimulator/TrackingKit.build/Objects-normal/arm64/CommandLineOptions.o -index-unit-output-path /ReframeCore.build/Debug-iphonesimulator/TrackingKit.build/Objects-normal/arm64/TrackingReport.o -index-store-path /Users/runner/work/Reframe/Reframe/App/build/Index.noindex/DataStore -index-system-modules

SwiftCompile normal arm64 /Users/runner/work/Reframe/Reframe/Packages/ReframeCore/Sources/TrackingKit/Geometry/Timestamps.swift (in target 'TrackingKit' from project 'ReframeCore')
    cd /Users/runner/work/Reframe/Reframe/App/AutoReframe.xcodeproj
    /Applications/Xcode_16.2.app/Contents/Developer/Toolchains/XcodeDefault.xctoolchain/usr/bin/swift-frontend -c -primary-file /Users/runner/work/Reframe/Reframe/Packages/ReframeCore/Sources/TrackingKit/Geometry/BoxMath.swift -primary-file /Users/runner/work/Reframe/Reframe/Packages/ReframeCore/Sources/TrackingKit/Geometry/DisplayMapping.swift -primary-file /Users/runner/work/Reframe/Reframe/Packages/ReframeCore/Sources/TrackingKit/Geometry/Timestamps.swift -primary-file /Users/runner/work/Reframe/Reframe/Packages/ReframeCore/Sources/TrackingKit/Geometry/VisionCoordinates.swift -primary-file /Users/runner/work/Reframe/Reframe/Packages/ReframeCore/Sources/TrackingKit/Output/CommandLineOptions.swift -primary-file /Users/runner/work/Reframe/Reframe/Packages/ReframeCore/Sources/TrackingKit/Output/TrackingReport.swift /Users/runner/work/Reframe/Reframe/Packages/ReframeCore/Sources/TrackingKit/Render/RenderPlanning.swift /Users/runner/work/Reframe/Reframe/Packages/ReframeCore/Sources/TrackingKit/Render/VerticalRenderer.swift /Users/runner/work/Reframe/Reframe/Packages/ReframeCore/Sources/TrackingKit/Selection/Observation.swift /Users/runner/work/Reframe/Reframe/Packages/ReframeCore/Sources/TrackingKit/Selection/SubjectSelector.swift /Users/runner/work/Reframe/Reframe/Packages/ReframeCore/Sources/TrackingKit/Selection/SubjectTracker.swift /Users/runner/work/Reframe/Reframe/Packages/ReframeCore/Sources/TrackingKit/TrackingSettings.swift /Users/runner/work/Reframe/Reframe/Packages/ReframeCore/Sources/TrackingKit/Vision/DebugVideoWriter.swift /Users/runner/work/Reframe/Reframe/Packages/ReframeCore/Sources/TrackingKit/Vision/PersonPreview.swift /Users/runner/work/Reframe/Reframe/Packages/ReframeCore/Sources/TrackingKit/Vision/TrackingPipeline.swift /Users/runner/work/Reframe/Reframe/Packages/ReframeCore/Sources/TrackingKit/Vision/VideoFrameReader.swift /Users/runner/work/Reframe/Reframe/Packages/ReframeCore/Sources/TrackingKit/Vision/VisionComponents.swift -supplementary-output-file-map /Users/runner/work/Reframe/Reframe/App/build/Build/Intermediates.noindex/ReframeCore.build/Debug-iphonesimulator/TrackingKit.build/Objects-normal/arm64/supplementaryOutputs-13 -target arm64-apple-ios16.0-simulator -Xllvm -aarch64-use-tbi -enable-objc-interop -sdk /Applications/Xcode_16.2.app/Contents/Developer/Platforms/iPhoneSimulator.platform/Developer/SDKs/iPhoneSimulator18.2.sdk -I /Users/runner/work/Reframe/Reframe/App/build/Build/Products/Debug-iphonesimulator -I /Applications/Xcode_16.2.app/Contents/Developer/Platforms/iPhoneSimulator.platform/Developer/usr/lib -F /Users/runner/work/Reframe/Reframe/App/build/Build/Products/Debug-iphonesimulator/PackageFrameworks -F /Users/runner/work/Reframe/Reframe/App/build/Build/Products/Debug-iphonesimulator -F /Applications/Xcode_16.2.app/Contents/Developer/Platforms/iPhoneSimulator.platform/Developer/Library/Frameworks -F /Applications/Xcode_16.2.app/Contents/Developer/Platforms/iPhoneSimulator.platform/Developer/SDKs/iPhoneSimulator18.2.sdk/Developer/Library/Frameworks -no-color-diagnostics -enable-testing -g -debug-info-format\=dwarf -dwarf-version\=4 -module-cache-path /Users/runner/work/Reframe/Reframe/App/build/ModuleCache.noindex -swift-version 5 -enforce-exclusivity\=checked -Onone -D SWIFT_PACKAGE -D DEBUG -D Xcode -serialize-debugging-options -const-gather-protocols-file /Users/runner/work/Reframe/Reframe/App/build/Build/Intermediates.noindex/ReframeCore.build/Debug-iphonesimulator/TrackingKit.build/Objects-normal/arm64/TrackingKit_const_extract_protocols.json -enable-experimental-feature DebugDescriptionMacro -enable-experimental-feature OpaqueTypeErasure -empty-abi-descriptor -plugin-path /Applications/Xcode_16.2.app/Contents/Developer/Toolchains/XcodeDefault.xctoolchain/usr/lib/swift/host/plugins/testing -validate-clang-modules-once -clang-build-session-file /Users/runner/work/Reframe/Reframe/App/build/ModuleCache.noindex/Session.modulevalidation -Xcc -working-directory -Xcc /Users/runner/work/Reframe/Reframe/App/AutoReframe.xcodeproj -resource-dir /Applications/Xcode_16.2.app/Contents/Developer/Toolchains/XcodeDefault.xctoolchain/usr/lib/swift -enable-anonymous-context-mangled-names -file-compilation-dir /Users/runner/work/Reframe/Reframe/App/AutoReframe.xcodeproj -Xcc -D_LIBCPP_HARDENING_MODE\=_LIBCPP_HARDENING_MODE_DEBUG -Xcc -ivfsstatcache -Xcc /Users/runner/work/Reframe/Reframe/App/build/SDKStatCaches.noindex/iphonesimulator18.2-22C146-16b5fc1f628d844b188c57a1ba9d6a81.sdkstatcache -Xcc -I/Users/runner/work/Reframe/Reframe/App/build/Build/Intermediates.noindex/ReframeCore.build/Debug-iphonesimulator/TrackingKit.build/swift-overrides.hmap -Xcc -I/Users/runner/work/Reframe/Reframe/App/build/Build/Products/Debug-iphonesimulator/include -Xcc -I/Users/runner/work/Reframe/Reframe/App/build/Build/Intermediates.noindex/ReframeCore.build/Debug-iphonesimulator/TrackingKit.build/DerivedSources-normal/arm64 -Xcc -I/Users/runner/work/Reframe/Reframe/App/build/Build/Intermediates.noindex/ReframeCore.build/Debug-iphonesimulator/TrackingKit.build/DerivedSources/arm64 -Xcc -I/Users/runner/work/Reframe/Reframe/App/build/Build/Intermediates.noindex/ReframeCore.build/Debug-iphonesimulator/TrackingKit.build/DerivedSources -Xcc -DSWIFT_PACKAGE -Xcc -DDEBUG\=1 -module-name TrackingKit -package-name reframecore -frontend-parseable-output -disable-clang-spi -target-sdk-version 18.2 -target-sdk-name iphonesimulator18.2 -external-plugin-path /Applications/Xcode_16.2.app/Contents/Developer/Platforms/iPhoneOS.platform/Developer/usr/lib/swift/host/plugins\#/Applications/Xcode_16.2.app/Contents/Developer/Platforms/iPhoneOS.platform/Developer/usr/bin/swift-plugin-server -external-plugin-path /Applications/Xcode_16.2.app/Contents/Developer/Platforms/iPhoneOS.platform/Developer/usr/local/lib/swift/host/plugins\#/Applications/Xcode_16.2.app/Contents/Developer/Platforms/iPhoneOS.platform/Developer/usr/bin/swift-plugin-server -plugin-path /Applications/Xcode_16.2.app/Contents/Developer/Toolchains/XcodeDefault.xctoolchain/usr/lib/swift/host/plugins -plugin-path /Applications/Xcode_16.2.app/Contents/Developer/Toolchains/XcodeDefault.xctoolchain/usr/local/lib/swift/host/plugins -o /Users/runner/work/Reframe/Reframe/App/build/Build/Intermediates.noindex/ReframeCore.build/Debug-iphonesimulator/TrackingKit.build/Objects-normal/arm64/BoxMath.o -o /Users/runner/work/Reframe/Reframe/App/build/Build/Intermediates.noindex/ReframeCore.build/Debug-iphonesimulator/TrackingKit.build/Objects-normal/arm64/DisplayMapping.o -o /Users/runner/work/Reframe/Reframe/App/build/Build/Intermediates.noindex/ReframeCore.build/Debug-iphonesimulator/TrackingKit.build/Objects-normal/arm64/Timestamps.o -o /Users/runner/work/Reframe/Reframe/App/build/Build/Intermediates.noindex/ReframeCore.build/Debug-iphonesimulator/TrackingKit.build/Objects-normal/arm64/VisionCoordinates.o -o /Users/runner/work/Reframe/Reframe/App/build/Build/Intermediates.noindex/ReframeCore.build/Debug-iphonesimulator/TrackingKit.build/Objects-normal/arm64/CommandLineOptions.o -o /Users/runner/work/Reframe/Reframe/App/build/Build/Intermediates.noindex/ReframeCore.build/Debug-iphonesimulator/TrackingKit.build/Objects-normal/arm64/TrackingReport.o -index-unit-output-path /ReframeCore.build/Debug-iphonesimulator/TrackingKit.build/Objects-normal/arm64/BoxMath.o -index-unit-output-path /ReframeCore.build/Debug-iphonesimulator/TrackingKit.build/Objects-normal/arm64/DisplayMapping.o -index-unit-output-path /ReframeCore.build/Debug-iphonesimulator/TrackingKit.build/Objects-normal/arm64/Timestamps.o -index-unit-output-path /ReframeCore.build/Debug-iphonesimulator/TrackingKit.build/Objects-normal/arm64/VisionCoordinates.o -index-unit-output-path /ReframeCore.build/Debug-iphonesimulator/TrackingKit.build/Objects-normal/arm64/CommandLineOptions.o -index-unit-output-path /ReframeCore.build/Debug-iphonesimulator/TrackingKit.build/Objects-normal/arm64/TrackingReport.o -index-store-path /Users/runner/work/Reframe/Reframe/App/build/Index.noindex/DataStore -index-system-modules

SwiftCompile normal arm64 /Users/runner/work/Reframe/Reframe/Packages/ReframeCore/Sources/TrackingKit/Geometry/VisionCoordinates.swift (in target 'TrackingKit' from project 'ReframeCore')
    cd /Users/runner/work/Reframe/Reframe/App/AutoReframe.xcodeproj
    /Applications/Xcode_16.2.app/Contents/Developer/Toolchains/XcodeDefault.xctoolchain/usr/bin/swift-frontend -c -primary-file /Users/runner/work/Reframe/Reframe/Packages/ReframeCore/Sources/TrackingKit/Geometry/BoxMath.swift -primary-file /Users/runner/work/Reframe/Reframe/Packages/ReframeCore/Sources/TrackingKit/Geometry/DisplayMapping.swift -primary-file /Users/runner/work/Reframe/Reframe/Packages/ReframeCore/Sources/TrackingKit/Geometry/Timestamps.swift -primary-file /Users/runner/work/Reframe/Reframe/Packages/ReframeCore/Sources/TrackingKit/Geometry/VisionCoordinates.swift -primary-file /Users/runner/work/Reframe/Reframe/Packages/ReframeCore/Sources/TrackingKit/Output/CommandLineOptions.swift -primary-file /Users/runner/work/Reframe/Reframe/Packages/ReframeCore/Sources/TrackingKit/Output/TrackingReport.swift /Users/runner/work/Reframe/Reframe/Packages/ReframeCore/Sources/TrackingKit/Render/RenderPlanning.swift /Users/runner/work/Reframe/Reframe/Packages/ReframeCore/Sources/TrackingKit/Render/VerticalRenderer.swift /Users/runner/work/Reframe/Reframe/Packages/ReframeCore/Sources/TrackingKit/Selection/Observation.swift /Users/runner/work/Reframe/Reframe/Packages/ReframeCore/Sources/TrackingKit/Selection/SubjectSelector.swift /Users/runner/work/Reframe/Reframe/Packages/ReframeCore/Sources/TrackingKit/Selection/SubjectTracker.swift /Users/runner/work/Reframe/Reframe/Packages/ReframeCore/Sources/TrackingKit/TrackingSettings.swift /Users/runner/work/Reframe/Reframe/Packages/ReframeCore/Sources/TrackingKit/Vision/DebugVideoWriter.swift /Users/runner/work/Reframe/Reframe/Packages/ReframeCore/Sources/TrackingKit/Vision/PersonPreview.swift /Users/runner/work/Reframe/Reframe/Packages/ReframeCore/Sources/TrackingKit/Vision/TrackingPipeline.swift /Users/runner/work/Reframe/Reframe/Packages/ReframeCore/Sources/TrackingKit/Vision/VideoFrameReader.swift /Users/runner/work/Reframe/Reframe/Packages/ReframeCore/Sources/TrackingKit/Vision/VisionComponents.swift -supplementary-output-file-map /Users/runner/work/Reframe/Reframe/App/build/Build/Intermediates.noindex/ReframeCore.build/Debug-iphonesimulator/TrackingKit.build/Objects-normal/arm64/supplementaryOutputs-13 -target arm64-apple-ios16.0-simulator -Xllvm -aarch64-use-tbi -enable-objc-interop -sdk /Applications/Xcode_16.2.app/Contents/Developer/Platforms/iPhoneSimulator.platform/Developer/SDKs/iPhoneSimulator18.2.sdk -I /Users/runner/work/Reframe/Reframe/App/build/Build/Products/Debug-iphonesimulator -I /Applications/Xcode_16.2.app/Contents/Developer/Platforms/iPhoneSimulator.platform/Developer/usr/lib -F /Users/runner/work/Reframe/Reframe/App/build/Build/Products/Debug-iphonesimulator/PackageFrameworks -F /Users/runner/work/Reframe/Reframe/App/build/Build/Products/Debug-iphonesimulator -F /Applications/Xcode_16.2.app/Contents/Developer/Platforms/iPhoneSimulator.platform/Developer/Library/Frameworks -F /Applications/Xcode_16.2.app/Contents/Developer/Platforms/iPhoneSimulator.platform/Developer/SDKs/iPhoneSimulator18.2.sdk/Developer/Library/Frameworks -no-color-diagnostics -enable-testing -g -debug-info-format\=dwarf -dwarf-version\=4 -module-cache-path /Users/runner/work/Reframe/Reframe/App/build/ModuleCache.noindex -swift-version 5 -enforce-exclusivity\=checked -Onone -D SWIFT_PACKAGE -D DEBUG -D Xcode -serialize-debugging-options -const-gather-protocols-file /Users/runner/work/Reframe/Reframe/App/build/Build/Intermediates.noindex/ReframeCore.build/Debug-iphonesimulator/TrackingKit.build/Objects-normal/arm64/TrackingKit_const_extract_protocols.json -enable-experimental-feature DebugDescriptionMacro -enable-experimental-feature OpaqueTypeErasure -empty-abi-descriptor -plugin-path /Applications/Xcode_16.2.app/Contents/Developer/Toolchains/XcodeDefault.xctoolchain/usr/lib/swift/host/plugins/testing -validate-clang-modules-once -clang-build-session-file /Users/runner/work/Reframe/Reframe/App/build/ModuleCache.noindex/Session.modulevalidation -Xcc -working-directory -Xcc /Users/runner/work/Reframe/Reframe/App/AutoReframe.xcodeproj -resource-dir /Applications/Xcode_16.2.app/Contents/Developer/Toolchains/XcodeDefault.xctoolchain/usr/lib/swift -enable-anonymous-context-mangled-names -file-compilation-dir /Users/runner/work/Reframe/Reframe/App/AutoReframe.xcodeproj -Xcc -D_LIBCPP_HARDENING_MODE\=_LIBCPP_HARDENING_MODE_DEBUG -Xcc -ivfsstatcache -Xcc /Users/runner/work/Reframe/Reframe/App/build/SDKStatCaches.noindex/iphonesimulator18.2-22C146-16b5fc1f628d844b188c57a1ba9d6a81.sdkstatcache -Xcc -I/Users/runner/work/Reframe/Reframe/App/build/Build/Intermediates.noindex/ReframeCore.build/Debug-iphonesimulator/TrackingKit.build/swift-overrides.hmap -Xcc -I/Users/runner/work/Reframe/Reframe/App/build/Build/Products/Debug-iphonesimulator/include -Xcc -I/Users/runner/work/Reframe/Reframe/App/build/Build/Intermediates.noindex/ReframeCore.build/Debug-iphonesimulator/TrackingKit.build/DerivedSources-normal/arm64 -Xcc -I/Users/runner/work/Reframe/Reframe/App/build/Build/Intermediates.noindex/ReframeCore.build/Debug-iphonesimulator/TrackingKit.build/DerivedSources/arm64 -Xcc -I/Users/runner/work/Reframe/Reframe/App/build/Build/Intermediates.noindex/ReframeCore.build/Debug-iphonesimulator/TrackingKit.build/DerivedSources -Xcc -DSWIFT_PACKAGE -Xcc -DDEBUG\=1 -module-name TrackingKit -package-name reframecore -frontend-parseable-output -disable-clang-spi -target-sdk-version 18.2 -target-sdk-name iphonesimulator18.2 -external-plugin-path /Applications/Xcode_16.2.app/Contents/Developer/Platforms/iPhoneOS.platform/Developer/usr/lib/swift/host/plugins\#/Applications/Xcode_16.2.app/Contents/Developer/Platforms/iPhoneOS.platform/Developer/usr/bin/swift-plugin-server -external-plugin-path /Applications/Xcode_16.2.app/Contents/Developer/Platforms/iPhoneOS.platform/Developer/usr/local/lib/swift/host/plugins\#/Applications/Xcode_16.2.app/Contents/Developer/Platforms/iPhoneOS.platform/Developer/usr/bin/swift-plugin-server -plugin-path /Applications/Xcode_16.2.app/Contents/Developer/Toolchains/XcodeDefault.xctoolchain/usr/lib/swift/host/plugins -plugin-path /Applications/Xcode_16.2.app/Contents/Developer/Toolchains/XcodeDefault.xctoolchain/usr/local/lib/swift/host/plugins -o /Users/runner/work/Reframe/Reframe/App/build/Build/Intermediates.noindex/ReframeCore.build/Debug-iphonesimulator/TrackingKit.build/Objects-normal/arm64/BoxMath.o -o /Users/runner/work/Reframe/Reframe/App/build/Build/Intermediates.noindex/ReframeCore.build/Debug-iphonesimulator/TrackingKit.build/Objects-normal/arm64/DisplayMapping.o -o /Users/runner/work/Reframe/Reframe/App/build/Build/Intermediates.noindex/ReframeCore.build/Debug-iphonesimulator/TrackingKit.build/Objects-normal/arm64/Timestamps.o -o /Users/runner/work/Reframe/Reframe/App/build/Build/Intermediates.noindex/ReframeCore.build/Debug-iphonesimulator/TrackingKit.build/Objects-normal/arm64/VisionCoordinates.o -o /Users/runner/work/Reframe/Reframe/App/build/Build/Intermediates.noindex/ReframeCore.build/Debug-iphonesimulator/TrackingKit.build/Objects-normal/arm64/CommandLineOptions.o -o /Users/runner/work/Reframe/Reframe/App/build/Build/Intermediates.noindex/ReframeCore.build/Debug-iphonesimulator/TrackingKit.build/Objects-normal/arm64/TrackingReport.o -index-unit-output-path /ReframeCore.build/Debug-iphonesimulator/TrackingKit.build/Objects-normal/arm64/BoxMath.o -index-unit-output-path /ReframeCore.build/Debug-iphonesimulator/TrackingKit.build/Objects-normal/arm64/DisplayMapping.o -index-unit-output-path /ReframeCore.build/Debug-iphonesimulator/TrackingKit.build/Objects-normal/arm64/Timestamps.o -index-unit-output-path /ReframeCore.build/Debug-iphonesimulator/TrackingKit.build/Objects-normal/arm64/VisionCoordinates.o -index-unit-output-path /ReframeCore.build/Debug-iphonesimulator/TrackingKit.build/Objects-normal/arm64/CommandLineOptions.o -index-unit-output-path /ReframeCore.build/Debug-iphonesimulator/TrackingKit.build/Objects-normal/arm64/TrackingReport.o -index-store-path /Users/runner/work/Reframe/Reframe/App/build/Index.noindex/DataStore -index-system-modules

SwiftCompile normal arm64 /Users/runner/work/Reframe/Reframe/Packages/ReframeCore/Sources/TrackingKit/Output/CommandLineOptions.swift (in target 'TrackingKit' from project 'ReframeCore')
    cd /Users/runner/work/Reframe/Reframe/App/AutoReframe.xcodeproj
    /Applications/Xcode_16.2.app/Contents/Developer/Toolchains/XcodeDefault.xctoolchain/usr/bin/swift-frontend -c -primary-file /Users/runner/work/Reframe/Reframe/Packages/ReframeCore/Sources/TrackingKit/Geometry/BoxMath.swift -primary-file /Users/runner/work/Reframe/Reframe/Packages/ReframeCore/Sources/TrackingKit/Geometry/DisplayMapping.swift -primary-file /Users/runner/work/Reframe/Reframe/Packages/ReframeCore/Sources/TrackingKit/Geometry/Timestamps.swift -primary-file /Users/runner/work/Reframe/Reframe/Packages/ReframeCore/Sources/TrackingKit/Geometry/VisionCoordinates.swift -primary-file /Users/runner/work/Reframe/Reframe/Packages/ReframeCore/Sources/TrackingKit/Output/CommandLineOptions.swift -primary-file /Users/runner/work/Reframe/Reframe/Packages/ReframeCore/Sources/TrackingKit/Output/TrackingReport.swift /Users/runner/work/Reframe/Reframe/Packages/ReframeCore/Sources/TrackingKit/Render/RenderPlanning.swift /Users/runner/work/Reframe/Reframe/Packages/ReframeCore/Sources/TrackingKit/Render/VerticalRenderer.swift /Users/runner/work/Reframe/Reframe/Packages/ReframeCore/Sources/TrackingKit/Selection/Observation.swift /Users/runner/work/Reframe/Reframe/Packages/ReframeCore/Sources/TrackingKit/Selection/SubjectSelector.swift /Users/runner/work/Reframe/Reframe/Packages/ReframeCore/Sources/TrackingKit/Selection/SubjectTracker.swift /Users/runner/work/Reframe/Reframe/Packages/ReframeCore/Sources/TrackingKit/TrackingSettings.swift /Users/runner/work/Reframe/Reframe/Packages/ReframeCore/Sources/TrackingKit/Vision/DebugVideoWriter.swift /Users/runner/work/Reframe/Reframe/Packages/ReframeCore/Sources/TrackingKit/Vision/PersonPreview.swift /Users/runner/work/Reframe/Reframe/Packages/ReframeCore/Sources/TrackingKit/Vision/TrackingPipeline.swift /Users/runner/work/Reframe/Reframe/Packages/ReframeCore/Sources/TrackingKit/Vision/VideoFrameReader.swift /Users/runner/work/Reframe/Reframe/Packages/ReframeCore/Sources/TrackingKit/Vision/VisionComponents.swift -supplementary-output-file-map /Users/runner/work/Reframe/Reframe/App/build/Build/Intermediates.noindex/ReframeCore.build/Debug-iphonesimulator/TrackingKit.build/Objects-normal/arm64/supplementaryOutputs-13 -target arm64-apple-ios16.0-simulator -Xllvm -aarch64-use-tbi -enable-objc-interop -sdk /Applications/Xcode_16.2.app/Contents/Developer/Platforms/iPhoneSimulator.platform/Developer/SDKs/iPhoneSimulator18.2.sdk -I /Users/runner/work/Reframe/Reframe/App/build/Build/Products/Debug-iphonesimulator -I /Applications/Xcode_16.2.app/Contents/Developer/Platforms/iPhoneSimulator.platform/Developer/usr/lib -F /Users/runner/work/Reframe/Reframe/App/build/Build/Products/Debug-iphonesimulator/PackageFrameworks -F /Users/runner/work/Reframe/Reframe/App/build/Build/Products/Debug-iphonesimulator -F /Applications/Xcode_16.2.app/Contents/Developer/Platforms/iPhoneSimulator.platform/Developer/Library/Frameworks -F /Applications/Xcode_16.2.app/Contents/Developer/Platforms/iPhoneSimulator.platform/Developer/SDKs/iPhoneSimulator18.2.sdk/Developer/Library/Frameworks -no-color-diagnostics -enable-testing -g -debug-info-format\=dwarf -dwarf-version\=4 -module-cache-path /Users/runner/work/Reframe/Reframe/App/build/ModuleCache.noindex -swift-version 5 -enforce-exclusivity\=checked -Onone -D SWIFT_PACKAGE -D DEBUG -D Xcode -serialize-debugging-options -const-gather-protocols-file /Users/runner/work/Reframe/Reframe/App/build/Build/Intermediates.noindex/ReframeCore.build/Debug-iphonesimulator/TrackingKit.build/Objects-normal/arm64/TrackingKit_const_extract_protocols.json -enable-experimental-feature DebugDescriptionMacro -enable-experimental-feature OpaqueTypeErasure -empty-abi-descriptor -plugin-path /Applications/Xcode_16.2.app/Contents/Developer/Toolchains/XcodeDefault.xctoolchain/usr/lib/swift/host/plugins/testing -validate-clang-modules-once -clang-build-session-file /Users/runner/work/Reframe/Reframe/App/build/ModuleCache.noindex/Session.modulevalidation -Xcc -working-directory -Xcc /Users/runner/work/Reframe/Reframe/App/AutoReframe.xcodeproj -resource-dir /Applications/Xcode_16.2.app/Contents/Developer/Toolchains/XcodeDefault.xctoolchain/usr/lib/swift -enable-anonymous-context-mangled-names -file-compilation-dir /Users/runner/work/Reframe/Reframe/App/AutoReframe.xcodeproj -Xcc -D_LIBCPP_HARDENING_MODE\=_LIBCPP_HARDENING_MODE_DEBUG -Xcc -ivfsstatcache -Xcc /Users/runner/work/Reframe/Reframe/App/build/SDKStatCaches.noindex/iphonesimulator18.2-22C146-16b5fc1f628d844b188c57a1ba9d6a81.sdkstatcache -Xcc -I/Users/runner/work/Reframe/Reframe/App/build/Build/Intermediates.noindex/ReframeCore.build/Debug-iphonesimulator/TrackingKit.build/swift-overrides.hmap -Xcc -I/Users/runner/work/Reframe/Reframe/App/build/Build/Products/Debug-iphonesimulator/include -Xcc -I/Users/runner/work/Reframe/Reframe/App/build/Build/Intermediates.noindex/ReframeCore.build/Debug-iphonesimulator/TrackingKit.build/DerivedSources-normal/arm64 -Xcc -I/Users/runner/work/Reframe/Reframe/App/build/Build/Intermediates.noindex/ReframeCore.build/Debug-iphonesimulator/TrackingKit.build/DerivedSources/arm64 -Xcc -I/Users/runner/work/Reframe/Reframe/App/build/Build/Intermediates.noindex/ReframeCore.build/Debug-iphonesimulator/TrackingKit.build/DerivedSources -Xcc -DSWIFT_PACKAGE -Xcc -DDEBUG\=1 -module-name TrackingKit -package-name reframecore -frontend-parseable-output -disable-clang-spi -target-sdk-version 18.2 -target-sdk-name iphonesimulator18.2 -external-plugin-path /Applications/Xcode_16.2.app/Contents/Developer/Platforms/iPhoneOS.platform/Developer/usr/lib/swift/host/plugins\#/Applications/Xcode_16.2.app/Contents/Developer/Platforms/iPhoneOS.platform/Developer/usr/bin/swift-plugin-server -external-plugin-path /Applications/Xcode_16.2.app/Contents/Developer/Platforms/iPhoneOS.platform/Developer/usr/local/lib/swift/host/plugins\#/Applications/Xcode_16.2.app/Contents/Developer/Platforms/iPhoneOS.platform/Developer/usr/bin/swift-plugin-server -plugin-path /Applications/Xcode_16.2.app/Contents/Developer/Toolchains/XcodeDefault.xctoolchain/usr/lib/swift/host/plugins -plugin-path /Applications/Xcode_16.2.app/Contents/Developer/Toolchains/XcodeDefault.xctoolchain/usr/local/lib/swift/host/plugins -o /Users/runner/work/Reframe/Reframe/App/build/Build/Intermediates.noindex/ReframeCore.build/Debug-iphonesimulator/TrackingKit.build/Objects-normal/arm64/BoxMath.o -o /Users/runner/work/Reframe/Reframe/App/build/Build/Intermediates.noindex/ReframeCore.build/Debug-iphonesimulator/TrackingKit.build/Objects-normal/arm64/DisplayMapping.o -o /Users/runner/work/Reframe/Reframe/App/build/Build/Intermediates.noindex/ReframeCore.build/Debug-iphonesimulator/TrackingKit.build/Objects-normal/arm64/Timestamps.o -o /Users/runner/work/Reframe/Reframe/App/build/Build/Intermediates.noindex/ReframeCore.build/Debug-iphonesimulator/TrackingKit.build/Objects-normal/arm64/VisionCoordinates.o -o /Users/runner/work/Reframe/Reframe/App/build/Build/Intermediates.noindex/ReframeCore.build/Debug-iphonesimulator/TrackingKit.build/Objects-normal/arm64/CommandLineOptions.o -o /Users/runner/work/Reframe/Reframe/App/build/Build/Intermediates.noindex/ReframeCore.build/Debug-iphonesimulator/TrackingKit.build/Objects-normal/arm64/TrackingReport.o -index-unit-output-path /ReframeCore.build/Debug-iphonesimulator/TrackingKit.build/Objects-normal/arm64/BoxMath.o -index-unit-output-path /ReframeCore.build/Debug-iphonesimulator/TrackingKit.build/Objects-normal/arm64/DisplayMapping.o -index-unit-output-path /ReframeCore.build/Debug-iphonesimulator/TrackingKit.build/Objects-normal/arm64/Timestamps.o -index-unit-output-path /ReframeCore.build/Debug-iphonesimulator/TrackingKit.build/Objects-normal/arm64/VisionCoordinates.o -index-unit-output-path /ReframeCore.build/Debug-iphonesimulator/TrackingKit.build/Objects-normal/arm64/CommandLineOptions.o -index-unit-output-path /ReframeCore.build/Debug-iphonesimulator/TrackingKit.build/Objects-normal/arm64/TrackingReport.o -index-store-path /Users/runner/work/Reframe/Reframe/App/build/Index.noindex/DataStore -index-system-modules

SwiftCompile normal arm64 /Users/runner/work/Reframe/Reframe/Packages/ReframeCore/Sources/TrackingKit/Output/TrackingReport.swift (in target 'TrackingKit' from project 'ReframeCore')
    cd /Users/runner/work/Reframe/Reframe/App/AutoReframe.xcodeproj
    /Applications/Xcode_16.2.app/Contents/Developer/Toolchains/XcodeDefault.xctoolchain/usr/bin/swift-frontend -c -primary-file /Users/runner/work/Reframe/Reframe/Packages/ReframeCore/Sources/TrackingKit/Geometry/BoxMath.swift -primary-file /Users/runner/work/Reframe/Reframe/Packages/ReframeCore/Sources/TrackingKit/Geometry/DisplayMapping.swift -primary-file /Users/runner/work/Reframe/Reframe/Packages/ReframeCore/Sources/TrackingKit/Geometry/Timestamps.swift -primary-file /Users/runner/work/Reframe/Reframe/Packages/ReframeCore/Sources/TrackingKit/Geometry/VisionCoordinates.swift -primary-file /Users/runner/work/Reframe/Reframe/Packages/ReframeCore/Sources/TrackingKit/Output/CommandLineOptions.swift -primary-file /Users/runner/work/Reframe/Reframe/Packages/ReframeCore/Sources/TrackingKit/Output/TrackingReport.swift /Users/runner/work/Reframe/Reframe/Packages/ReframeCore/Sources/TrackingKit/Render/RenderPlanning.swift /Users/runner/work/Reframe/Reframe/Packages/ReframeCore/Sources/TrackingKit/Render/VerticalRenderer.swift /Users/runner/work/Reframe/Reframe/Packages/ReframeCore/Sources/TrackingKit/Selection/Observation.swift /Users/runner/work/Reframe/Reframe/Packages/ReframeCore/Sources/TrackingKit/Selection/SubjectSelector.swift /Users/runner/work/Reframe/Reframe/Packages/ReframeCore/Sources/TrackingKit/Selection/SubjectTracker.swift /Users/runner/work/Reframe/Reframe/Packages/ReframeCore/Sources/TrackingKit/TrackingSettings.swift /Users/runner/work/Reframe/Reframe/Packages/ReframeCore/Sources/TrackingKit/Vision/DebugVideoWriter.swift /Users/runner/work/Reframe/Reframe/Packages/ReframeCore/Sources/TrackingKit/Vision/PersonPreview.swift /Users/runner/work/Reframe/Reframe/Packages/ReframeCore/Sources/TrackingKit/Vision/TrackingPipeline.swift /Users/runner/work/Reframe/Reframe/Packages/ReframeCore/Sources/TrackingKit/Vision/VideoFrameReader.swift /Users/runner/work/Reframe/Reframe/Packages/ReframeCore/Sources/TrackingKit/Vision/VisionComponents.swift -supplementary-output-file-map /Users/runner/work/Reframe/Reframe/App/build/Build/Intermediates.noindex/ReframeCore.build/Debug-iphonesimulator/TrackingKit.build/Objects-normal/arm64/supplementaryOutputs-13 -target arm64-apple-ios16.0-simulator -Xllvm -aarch64-use-tbi -enable-objc-interop -sdk /Applications/Xcode_16.2.app/Contents/Developer/Platforms/iPhoneSimulator.platform/Developer/SDKs/iPhoneSimulator18.2.sdk -I /Users/runner/work/Reframe/Reframe/App/build/Build/Products/Debug-iphonesimulator -I /Applications/Xcode_16.2.app/Contents/Developer/Platforms/iPhoneSimulator.platform/Developer/usr/lib -F /Users/runner/work/Reframe/Reframe/App/build/Build/Products/Debug-iphonesimulator/PackageFrameworks -F /Users/runner/work/Reframe/Reframe/App/build/Build/Products/Debug-iphonesimulator -F /Applications/Xcode_16.2.app/Contents/Developer/Platforms/iPhoneSimulator.platform/Developer/Library/Frameworks -F /Applications/Xcode_16.2.app/Contents/Developer/Platforms/iPhoneSimulator.platform/Developer/SDKs/iPhoneSimulator18.2.sdk/Developer/Library/Frameworks -no-color-diagnostics -enable-testing -g -debug-info-format\=dwarf -dwarf-version\=4 -module-cache-path /Users/runner/work/Reframe/Reframe/App/build/ModuleCache.noindex -swift-version 5 -enforce-exclusivity\=checked -Onone -D SWIFT_PACKAGE -D DEBUG -D Xcode -serialize-debugging-options -const-gather-protocols-file /Users/runner/work/Reframe/Reframe/App/build/Build/Intermediates.noindex/ReframeCore.build/Debug-iphonesimulator/TrackingKit.build/Objects-normal/arm64/TrackingKit_const_extract_protocols.json -enable-experimental-feature DebugDescriptionMacro -enable-experimental-feature OpaqueTypeErasure -empty-abi-descriptor -plugin-path /Applications/Xcode_16.2.app/Contents/Developer/Toolchains/XcodeDefault.xctoolchain/usr/lib/swift/host/plugins/testing -validate-clang-modules-once -clang-build-session-file /Users/runner/work/Reframe/Reframe/App/build/ModuleCache.noindex/Session.modulevalidation -Xcc -working-directory -Xcc /Users/runner/work/Reframe/Reframe/App/AutoReframe.xcodeproj -resource-dir /Applications/Xcode_16.2.app/Contents/Developer/Toolchains/XcodeDefault.xctoolchain/usr/lib/swift -enable-anonymous-context-mangled-names -file-compilation-dir /Users/runner/work/Reframe/Reframe/App/AutoReframe.xcodeproj -Xcc -D_LIBCPP_HARDENING_MODE\=_LIBCPP_HARDENING_MODE_DEBUG -Xcc -ivfsstatcache -Xcc /Users/runner/work/Reframe/Reframe/App/build/SDKStatCaches.noindex/iphonesimulator18.2-22C146-16b5fc1f628d844b188c57a1ba9d6a81.sdkstatcache -Xcc -I/Users/runner/work/Reframe/Reframe/App/build/Build/Intermediates.noindex/ReframeCore.build/Debug-iphonesimulator/TrackingKit.build/swift-overrides.hmap -Xcc -I/Users/runner/work/Reframe/Reframe/App/build/Build/Products/Debug-iphonesimulator/include -Xcc -I/Users/runner/work/Reframe/Reframe/App/build/Build/Intermediates.noindex/ReframeCore.build/Debug-iphonesimulator/TrackingKit.build/DerivedSources-normal/arm64 -Xcc -I/Users/runner/work/Reframe/Reframe/App/build/Build/Intermediates.noindex/ReframeCore.build/Debug-iphonesimulator/TrackingKit.build/DerivedSources/arm64 -Xcc -I/Users/runner/work/Reframe/Reframe/App/build/Build/Intermediates.noindex/ReframeCore.build/Debug-iphonesimulator/TrackingKit.build/DerivedSources -Xcc -DSWIFT_PACKAGE -Xcc -DDEBUG\=1 -module-name TrackingKit -package-name reframecore -frontend-parseable-output -disable-clang-spi -target-sdk-version 18.2 -target-sdk-name iphonesimulator18.2 -external-plugin-path /Applications/Xcode_16.2.app/Contents/Developer/Platforms/iPhoneOS.platform/Developer/usr/lib/swift/host/plugins\#/Applications/Xcode_16.2.app/Contents/Developer/Platforms/iPhoneOS.platform/Developer/usr/bin/swift-plugin-server -external-plugin-path /Applications/Xcode_16.2.app/Contents/Developer/Platforms/iPhoneOS.platform/Developer/usr/local/lib/swift/host/plugins\#/Applications/Xcode_16.2.app/Contents/Developer/Platforms/iPhoneOS.platform/Developer/usr/bin/swift-plugin-server -plugin-path /Applications/Xcode_16.2.app/Contents/Developer/Toolchains/XcodeDefault.xctoolchain/usr/lib/swift/host/plugins -plugin-path /Applications/Xcode_16.2.app/Contents/Developer/Toolchains/XcodeDefault.xctoolchain/usr/local/lib/swift/host/plugins -o /Users/runner/work/Reframe/Reframe/App/build/Build/Intermediates.noindex/ReframeCore.build/Debug-iphonesimulator/TrackingKit.build/Objects-normal/arm64/BoxMath.o -o /Users/runner/work/Reframe/Reframe/App/build/Build/Intermediates.noindex/ReframeCore.build/Debug-iphonesimulator/TrackingKit.build/Objects-normal/arm64/DisplayMapping.o -o /Users/runner/work/Reframe/Reframe/App/build/Build/Intermediates.noindex/ReframeCore.build/Debug-iphonesimulator/TrackingKit.build/Objects-normal/arm64/Timestamps.o -o /Users/runner/work/Reframe/Reframe/App/build/Build/Intermediates.noindex/ReframeCore.build/Debug-iphonesimulator/TrackingKit.build/Objects-normal/arm64/VisionCoordinates.o -o /Users/runner/work/Reframe/Reframe/App/build/Build/Intermediates.noindex/ReframeCore.build/Debug-iphonesimulator/TrackingKit.build/Objects-normal/arm64/CommandLineOptions.o -o /Users/runner/work/Reframe/Reframe/App/build/Build/Intermediates.noindex/ReframeCore.build/Debug-iphonesimulator/TrackingKit.build/Objects-normal/arm64/TrackingReport.o -index-unit-output-path /ReframeCore.build/Debug-iphonesimulator/TrackingKit.build/Objects-normal/arm64/BoxMath.o -index-unit-output-path /ReframeCore.build/Debug-iphonesimulator/TrackingKit.build/Objects-normal/arm64/DisplayMapping.o -index-unit-output-path /ReframeCore.build/Debug-iphonesimulator/TrackingKit.build/Objects-normal/arm64/Timestamps.o -index-unit-output-path /ReframeCore.build/Debug-iphonesimulator/TrackingKit.build/Objects-normal/arm64/VisionCoordinates.o -index-unit-output-path /ReframeCore.build/Debug-iphonesimulator/TrackingKit.build/Objects-normal/arm64/CommandLineOptions.o -index-unit-output-path /ReframeCore.build/Debug-iphonesimulator/TrackingKit.build/Objects-normal/arm64/TrackingReport.o -index-store-path /Users/runner/work/Reframe/Reframe/App/build/Index.noindex/DataStore -index-system-modules

SwiftCompile normal x86_64 Compiling\ DebugVideoWriter.swift,\ PersonPreview.swift,\ TrackingPipeline.swift,\ VideoFrameReader.swift,\ VisionComponents.swift /Users/runner/work/Reframe/Reframe/Packages/ReframeCore/Sources/TrackingKit/Vision/DebugVideoWriter.swift /Users/runner/work/Reframe/Reframe/Packages/ReframeCore/Sources/TrackingKit/Vision/PersonPreview.swift /Users/runner/work/Reframe/Reframe/Packages/ReframeCore/Sources/TrackingKit/Vision/TrackingPipeline.swift /Users/runner/work/Reframe/Reframe/Packages/ReframeCore/Sources/TrackingKit/Vision/VideoFrameReader.swift /Users/runner/work/Reframe/Reframe/Packages/ReframeCore/Sources/TrackingKit/Vision/VisionComponents.swift (in target 'TrackingKit' from project 'ReframeCore')
    cd /Users/runner/work/Reframe/Reframe/App/AutoReframe.xcodeproj
    builtin-swiftTaskExecution -- /Applications/Xcode_16.2.app/Contents/Developer/Toolchains/XcodeDefault.xctoolchain/usr/bin/swift-frontend -frontend -c /Users/runner/work/Reframe/Reframe/Packages/ReframeCore/Sources/TrackingKit/Geometry/BoxMath.swift /Users/runner/work/Reframe/Reframe/Packages/ReframeCore/Sources/TrackingKit/Geometry/DisplayMapping.swift /Users/runner/work/Reframe/Reframe/Packages/ReframeCore/Sources/TrackingKit/Geometry/Timestamps.swift /Users/runner/work/Reframe/Reframe/Packages/ReframeCore/Sources/TrackingKit/Geometry/VisionCoordinates.swift /Users/runner/work/Reframe/Reframe/Packages/ReframeCore/Sources/TrackingKit/Output/CommandLineOptions.swift /Users/runner/work/Reframe/Reframe/Packages/ReframeCore/Sources/TrackingKit/Output/TrackingReport.swift /Users/runner/work/Reframe/Reframe/Packages/ReframeCore/Sources/TrackingKit/Render/RenderPlanning.swift /Users/runner/work/Reframe/Reframe/Packages/ReframeCore/Sources/TrackingKit/Render/VerticalRenderer.swift /Users/runner/work/Reframe/Reframe/Packages/ReframeCore/Sources/TrackingKit/Selection/Observation.swift /Users/runner/work/Reframe/Reframe/Packages/ReframeCore/Sources/TrackingKit/Selection/SubjectSelector.swift /Users/runner/work/Reframe/Reframe/Packages/ReframeCore/Sources/TrackingKit/Selection/SubjectTracker.swift /Users/runner/work/Reframe/Reframe/Packages/ReframeCore/Sources/TrackingKit/TrackingSettings.swift -primary-file /Users/runner/work/Reframe/Reframe/Packages/ReframeCore/Sources/TrackingKit/Vision/DebugVideoWriter.swift -primary-file /Users/runner/work/Reframe/Reframe/Packages/ReframeCore/Sources/TrackingKit/Vision/PersonPreview.swift -primary-file /Users/runner/work/Reframe/Reframe/Packages/ReframeCore/Sources/TrackingKit/Vision/TrackingPipeline.swift -primary-file /Users/runner/work/Reframe/Reframe/Packages/ReframeCore/Sources/TrackingKit/Vision/VideoFrameReader.swift -primary-file /Users/runner/work/Reframe/Reframe/Packages/ReframeCore/Sources/TrackingKit/Vision/VisionComponents.swift -supplementary-output-file-map /Users/runner/work/Reframe/Reframe/App/build/Build/Intermediates.noindex/ReframeCore.build/Debug-iphonesimulator/TrackingKit.build/Objects-normal/x86_64/supplementaryOutputs-21 -target x86_64-apple-ios16.0-simulator -enable-objc-interop -sdk /Applications/Xcode_16.2.app/Contents/Developer/Platforms/iPhoneSimulator.platform/Developer/SDKs/iPhoneSimulator18.2.sdk -I /Users/runner/work/Reframe/Reframe/App/build/Build/Products/Debug-iphonesimulator -I /Applications/Xcode_16.2.app/Contents/Developer/Platforms/iPhoneSimulator.platform/Developer/usr/lib -F /Users/runner/work/Reframe/Reframe/App/build/Build/Products/Debug-iphonesimulator/PackageFrameworks -F /Users/runner/work/Reframe/Reframe/App/build/Build/Products/Debug-iphonesimulator -F /Applications/Xcode_16.2.app/Contents/Developer/Platforms/iPhoneSimulator.platform/Developer/Library/Frameworks -F /Applications/Xcode_16.2.app/Contents/Developer/Platforms/iPhoneSimulator.platform/Developer/SDKs/iPhoneSimulator18.2.sdk/Developer/Library/Frameworks -no-color-diagnostics -enable-testing -g -debug-info-format\=dwarf -dwarf-version\=4 -module-cache-path /Users/runner/work/Reframe/Reframe/App/build/ModuleCache.noindex -swift-version 5 -enforce-exclusivity\=checked -Onone -D SWIFT_PACKAGE -D DEBUG -D Xcode -serialize-debugging-options -const-gather-protocols-file /Users/runner/work/Reframe/Reframe/App/build/Build/Intermediates.noindex/ReframeCore.build/Debug-iphonesimulator/TrackingKit.build/Objects-normal/x86_64/TrackingKit_const_extract_protocols.json -enable-experimental-feature DebugDescriptionMacro -enable-experimental-feature OpaqueTypeErasure -empty-abi-descriptor -plugin-path /Applications/Xcode_16.2.app/Contents/Developer/Toolchains/XcodeDefault.xctoolchain/usr/lib/swift/host/plugins/testing -validate-clang-modules-once -clang-build-session-file /Users/runner/work/Reframe/Reframe/App/build/ModuleCache.noindex/Session.modulevalidation -Xcc -working-directory -Xcc /Users/runner/work/Reframe/Reframe/App/AutoReframe.xcodeproj -resource-dir /Applications/Xcode_16.2.app/Contents/Developer/Toolchains/XcodeDefault.xctoolchain/usr/lib/swift -enable-anonymous-context-mangled-names -file-compilation-dir /Users/runner/work/Reframe/Reframe/App/AutoReframe.xcodeproj -Xcc -D_LIBCPP_HARDENING_MODE\=_LIBCPP_HARDENING_MODE_DEBUG -Xcc -ivfsstatcache -Xcc /Users/runner/work/Reframe/Reframe/App/build/SDKStatCaches.noindex/iphonesimulator18.2-22C146-16b5fc1f628d844b188c57a1ba9d6a81.sdkstatcache -Xcc -I/Users/runner/work/Reframe/Reframe/App/build/Build/Intermediates.noindex/ReframeCore.build/Debug-iphonesimulator/TrackingKit.build/swift-overrides.hmap -Xcc -I/Users/runner/work/Reframe/Reframe/App/build/Build/Products/Debug-iphonesimulator/include -Xcc -I/Users/runner/work/Reframe/Reframe/App/build/Build/Intermediates.noindex/ReframeCore.build/Debug-iphonesimulator/TrackingKit.build/DerivedSources-normal/x86_64 -Xcc -I/Users/runner/work/Reframe/Reframe/App/build/Build/Intermediates.noindex/ReframeCore.build/Debug-iphonesimulator/TrackingKit.build/DerivedSources/x86_64 -Xcc -I/Users/runner/work/Reframe/Reframe/App/build/Build/Intermediates.noindex/ReframeCore.build/Debug-iphonesimulator/TrackingKit.build/DerivedSources -Xcc -DSWIFT_PACKAGE -Xcc -DDEBUG\=1 -module-name TrackingKit -package-name reframecore -frontend-parseable-output -disable-clang-spi -target-sdk-version 18.2 -target-sdk-name iphonesimulator18.2 -external-plugin-path /Applications/Xcode_16.2.app/Contents/Developer/Platforms/iPhoneOS.platform/Developer/usr/lib/swift/host/plugins\#/Applications/Xcode_16.2.app/Contents/Developer/Platforms/iPhoneOS.platform/Developer/usr/bin/swift-plugin-server -external-plugin-path /Applications/Xcode_16.2.app/Contents/Developer/Platforms/iPhoneOS.platform/Developer/usr/local/lib/swift/host/plugins\#/Applications/Xcode_16.2.app/Contents/Developer/Platforms/iPhoneOS.platform/Developer/usr/bin/swift-plugin-server -plugin-path /Applications/Xcode_16.2.app/Contents/Developer/Toolchains/XcodeDefault.xctoolchain/usr/lib/swift/host/plugins -plugin-path /Applications/Xcode_16.2.app/Contents/Developer/Toolchains/XcodeDefault.xctoolchain/usr/local/lib/swift/host/plugins -o /Users/runner/work/Reframe/Reframe/App/build/Build/Intermediates.noindex/ReframeCore.build/Debug-iphonesimulator/TrackingKit.build/Objects-normal/x86_64/DebugVideoWriter.o -o /Users/runner/work/Reframe/Reframe/App/build/Build/Intermediates.noindex/ReframeCore.build/Debug-iphonesimulator/TrackingKit.build/Objects-normal/x86_64/PersonPreview.o -o /Users/runner/work/Reframe/Reframe/App/build/Build/Intermediates.noindex/ReframeCore.build/Debug-iphonesimulator/TrackingKit.build/Objects-normal/x86_64/TrackingPipeline.o -o /Users/runner/work/Reframe/Reframe/App/build/Build/Intermediates.noindex/ReframeCore.build/Debug-iphonesimulator/TrackingKit.build/Objects-normal/x86_64/VideoFrameReader.o -o /Users/runner/work/Reframe/Reframe/App/build/Build/Intermediates.noindex/ReframeCore.build/Debug-iphonesimulator/TrackingKit.build/Objects-normal/x86_64/VisionComponents.o -index-unit-output-path /ReframeCore.build/Debug-iphonesimulator/TrackingKit.build/Objects-normal/x86_64/DebugVideoWriter.o -index-unit-output-path /ReframeCore.build/Debug-iphonesimulator/TrackingKit.build/Objects-normal/x86_64/PersonPreview.o -index-unit-output-path /ReframeCore.build/Debug-iphonesimulator/TrackingKit.build/Objects-normal/x86_64/TrackingPipeline.o -index-unit-output-path /ReframeCore.build/Debug-iphonesimulator/TrackingKit.build/Objects-normal/x86_64/VideoFrameReader.o -index-unit-output-path /ReframeCore.build/Debug-iphonesimulator/TrackingKit.build/Objects-normal/x86_64/VisionComponents.o -index-store-path /Users/runner/work/Reframe/Reframe/App/build/Index.noindex/DataStore -index-system-modules
SwiftCompile normal x86_64 /Users/runner/work/Reframe/Reframe/Packages/ReframeCore/Sources/TrackingKit/Vision/DebugVideoWriter.swift (in target 'TrackingKit' from project 'ReframeCore')
    cd /Users/runner/work/Reframe/Reframe/App/AutoReframe.xcodeproj
    /Applications/Xcode_16.2.app/Contents/Developer/Toolchains/XcodeDefault.xctoolchain/usr/bin/swift-frontend -c /Users/runner/work/Reframe/Reframe/Packages/ReframeCore/Sources/TrackingKit/Geometry/BoxMath.swift /Users/runner/work/Reframe/Reframe/Packages/ReframeCore/Sources/TrackingKit/Geometry/DisplayMapping.swift /Users/runner/work/Reframe/Reframe/Packages/ReframeCore/Sources/TrackingKit/Geometry/Timestamps.swift /Users/runner/work/Reframe/Reframe/Packages/ReframeCore/Sources/TrackingKit/Geometry/VisionCoordinates.swift /Users/runner/work/Reframe/Reframe/Packages/ReframeCore/Sources/TrackingKit/Output/CommandLineOptions.swift /Users/runner/work/Reframe/Reframe/Packages/ReframeCore/Sources/TrackingKit/Output/TrackingReport.swift /Users/runner/work/Reframe/Reframe/Packages/ReframeCore/Sources/TrackingKit/Render/RenderPlanning.swift /Users/runner/work/Reframe/Reframe/Packages/ReframeCore/Sources/TrackingKit/Render/VerticalRenderer.swift /Users/runner/work/Reframe/Reframe/Packages/ReframeCore/Sources/TrackingKit/Selection/Observation.swift /Users/runner/work/Reframe/Reframe/Packages/ReframeCore/Sources/TrackingKit/Selection/SubjectSelector.swift /Users/runner/work/Reframe/Reframe/Packages/ReframeCore/Sources/TrackingKit/Selection/SubjectTracker.swift /Users/runner/work/Reframe/Reframe/Packages/ReframeCore/Sources/TrackingKit/TrackingSettings.swift -primary-file /Users/runner/work/Reframe/Reframe/Packages/ReframeCore/Sources/TrackingKit/Vision/DebugVideoWriter.swift -primary-file /Users/runner/work/Reframe/Reframe/Packages/ReframeCore/Sources/TrackingKit/Vision/PersonPreview.swift -primary-file /Users/runner/work/Reframe/Reframe/Packages/ReframeCore/Sources/TrackingKit/Vision/TrackingPipeline.swift -primary-file /Users/runner/work/Reframe/Reframe/Packages/ReframeCore/Sources/TrackingKit/Vision/VideoFrameReader.swift -primary-file /Users/runner/work/Reframe/Reframe/Packages/ReframeCore/Sources/TrackingKit/Vision/VisionComponents.swift -supplementary-output-file-map /Users/runner/work/Reframe/Reframe/App/build/Build/Intermediates.noindex/ReframeCore.build/Debug-iphonesimulator/TrackingKit.build/Objects-normal/x86_64/supplementaryOutputs-21 -target x86_64-apple-ios16.0-simulator -enable-objc-interop -sdk /Applications/Xcode_16.2.app/Contents/Developer/Platforms/iPhoneSimulator.platform/Developer/SDKs/iPhoneSimulator18.2.sdk -I /Users/runner/work/Reframe/Reframe/App/build/Build/Products/Debug-iphonesimulator -I /Applications/Xcode_16.2.app/Contents/Developer/Platforms/iPhoneSimulator.platform/Developer/usr/lib -F /Users/runner/work/Reframe/Reframe/App/build/Build/Products/Debug-iphonesimulator/PackageFrameworks -F /Users/runner/work/Reframe/Reframe/App/build/Build/Products/Debug-iphonesimulator -F /Applications/Xcode_16.2.app/Contents/Developer/Platforms/iPhoneSimulator.platform/Developer/Library/Frameworks -F /Applications/Xcode_16.2.app/Contents/Developer/Platforms/iPhoneSimulator.platform/Developer/SDKs/iPhoneSimulator18.2.sdk/Developer/Library/Frameworks -no-color-diagnostics -enable-testing -g -debug-info-format\=dwarf -dwarf-version\=4 -module-cache-path /Users/runner/work/Reframe/Reframe/App/build/ModuleCache.noindex -swift-version 5 -enforce-exclusivity\=checked -Onone -D SWIFT_PACKAGE -D DEBUG -D Xcode -serialize-debugging-options -const-gather-protocols-file /Users/runner/work/Reframe/Reframe/App/build/Build/Intermediates.noindex/ReframeCore.build/Debug-iphonesimulator/TrackingKit.build/Objects-normal/x86_64/TrackingKit_const_extract_protocols.json -enable-experimental-feature DebugDescriptionMacro -enable-experimental-feature OpaqueTypeErasure -empty-abi-descriptor -plugin-path /Applications/Xcode_16.2.app/Contents/Developer/Toolchains/XcodeDefault.xctoolchain/usr/lib/swift/host/plugins/testing -validate-clang-modules-once -clang-build-session-file /Users/runner/work/Reframe/Reframe/App/build/ModuleCache.noindex/Session.modulevalidation -Xcc -working-directory -Xcc /Users/runner/work/Reframe/Reframe/App/AutoReframe.xcodeproj -resource-dir /Applications/Xcode_16.2.app/Contents/Developer/Toolchains/XcodeDefault.xctoolchain/usr/lib/swift -enable-anonymous-context-mangled-names -file-compilation-dir /Users/runner/work/Reframe/Reframe/App/AutoReframe.xcodeproj -Xcc -D_LIBCPP_HARDENING_MODE\=_LIBCPP_HARDENING_MODE_DEBUG -Xcc -ivfsstatcache -Xcc /Users/runner/work/Reframe/Reframe/App/build/SDKStatCaches.noindex/iphonesimulator18.2-22C146-16b5fc1f628d844b188c57a1ba9d6a81.sdkstatcache -Xcc -I/Users/runner/work/Reframe/Reframe/App/build/Build/Intermediates.noindex/ReframeCore.build/Debug-iphonesimulator/TrackingKit.build/swift-overrides.hmap -Xcc -I/Users/runner/work/Reframe/Reframe/App/build/Build/Products/Debug-iphonesimulator/include -Xcc -I/Users/runner/work/Reframe/Reframe/App/build/Build/Intermediates.noindex/ReframeCore.build/Debug-iphonesimulator/TrackingKit.build/DerivedSources-normal/x86_64 -Xcc -I/Users/runner/work/Reframe/Reframe/App/build/Build/Intermediates.noindex/ReframeCore.build/Debug-iphonesimulator/TrackingKit.build/DerivedSources/x86_64 -Xcc -I/Users/runner/work/Reframe/Reframe/App/build/Build/Intermediates.noindex/ReframeCore.build/Debug-iphonesimulator/TrackingKit.build/DerivedSources -Xcc -DSWIFT_PACKAGE -Xcc -DDEBUG\=1 -module-name TrackingKit -package-name reframecore -frontend-parseable-output -disable-clang-spi -target-sdk-version 18.2 -target-sdk-name iphonesimulator18.2 -external-plugin-path /Applications/Xcode_16.2.app/Contents/Developer/Platforms/iPhoneOS.platform/Developer/usr/lib/swift/host/plugins\#/Applications/Xcode_16.2.app/Contents/Developer/Platforms/iPhoneOS.platform/Developer/usr/bin/swift-plugin-server -external-plugin-path /Applications/Xcode_16.2.app/Contents/Developer/Platforms/iPhoneOS.platform/Developer/usr/local/lib/swift/host/plugins\#/Applications/Xcode_16.2.app/Contents/Developer/Platforms/iPhoneOS.platform/Developer/usr/bin/swift-plugin-server -plugin-path /Applications/Xcode_16.2.app/Contents/Developer/Toolchains/XcodeDefault.xctoolchain/usr/lib/swift/host/plugins -plugin-path /Applications/Xcode_16.2.app/Contents/Developer/Toolchains/XcodeDefault.xctoolchain/usr/local/lib/swift/host/plugins -o /Users/runner/work/Reframe/Reframe/App/build/Build/Intermediates.noindex/ReframeCore.build/Debug-iphonesimulator/TrackingKit.build/Objects-normal/x86_64/DebugVideoWriter.o -o /Users/runner/work/Reframe/Reframe/App/build/Build/Intermediates.noindex/ReframeCore.build/Debug-iphonesimulator/TrackingKit.build/Objects-normal/x86_64/PersonPreview.o -o /Users/runner/work/Reframe/Reframe/App/build/Build/Intermediates.noindex/ReframeCore.build/Debug-iphonesimulator/TrackingKit.build/Objects-normal/x86_64/TrackingPipeline.o -o /Users/runner/work/Reframe/Reframe/App/build/Build/Intermediates.noindex/ReframeCore.build/Debug-iphonesimulator/TrackingKit.build/Objects-normal/x86_64/VideoFrameReader.o -o /Users/runner/work/Reframe/Reframe/App/build/Build/Intermediates.noindex/ReframeCore.build/Debug-iphonesimulator/TrackingKit.build/Objects-normal/x86_64/VisionComponents.o -index-unit-output-path /ReframeCore.build/Debug-iphonesimulator/TrackingKit.build/Objects-normal/x86_64/DebugVideoWriter.o -index-unit-output-path /ReframeCore.build/Debug-iphonesimulator/TrackingKit.build/Objects-normal/x86_64/PersonPreview.o -index-unit-output-path /ReframeCore.build/Debug-iphonesimulator/TrackingKit.build/Objects-normal/x86_64/TrackingPipeline.o -index-unit-output-path /ReframeCore.build/Debug-iphonesimulator/TrackingKit.build/Objects-normal/x86_64/VideoFrameReader.o -index-unit-output-path /ReframeCore.build/Debug-iphonesimulator/TrackingKit.build/Objects-normal/x86_64/VisionComponents.o -index-store-path /Users/runner/work/Reframe/Reframe/App/build/Index.noindex/DataStore -index-system-modules

SwiftCompile normal x86_64 /Users/runner/work/Reframe/Reframe/Packages/ReframeCore/Sources/TrackingKit/Vision/PersonPreview.swift (in target 'TrackingKit' from project 'ReframeCore')
    cd /Users/runner/work/Reframe/Reframe/App/AutoReframe.xcodeproj
    /Applications/Xcode_16.2.app/Contents/Developer/Toolchains/XcodeDefault.xctoolchain/usr/bin/swift-frontend -c /Users/runner/work/Reframe/Reframe/Packages/ReframeCore/Sources/TrackingKit/Geometry/BoxMath.swift /Users/runner/work/Reframe/Reframe/Packages/ReframeCore/Sources/TrackingKit/Geometry/DisplayMapping.swift /Users/runner/work/Reframe/Reframe/Packages/ReframeCore/Sources/TrackingKit/Geometry/Timestamps.swift /Users/runner/work/Reframe/Reframe/Packages/ReframeCore/Sources/TrackingKit/Geometry/VisionCoordinates.swift /Users/runner/work/Reframe/Reframe/Packages/ReframeCore/Sources/TrackingKit/Output/CommandLineOptions.swift /Users/runner/work/Reframe/Reframe/Packages/ReframeCore/Sources/TrackingKit/Output/TrackingReport.swift /Users/runner/work/Reframe/Reframe/Packages/ReframeCore/Sources/TrackingKit/Render/RenderPlanning.swift /Users/runner/work/Reframe/Reframe/Packages/ReframeCore/Sources/TrackingKit/Render/VerticalRenderer.swift /Users/runner/work/Reframe/Reframe/Packages/ReframeCore/Sources/TrackingKit/Selection/Observation.swift /Users/runner/work/Reframe/Reframe/Packages/ReframeCore/Sources/TrackingKit/Selection/SubjectSelector.swift /Users/runner/work/Reframe/Reframe/Packages/ReframeCore/Sources/TrackingKit/Selection/SubjectTracker.swift /Users/runner/work/Reframe/Reframe/Packages/ReframeCore/Sources/TrackingKit/TrackingSettings.swift -primary-file /Users/runner/work/Reframe/Reframe/Packages/ReframeCore/Sources/TrackingKit/Vision/DebugVideoWriter.swift -primary-file /Users/runner/work/Reframe/Reframe/Packages/ReframeCore/Sources/TrackingKit/Vision/PersonPreview.swift -primary-file /Users/runner/work/Reframe/Reframe/Packages/ReframeCore/Sources/TrackingKit/Vision/TrackingPipeline.swift -primary-file /Users/runner/work/Reframe/Reframe/Packages/ReframeCore/Sources/TrackingKit/Vision/VideoFrameReader.swift -primary-file /Users/runner/work/Reframe/Reframe/Packages/ReframeCore/Sources/TrackingKit/Vision/VisionComponents.swift -supplementary-output-file-map /Users/runner/work/Reframe/Reframe/App/build/Build/Intermediates.noindex/ReframeCore.build/Debug-iphonesimulator/TrackingKit.build/Objects-normal/x86_64/supplementaryOutputs-21 -target x86_64-apple-ios16.0-simulator -enable-objc-interop -sdk /Applications/Xcode_16.2.app/Contents/Developer/Platforms/iPhoneSimulator.platform/Developer/SDKs/iPhoneSimulator18.2.sdk -I /Users/runner/work/Reframe/Reframe/App/build/Build/Products/Debug-iphonesimulator -I /Applications/Xcode_16.2.app/Contents/Developer/Platforms/iPhoneSimulator.platform/Developer/usr/lib -F /Users/runner/work/Reframe/Reframe/App/build/Build/Products/Debug-iphonesimulator/PackageFrameworks -F /Users/runner/work/Reframe/Reframe/App/build/Build/Products/Debug-iphonesimulator -F /Applications/Xcode_16.2.app/Contents/Developer/Platforms/iPhoneSimulator.platform/Developer/Library/Frameworks -F /Applications/Xcode_16.2.app/Contents/Developer/Platforms/iPhoneSimulator.platform/Developer/SDKs/iPhoneSimulator18.2.sdk/Developer/Library/Frameworks -no-color-diagnostics -enable-testing -g -debug-info-format\=dwarf -dwarf-version\=4 -module-cache-path /Users/runner/work/Reframe/Reframe/App/build/ModuleCache.noindex -swift-version 5 -enforce-exclusivity\=checked -Onone -D SWIFT_PACKAGE -D DEBUG -D Xcode -serialize-debugging-options -const-gather-protocols-file /Users/runner/work/Reframe/Reframe/App/build/Build/Intermediates.noindex/ReframeCore.build/Debug-iphonesimulator/TrackingKit.build/Objects-normal/x86_64/TrackingKit_const_extract_protocols.json -enable-experimental-feature DebugDescriptionMacro -enable-experimental-feature OpaqueTypeErasure -empty-abi-descriptor -plugin-path /Applications/Xcode_16.2.app/Contents/Developer/Toolchains/XcodeDefault.xctoolchain/usr/lib/swift/host/plugins/testing -validate-clang-modules-once -clang-build-session-file /Users/runner/work/Reframe/Reframe/App/build/ModuleCache.noindex/Session.modulevalidation -Xcc -working-directory -Xcc /Users/runner/work/Reframe/Reframe/App/AutoReframe.xcodeproj -resource-dir /Applications/Xcode_16.2.app/Contents/Developer/Toolchains/XcodeDefault.xctoolchain/usr/lib/swift -enable-anonymous-context-mangled-names -file-compilation-dir /Users/runner/work/Reframe/Reframe/App/AutoReframe.xcodeproj -Xcc -D_LIBCPP_HARDENING_MODE\=_LIBCPP_HARDENING_MODE_DEBUG -Xcc -ivfsstatcache -Xcc /Users/runner/work/Reframe/Reframe/App/build/SDKStatCaches.noindex/iphonesimulator18.2-22C146-16b5fc1f628d844b188c57a1ba9d6a81.sdkstatcache -Xcc -I/Users/runner/work/Reframe/Reframe/App/build/Build/Intermediates.noindex/ReframeCore.build/Debug-iphonesimulator/TrackingKit.build/swift-overrides.hmap -Xcc -I/Users/runner/work/Reframe/Reframe/App/build/Build/Products/Debug-iphonesimulator/include -Xcc -I/Users/runner/work/Reframe/Reframe/App/build/Build/Intermediates.noindex/ReframeCore.build/Debug-iphonesimulator/TrackingKit.build/DerivedSources-normal/x86_64 -Xcc -I/Users/runner/work/Reframe/Reframe/App/build/Build/Intermediates.noindex/ReframeCore.build/Debug-iphonesimulator/TrackingKit.build/DerivedSources/x86_64 -Xcc -I/Users/runner/work/Reframe/Reframe/App/build/Build/Intermediates.noindex/ReframeCore.build/Debug-iphonesimulator/TrackingKit.build/DerivedSources -Xcc -DSWIFT_PACKAGE -Xcc -DDEBUG\=1 -module-name TrackingKit -package-name reframecore -frontend-parseable-output -disable-clang-spi -target-sdk-version 18.2 -target-sdk-name iphonesimulator18.2 -external-plugin-path /Applications/Xcode_16.2.app/Contents/Developer/Platforms/iPhoneOS.platform/Developer/usr/lib/swift/host/plugins\#/Applications/Xcode_16.2.app/Contents/Developer/Platforms/iPhoneOS.platform/Developer/usr/bin/swift-plugin-server -external-plugin-path /Applications/Xcode_16.2.app/Contents/Developer/Platforms/iPhoneOS.platform/Developer/usr/local/lib/swift/host/plugins\#/Applications/Xcode_16.2.app/Contents/Developer/Platforms/iPhoneOS.platform/Developer/usr/bin/swift-plugin-server -plugin-path /Applications/Xcode_16.2.app/Contents/Developer/Toolchains/XcodeDefault.xctoolchain/usr/lib/swift/host/plugins -plugin-path /Applications/Xcode_16.2.app/Contents/Developer/Toolchains/XcodeDefault.xctoolchain/usr/local/lib/swift/host/plugins -o /Users/runner/work/Reframe/Reframe/App/build/Build/Intermediates.noindex/ReframeCore.build/Debug-iphonesimulator/TrackingKit.build/Objects-normal/x86_64/DebugVideoWriter.o -o /Users/runner/work/Reframe/Reframe/App/build/Build/Intermediates.noindex/ReframeCore.build/Debug-iphonesimulator/TrackingKit.build/Objects-normal/x86_64/PersonPreview.o -o /Users/runner/work/Reframe/Reframe/App/build/Build/Intermediates.noindex/ReframeCore.build/Debug-iphonesimulator/TrackingKit.build/Objects-normal/x86_64/TrackingPipeline.o -o /Users/runner/work/Reframe/Reframe/App/build/Build/Intermediates.noindex/ReframeCore.build/Debug-iphonesimulator/TrackingKit.build/Objects-normal/x86_64/VideoFrameReader.o -o /Users/runner/work/Reframe/Reframe/App/build/Build/Intermediates.noindex/ReframeCore.build/Debug-iphonesimulator/TrackingKit.build/Objects-normal/x86_64/VisionComponents.o -index-unit-output-path /ReframeCore.build/Debug-iphonesimulator/TrackingKit.build/Objects-normal/x86_64/DebugVideoWriter.o -index-unit-output-path /ReframeCore.build/Debug-iphonesimulator/TrackingKit.build/Objects-normal/x86_64/PersonPreview.o -index-unit-output-path /ReframeCore.build/Debug-iphonesimulator/TrackingKit.build/Objects-normal/x86_64/TrackingPipeline.o -index-unit-output-path /ReframeCore.build/Debug-iphonesimulator/TrackingKit.build/Objects-normal/x86_64/VideoFrameReader.o -index-unit-output-path /ReframeCore.build/Debug-iphonesimulator/TrackingKit.build/Objects-normal/x86_64/VisionComponents.o -index-store-path /Users/runner/work/Reframe/Reframe/App/build/Index.noindex/DataStore -index-system-modules

SwiftCompile normal x86_64 /Users/runner/work/Reframe/Reframe/Packages/ReframeCore/Sources/TrackingKit/Vision/TrackingPipeline.swift (in target 'TrackingKit' from project 'ReframeCore')
    cd /Users/runner/work/Reframe/Reframe/App/AutoReframe.xcodeproj
    /Applications/Xcode_16.2.app/Contents/Developer/Toolchains/XcodeDefault.xctoolchain/usr/bin/swift-frontend -c /Users/runner/work/Reframe/Reframe/Packages/ReframeCore/Sources/TrackingKit/Geometry/BoxMath.swift /Users/runner/work/Reframe/Reframe/Packages/ReframeCore/Sources/TrackingKit/Geometry/DisplayMapping.swift /Users/runner/work/Reframe/Reframe/Packages/ReframeCore/Sources/TrackingKit/Geometry/Timestamps.swift /Users/runner/work/Reframe/Reframe/Packages/ReframeCore/Sources/TrackingKit/Geometry/VisionCoordinates.swift /Users/runner/work/Reframe/Reframe/Packages/ReframeCore/Sources/TrackingKit/Output/CommandLineOptions.swift /Users/runner/work/Reframe/Reframe/Packages/ReframeCore/Sources/TrackingKit/Output/TrackingReport.swift /Users/runner/work/Reframe/Reframe/Packages/ReframeCore/Sources/TrackingKit/Render/RenderPlanning.swift /Users/runner/work/Reframe/Reframe/Packages/ReframeCore/Sources/TrackingKit/Render/VerticalRenderer.swift /Users/runner/work/Reframe/Reframe/Packages/ReframeCore/Sources/TrackingKit/Selection/Observation.swift /Users/runner/work/Reframe/Reframe/Packages/ReframeCore/Sources/TrackingKit/Selection/SubjectSelector.swift /Users/runner/work/Reframe/Reframe/Packages/ReframeCore/Sources/TrackingKit/Selection/SubjectTracker.swift /Users/runner/work/Reframe/Reframe/Packages/ReframeCore/Sources/TrackingKit/TrackingSettings.swift -primary-file /Users/runner/work/Reframe/Reframe/Packages/ReframeCore/Sources/TrackingKit/Vision/DebugVideoWriter.swift -primary-file /Users/runner/work/Reframe/Reframe/Packages/ReframeCore/Sources/TrackingKit/Vision/PersonPreview.swift -primary-file /Users/runner/work/Reframe/Reframe/Packages/ReframeCore/Sources/TrackingKit/Vision/TrackingPipeline.swift -primary-file /Users/runner/work/Reframe/Reframe/Packages/ReframeCore/Sources/TrackingKit/Vision/VideoFrameReader.swift -primary-file /Users/runner/work/Reframe/Reframe/Packages/ReframeCore/Sources/TrackingKit/Vision/VisionComponents.swift -supplementary-output-file-map /Users/runner/work/Reframe/Reframe/App/build/Build/Intermediates.noindex/ReframeCore.build/Debug-iphonesimulator/TrackingKit.build/Objects-normal/x86_64/supplementaryOutputs-21 -target x86_64-apple-ios16.0-simulator -enable-objc-interop -sdk /Applications/Xcode_16.2.app/Contents/Developer/Platforms/iPhoneSimulator.platform/Developer/SDKs/iPhoneSimulator18.2.sdk -I /Users/runner/work/Reframe/Reframe/App/build/Build/Products/Debug-iphonesimulator -I /Applications/Xcode_16.2.app/Contents/Developer/Platforms/iPhoneSimulator.platform/Developer/usr/lib -F /Users/runner/work/Reframe/Reframe/App/build/Build/Products/Debug-iphonesimulator/PackageFrameworks -F /Users/runner/work/Reframe/Reframe/App/build/Build/Products/Debug-iphonesimulator -F /Applications/Xcode_16.2.app/Contents/Developer/Platforms/iPhoneSimulator.platform/Developer/Library/Frameworks -F /Applications/Xcode_16.2.app/Contents/Developer/Platforms/iPhoneSimulator.platform/Developer/SDKs/iPhoneSimulator18.2.sdk/Developer/Library/Frameworks -no-color-diagnostics -enable-testing -g -debug-info-format\=dwarf -dwarf-version\=4 -module-cache-path /Users/runner/work/Reframe/Reframe/App/build/ModuleCache.noindex -swift-version 5 -enforce-exclusivity\=checked -Onone -D SWIFT_PACKAGE -D DEBUG -D Xcode -serialize-debugging-options -const-gather-protocols-file /Users/runner/work/Reframe/Reframe/App/build/Build/Intermediates.noindex/ReframeCore.build/Debug-iphonesimulator/TrackingKit.build/Objects-normal/x86_64/TrackingKit_const_extract_protocols.json -enable-experimental-feature DebugDescriptionMacro -enable-experimental-feature OpaqueTypeErasure -empty-abi-descriptor -plugin-path /Applications/Xcode_16.2.app/Contents/Developer/Toolchains/XcodeDefault.xctoolchain/usr/lib/swift/host/plugins/testing -validate-clang-modules-once -clang-build-session-file /Users/runner/work/Reframe/Reframe/App/build/ModuleCache.noindex/Session.modulevalidation -Xcc -working-directory -Xcc /Users/runner/work/Reframe/Reframe/App/AutoReframe.xcodeproj -resource-dir /Applications/Xcode_16.2.app/Contents/Developer/Toolchains/XcodeDefault.xctoolchain/usr/lib/swift -enable-anonymous-context-mangled-names -file-compilation-dir /Users/runner/work/Reframe/Reframe/App/AutoReframe.xcodeproj -Xcc -D_LIBCPP_HARDENING_MODE\=_LIBCPP_HARDENING_MODE_DEBUG -Xcc -ivfsstatcache -Xcc /Users/runner/work/Reframe/Reframe/App/build/SDKStatCaches.noindex/iphonesimulator18.2-22C146-16b5fc1f628d844b188c57a1ba9d6a81.sdkstatcache -Xcc -I/Users/runner/work/Reframe/Reframe/App/build/Build/Intermediates.noindex/ReframeCore.build/Debug-iphonesimulator/TrackingKit.build/swift-overrides.hmap -Xcc -I/Users/runner/work/Reframe/Reframe/App/build/Build/Products/Debug-iphonesimulator/include -Xcc -I/Users/runner/work/Reframe/Reframe/App/build/Build/Intermediates.noindex/ReframeCore.build/Debug-iphonesimulator/TrackingKit.build/DerivedSources-normal/x86_64 -Xcc -I/Users/runner/work/Reframe/Reframe/App/build/Build/Intermediates.noindex/ReframeCore.build/Debug-iphonesimulator/TrackingKit.build/DerivedSources/x86_64 -Xcc -I/Users/runner/work/Reframe/Reframe/App/build/Build/Intermediates.noindex/ReframeCore.build/Debug-iphonesimulator/TrackingKit.build/DerivedSources -Xcc -DSWIFT_PACKAGE -Xcc -DDEBUG\=1 -module-name TrackingKit -package-name reframecore -frontend-parseable-output -disable-clang-spi -target-sdk-version 18.2 -target-sdk-name iphonesimulator18.2 -external-plugin-path /Applications/Xcode_16.2.app/Contents/Developer/Platforms/iPhoneOS.platform/Developer/usr/lib/swift/host/plugins\#/Applications/Xcode_16.2.app/Contents/Developer/Platforms/iPhoneOS.platform/Developer/usr/bin/swift-plugin-server -external-plugin-path /Applications/Xcode_16.2.app/Contents/Developer/Platforms/iPhoneOS.platform/Developer/usr/local/lib/swift/host/plugins\#/Applications/Xcode_16.2.app/Contents/Developer/Platforms/iPhoneOS.platform/Developer/usr/bin/swift-plugin-server -plugin-path /Applications/Xcode_16.2.app/Contents/Developer/Toolchains/XcodeDefault.xctoolchain/usr/lib/swift/host/plugins -plugin-path /Applications/Xcode_16.2.app/Contents/Developer/Toolchains/XcodeDefault.xctoolchain/usr/local/lib/swift/host/plugins -o /Users/runner/work/Reframe/Reframe/App/build/Build/Intermediates.noindex/ReframeCore.build/Debug-iphonesimulator/TrackingKit.build/Objects-normal/x86_64/DebugVideoWriter.o -o /Users/runner/work/Reframe/Reframe/App/build/Build/Intermediates.noindex/ReframeCore.build/Debug-iphonesimulator/TrackingKit.build/Objects-normal/x86_64/PersonPreview.o -o /Users/runner/work/Reframe/Reframe/App/build/Build/Intermediates.noindex/ReframeCore.build/Debug-iphonesimulator/TrackingKit.build/Objects-normal/x86_64/TrackingPipeline.o -o /Users/runner/work/Reframe/Reframe/App/build/Build/Intermediates.noindex/ReframeCore.build/Debug-iphonesimulator/TrackingKit.build/Objects-normal/x86_64/VideoFrameReader.o -o /Users/runner/work/Reframe/Reframe/App/build/Build/Intermediates.noindex/ReframeCore.build/Debug-iphonesimulator/TrackingKit.build/Objects-normal/x86_64/VisionComponents.o -index-unit-output-path /ReframeCore.build/Debug-iphonesimulator/TrackingKit.build/Objects-normal/x86_64/DebugVideoWriter.o -index-unit-output-path /ReframeCore.build/Debug-iphonesimulator/TrackingKit.build/Objects-normal/x86_64/PersonPreview.o -index-unit-output-path /ReframeCore.build/Debug-iphonesimulator/TrackingKit.build/Objects-normal/x86_64/TrackingPipeline.o -index-unit-output-path /ReframeCore.build/Debug-iphonesimulator/TrackingKit.build/Objects-normal/x86_64/VideoFrameReader.o -index-unit-output-path /ReframeCore.build/Debug-iphonesimulator/TrackingKit.build/Objects-normal/x86_64/VisionComponents.o -index-store-path /Users/runner/work/Reframe/Reframe/App/build/Index.noindex/DataStore -index-system-modules

SwiftCompile normal x86_64 /Users/runner/work/Reframe/Reframe/Packages/ReframeCore/Sources/TrackingKit/Vision/VideoFrameReader.swift (in target 'TrackingKit' from project 'ReframeCore')
    cd /Users/runner/work/Reframe/Reframe/App/AutoReframe.xcodeproj
    /Applications/Xcode_16.2.app/Contents/Developer/Toolchains/XcodeDefault.xctoolchain/usr/bin/swift-frontend -c /Users/runner/work/Reframe/Reframe/Packages/ReframeCore/Sources/TrackingKit/Geometry/BoxMath.swift /Users/runner/work/Reframe/Reframe/Packages/ReframeCore/Sources/TrackingKit/Geometry/DisplayMapping.swift /Users/runner/work/Reframe/Reframe/Packages/ReframeCore/Sources/TrackingKit/Geometry/Timestamps.swift /Users/runner/work/Reframe/Reframe/Packages/ReframeCore/Sources/TrackingKit/Geometry/VisionCoordinates.swift /Users/runner/work/Reframe/Reframe/Packages/ReframeCore/Sources/TrackingKit/Output/CommandLineOptions.swift /Users/runner/work/Reframe/Reframe/Packages/ReframeCore/Sources/TrackingKit/Output/TrackingReport.swift /Users/runner/work/Reframe/Reframe/Packages/ReframeCore/Sources/TrackingKit/Render/RenderPlanning.swift /Users/runner/work/Reframe/Reframe/Packages/ReframeCore/Sources/TrackingKit/Render/VerticalRenderer.swift /Users/runner/work/Reframe/Reframe/Packages/ReframeCore/Sources/TrackingKit/Selection/Observation.swift /Users/runner/work/Reframe/Reframe/Packages/ReframeCore/Sources/TrackingKit/Selection/SubjectSelector.swift /Users/runner/work/Reframe/Reframe/Packages/ReframeCore/Sources/TrackingKit/Selection/SubjectTracker.swift /Users/runner/work/Reframe/Reframe/Packages/ReframeCore/Sources/TrackingKit/TrackingSettings.swift -primary-file /Users/runner/work/Reframe/Reframe/Packages/ReframeCore/Sources/TrackingKit/Vision/DebugVideoWriter.swift -primary-file /Users/runner/work/Reframe/Reframe/Packages/ReframeCore/Sources/TrackingKit/Vision/PersonPreview.swift -primary-file /Users/runner/work/Reframe/Reframe/Packages/ReframeCore/Sources/TrackingKit/Vision/TrackingPipeline.swift -primary-file /Users/runner/work/Reframe/Reframe/Packages/ReframeCore/Sources/TrackingKit/Vision/VideoFrameReader.swift -primary-file /Users/runner/work/Reframe/Reframe/Packages/ReframeCore/Sources/TrackingKit/Vision/VisionComponents.swift -supplementary-output-file-map /Users/runner/work/Reframe/Reframe/App/build/Build/Intermediates.noindex/ReframeCore.build/Debug-iphonesimulator/TrackingKit.build/Objects-normal/x86_64/supplementaryOutputs-21 -target x86_64-apple-ios16.0-simulator -enable-objc-interop -sdk /Applications/Xcode_16.2.app/Contents/Developer/Platforms/iPhoneSimulator.platform/Developer/SDKs/iPhoneSimulator18.2.sdk -I /Users/runner/work/Reframe/Reframe/App/build/Build/Products/Debug-iphonesimulator -I /Applications/Xcode_16.2.app/Contents/Developer/Platforms/iPhoneSimulator.platform/Developer/usr/lib -F /Users/runner/work/Reframe/Reframe/App/build/Build/Products/Debug-iphonesimulator/PackageFrameworks -F /Users/runner/work/Reframe/Reframe/App/build/Build/Products/Debug-iphonesimulator -F /Applications/Xcode_16.2.app/Contents/Developer/Platforms/iPhoneSimulator.platform/Developer/Library/Frameworks -F /Applications/Xcode_16.2.app/Contents/Developer/Platforms/iPhoneSimulator.platform/Developer/SDKs/iPhoneSimulator18.2.sdk/Developer/Library/Frameworks -no-color-diagnostics -enable-testing -g -debug-info-format\=dwarf -dwarf-version\=4 -module-cache-path /Users/runner/work/Reframe/Reframe/App/build/ModuleCache.noindex -swift-version 5 -enforce-exclusivity\=checked -Onone -D SWIFT_PACKAGE -D DEBUG -D Xcode -serialize-debugging-options -const-gather-protocols-file /Users/runner/work/Reframe/Reframe/App/build/Build/Intermediates.noindex/ReframeCore.build/Debug-iphonesimulator/TrackingKit.build/Objects-normal/x86_64/TrackingKit_const_extract_protocols.json -enable-experimental-feature DebugDescriptionMacro -enable-experimental-feature OpaqueTypeErasure -empty-abi-descriptor -plugin-path /Applications/Xcode_16.2.app/Contents/Developer/Toolchains/XcodeDefault.xctoolchain/usr/lib/swift/host/plugins/testing -validate-clang-modules-once -clang-build-session-file /Users/runner/work/Reframe/Reframe/App/build/ModuleCache.noindex/Session.modulevalidation -Xcc -working-directory -Xcc /Users/runner/work/Reframe/Reframe/App/AutoReframe.xcodeproj -resource-dir /Applications/Xcode_16.2.app/Contents/Developer/Toolchains/XcodeDefault.xctoolchain/usr/lib/swift -enable-anonymous-context-mangled-names -file-compilation-dir /Users/runner/work/Reframe/Reframe/App/AutoReframe.xcodeproj -Xcc -D_LIBCPP_HARDENING_MODE\=_LIBCPP_HARDENING_MODE_DEBUG -Xcc -ivfsstatcache -Xcc /Users/runner/work/Reframe/Reframe/App/build/SDKStatCaches.noindex/iphonesimulator18.2-22C146-16b5fc1f628d844b188c57a1ba9d6a81.sdkstatcache -Xcc -I/Users/runner/work/Reframe/Reframe/App/build/Build/Intermediates.noindex/ReframeCore.build/Debug-iphonesimulator/TrackingKit.build/swift-overrides.hmap -Xcc -I/Users/runner/work/Reframe/Reframe/App/build/Build/Products/Debug-iphonesimulator/include -Xcc -I/Users/runner/work/Reframe/Reframe/App/build/Build/Intermediates.noindex/ReframeCore.build/Debug-iphonesimulator/TrackingKit.build/DerivedSources-normal/x86_64 -Xcc -I/Users/runner/work/Reframe/Reframe/App/build/Build/Intermediates.noindex/ReframeCore.build/Debug-iphonesimulator/TrackingKit.build/DerivedSources/x86_64 -Xcc -I/Users/runner/work/Reframe/Reframe/App/build/Build/Intermediates.noindex/ReframeCore.build/Debug-iphonesimulator/TrackingKit.build/DerivedSources -Xcc -DSWIFT_PACKAGE -Xcc -DDEBUG\=1 -module-name TrackingKit -package-name reframecore -frontend-parseable-output -disable-clang-spi -target-sdk-version 18.2 -target-sdk-name iphonesimulator18.2 -external-plugin-path /Applications/Xcode_16.2.app/Contents/Developer/Platforms/iPhoneOS.platform/Developer/usr/lib/swift/host/plugins\#/Applications/Xcode_16.2.app/Contents/Developer/Platforms/iPhoneOS.platform/Developer/usr/bin/swift-plugin-server -external-plugin-path /Applications/Xcode_16.2.app/Contents/Developer/Platforms/iPhoneOS.platform/Developer/usr/local/lib/swift/host/plugins\#/Applications/Xcode_16.2.app/Contents/Developer/Platforms/iPhoneOS.platform/Developer/usr/bin/swift-plugin-server -plugin-path /Applications/Xcode_16.2.app/Contents/Developer/Toolchains/XcodeDefault.xctoolchain/usr/lib/swift/host/plugins -plugin-path /Applications/Xcode_16.2.app/Contents/Developer/Toolchains/XcodeDefault.xctoolchain/usr/local/lib/swift/host/plugins -o /Users/runner/work/Reframe/Reframe/App/build/Build/Intermediates.noindex/ReframeCore.build/Debug-iphonesimulator/TrackingKit.build/Objects-normal/x86_64/DebugVideoWriter.o -o /Users/runner/work/Reframe/Reframe/App/build/Build/Intermediates.noindex/ReframeCore.build/Debug-iphonesimulator/TrackingKit.build/Objects-normal/x86_64/PersonPreview.o -o /Users/runner/work/Reframe/Reframe/App/build/Build/Intermediates.noindex/ReframeCore.build/Debug-iphonesimulator/TrackingKit.build/Objects-normal/x86_64/TrackingPipeline.o -o /Users/runner/work/Reframe/Reframe/App/build/Build/Intermediates.noindex/ReframeCore.build/Debug-iphonesimulator/TrackingKit.build/Objects-normal/x86_64/VideoFrameReader.o -o /Users/runner/work/Reframe/Reframe/App/build/Build/Intermediates.noindex/ReframeCore.build/Debug-iphonesimulator/TrackingKit.build/Objects-normal/x86_64/VisionComponents.o -index-unit-output-path /ReframeCore.build/Debug-iphonesimulator/TrackingKit.build/Objects-normal/x86_64/DebugVideoWriter.o -index-unit-output-path /ReframeCore.build/Debug-iphonesimulator/TrackingKit.build/Objects-normal/x86_64/PersonPreview.o -index-unit-output-path /ReframeCore.build/Debug-iphonesimulator/TrackingKit.build/Objects-normal/x86_64/TrackingPipeline.o -index-unit-output-path /ReframeCore.build/Debug-iphonesimulator/TrackingKit.build/Objects-normal/x86_64/VideoFrameReader.o -index-unit-output-path /ReframeCore.build/Debug-iphonesimulator/TrackingKit.build/Objects-normal/x86_64/VisionComponents.o -index-store-path /Users/runner/work/Reframe/Reframe/App/build/Index.noindex/DataStore -index-system-modules

SwiftCompile normal x86_64 /Users/runner/work/Reframe/Reframe/Packages/ReframeCore/Sources/TrackingKit/Vision/VisionComponents.swift (in target 'TrackingKit' from project 'ReframeCore')
    cd /Users/runner/work/Reframe/Reframe/App/AutoReframe.xcodeproj
    /Applications/Xcode_16.2.app/Contents/Developer/Toolchains/XcodeDefault.xctoolchain/usr/bin/swift-frontend -c /Users/runner/work/Reframe/Reframe/Packages/ReframeCore/Sources/TrackingKit/Geometry/BoxMath.swift /Users/runner/work/Reframe/Reframe/Packages/ReframeCore/Sources/TrackingKit/Geometry/DisplayMapping.swift /Users/runner/work/Reframe/Reframe/Packages/ReframeCore/Sources/TrackingKit/Geometry/Timestamps.swift /Users/runner/work/Reframe/Reframe/Packages/ReframeCore/Sources/TrackingKit/Geometry/VisionCoordinates.swift /Users/runner/work/Reframe/Reframe/Packages/ReframeCore/Sources/TrackingKit/Output/CommandLineOptions.swift /Users/runner/work/Reframe/Reframe/Packages/ReframeCore/Sources/TrackingKit/Output/TrackingReport.swift /Users/runner/work/Reframe/Reframe/Packages/ReframeCore/Sources/TrackingKit/Render/RenderPlanning.swift /Users/runner/work/Reframe/Reframe/Packages/ReframeCore/Sources/TrackingKit/Render/VerticalRenderer.swift /Users/runner/work/Reframe/Reframe/Packages/ReframeCore/Sources/TrackingKit/Selection/Observation.swift /Users/runner/work/Reframe/Reframe/Packages/ReframeCore/Sources/TrackingKit/Selection/SubjectSelector.swift /Users/runner/work/Reframe/Reframe/Packages/ReframeCore/Sources/TrackingKit/Selection/SubjectTracker.swift /Users/runner/work/Reframe/Reframe/Packages/ReframeCore/Sources/TrackingKit/TrackingSettings.swift -primary-file /Users/runner/work/Reframe/Reframe/Packages/ReframeCore/Sources/TrackingKit/Vision/DebugVideoWriter.swift -primary-file /Users/runner/work/Reframe/Reframe/Packages/ReframeCore/Sources/TrackingKit/Vision/PersonPreview.swift -primary-file /Users/runner/work/Reframe/Reframe/Packages/ReframeCore/Sources/TrackingKit/Vision/TrackingPipeline.swift -primary-file /Users/runner/work/Reframe/Reframe/Packages/ReframeCore/Sources/TrackingKit/Vision/VideoFrameReader.swift -primary-file /Users/runner/work/Reframe/Reframe/Packages/ReframeCore/Sources/TrackingKit/Vision/VisionComponents.swift -supplementary-output-file-map /Users/runner/work/Reframe/Reframe/App/build/Build/Intermediates.noindex/ReframeCore.build/Debug-iphonesimulator/TrackingKit.build/Objects-normal/x86_64/supplementaryOutputs-21 -target x86_64-apple-ios16.0-simulator -enable-objc-interop -sdk /Applications/Xcode_16.2.app/Contents/Developer/Platforms/iPhoneSimulator.platform/Developer/SDKs/iPhoneSimulator18.2.sdk -I /Users/runner/work/Reframe/Reframe/App/build/Build/Products/Debug-iphonesimulator -I /Applications/Xcode_16.2.app/Contents/Developer/Platforms/iPhoneSimulator.platform/Developer/usr/lib -F /Users/runner/work/Reframe/Reframe/App/build/Build/Products/Debug-iphonesimulator/PackageFrameworks -F /Users/runner/work/Reframe/Reframe/App/build/Build/Products/Debug-iphonesimulator -F /Applications/Xcode_16.2.app/Contents/Developer/Platforms/iPhoneSimulator.platform/Developer/Library/Frameworks -F /Applications/Xcode_16.2.app/Contents/Developer/Platforms/iPhoneSimulator.platform/Developer/SDKs/iPhoneSimulator18.2.sdk/Developer/Library/Frameworks -no-color-diagnostics -enable-testing -g -debug-info-format\=dwarf -dwarf-version\=4 -module-cache-path /Users/runner/work/Reframe/Reframe/App/build/ModuleCache.noindex -swift-version 5 -enforce-exclusivity\=checked -Onone -D SWIFT_PACKAGE -D DEBUG -D Xcode -serialize-debugging-options -const-gather-protocols-file /Users/runner/work/Reframe/Reframe/App/build/Build/Intermediates.noindex/ReframeCore.build/Debug-iphonesimulator/TrackingKit.build/Objects-normal/x86_64/TrackingKit_const_extract_protocols.json -enable-experimental-feature DebugDescriptionMacro -enable-experimental-feature OpaqueTypeErasure -empty-abi-descriptor -plugin-path /Applications/Xcode_16.2.app/Contents/Developer/Toolchains/XcodeDefault.xctoolchain/usr/lib/swift/host/plugins/testing -validate-clang-modules-once -clang-build-session-file /Users/runner/work/Reframe/Reframe/App/build/ModuleCache.noindex/Session.modulevalidation -Xcc -working-directory -Xcc /Users/runner/work/Reframe/Reframe/App/AutoReframe.xcodeproj -resource-dir /Applications/Xcode_16.2.app/Contents/Developer/Toolchains/XcodeDefault.xctoolchain/usr/lib/swift -enable-anonymous-context-mangled-names -file-compilation-dir /Users/runner/work/Reframe/Reframe/App/AutoReframe.xcodeproj -Xcc -D_LIBCPP_HARDENING_MODE\=_LIBCPP_HARDENING_MODE_DEBUG -Xcc -ivfsstatcache -Xcc /Users/runner/work/Reframe/Reframe/App/build/SDKStatCaches.noindex/iphonesimulator18.2-22C146-16b5fc1f628d844b188c57a1ba9d6a81.sdkstatcache -Xcc -I/Users/runner/work/Reframe/Reframe/App/build/Build/Intermediates.noindex/ReframeCore.build/Debug-iphonesimulator/TrackingKit.build/swift-overrides.hmap -Xcc -I/Users/runner/work/Reframe/Reframe/App/build/Build/Products/Debug-iphonesimulator/include -Xcc -I/Users/runner/work/Reframe/Reframe/App/build/Build/Intermediates.noindex/ReframeCore.build/Debug-iphonesimulator/TrackingKit.build/DerivedSources-normal/x86_64 -Xcc -I/Users/runner/work/Reframe/Reframe/App/build/Build/Intermediates.noindex/ReframeCore.build/Debug-iphonesimulator/TrackingKit.build/DerivedSources/x86_64 -Xcc -I/Users/runner/work/Reframe/Reframe/App/build/Build/Intermediates.noindex/ReframeCore.build/Debug-iphonesimulator/TrackingKit.build/DerivedSources -Xcc -DSWIFT_PACKAGE -Xcc -DDEBUG\=1 -module-name TrackingKit -package-name reframecore -frontend-parseable-output -disable-clang-spi -target-sdk-version 18.2 -target-sdk-name iphonesimulator18.2 -external-plugin-path /Applications/Xcode_16.2.app/Contents/Developer/Platforms/iPhoneOS.platform/Developer/usr/lib/swift/host/plugins\#/Applications/Xcode_16.2.app/Contents/Developer/Platforms/iPhoneOS.platform/Developer/usr/bin/swift-plugin-server -external-plugin-path /Applications/Xcode_16.2.app/Contents/Developer/Platforms/iPhoneOS.platform/Developer/usr/local/lib/swift/host/plugins\#/Applications/Xcode_16.2.app/Contents/Developer/Platforms/iPhoneOS.platform/Developer/usr/bin/swift-plugin-server -plugin-path /Applications/Xcode_16.2.app/Contents/Developer/Toolchains/XcodeDefault.xctoolchain/usr/lib/swift/host/plugins -plugin-path /Applications/Xcode_16.2.app/Contents/Developer/Toolchains/XcodeDefault.xctoolchain/usr/local/lib/swift/host/plugins -o /Users/runner/work/Reframe/Reframe/App/build/Build/Intermediates.noindex/ReframeCore.build/Debug-iphonesimulator/TrackingKit.build/Objects-normal/x86_64/DebugVideoWriter.o -o /Users/runner/work/Reframe/Reframe/App/build/Build/Intermediates.noindex/ReframeCore.build/Debug-iphonesimulator/TrackingKit.build/Objects-normal/x86_64/PersonPreview.o -o /Users/runner/work/Reframe/Reframe/App/build/Build/Intermediates.noindex/ReframeCore.build/Debug-iphonesimulator/TrackingKit.build/Objects-normal/x86_64/TrackingPipeline.o -o /Users/runner/work/Reframe/Reframe/App/build/Build/Intermediates.noindex/ReframeCore.build/Debug-iphonesimulator/TrackingKit.build/Objects-normal/x86_64/VideoFrameReader.o -o /Users/runner/work/Reframe/Reframe/App/build/Build/Intermediates.noindex/ReframeCore.build/Debug-iphonesimulator/TrackingKit.build/Objects-normal/x86_64/VisionComponents.o -index-unit-output-path /ReframeCore.build/Debug-iphonesimulator/TrackingKit.build/Objects-normal/x86_64/DebugVideoWriter.o -index-unit-output-path /ReframeCore.build/Debug-iphonesimulator/TrackingKit.build/Objects-normal/x86_64/PersonPreview.o -index-unit-output-path /ReframeCore.build/Debug-iphonesimulator/TrackingKit.build/Objects-normal/x86_64/TrackingPipeline.o -index-unit-output-path /ReframeCore.build/Debug-iphonesimulator/TrackingKit.build/Objects-normal/x86_64/VideoFrameReader.o -index-unit-output-path /ReframeCore.build/Debug-iphonesimulator/TrackingKit.build/Objects-normal/x86_64/VisionComponents.o -index-store-path /Users/runner/work/Reframe/Reframe/App/build/Index.noindex/DataStore -index-system-modules

SwiftDriverJobDiscovery normal x86_64 Compiling RenderPlanning.swift, VerticalRenderer.swift, Observation.swift, SubjectSelector.swift, SubjectTracker.swift, TrackingSettings.swift (in target 'TrackingKit' from project 'ReframeCore')

SwiftDriverJobDiscovery normal arm64 Compiling RenderPlanning.swift, VerticalRenderer.swift, Observation.swift, SubjectSelector.swift, SubjectTracker.swift, TrackingSettings.swift (in target 'TrackingKit' from project 'ReframeCore')

SwiftDriver\ Compilation ReframeCore normal arm64 com.apple.xcode.tools.swift.compiler (in target 'ReframeCore' from project 'ReframeCore')
    cd /Users/runner/work/Reframe/Reframe/App/AutoReframe.xcodeproj
    builtin-Swift-Compilation -- /Applications/Xcode_16.2.app/Contents/Developer/Toolchains/XcodeDefault.xctoolchain/usr/bin/swiftc -module-name ReframeCore -Onone -enforce-exclusivity\=checked @/Users/runner/work/Reframe/Reframe/App/build/Build/Intermediates.noindex/ReframeCore.build/Debug-iphonesimulator/ReframeCore.build/Objects-normal/arm64/ReframeCore.SwiftFileList -DSWIFT_PACKAGE -DDEBUG -DXcode -plugin-path /Applications/Xcode_16.2.app/Contents/Developer/Toolchains/XcodeDefault.xctoolchain/usr/lib/swift/host/plugins/testing -enable-experimental-feature DebugDescriptionMacro -sdk /Applications/Xcode_16.2.app/Contents/Developer/Platforms/iPhoneSimulator.platform/Developer/SDKs/iPhoneSimulator18.2.sdk -target arm64-apple-ios16.0-simulator -g -module-cache-path /Users/runner/work/Reframe/Reframe/App/build/ModuleCache.noindex -Xfrontend -serialize-debugging-options -enable-testing -index-store-path /Users/runner/work/Reframe/Reframe/App/build/Index.noindex/DataStore -enable-experimental-feature OpaqueTypeErasure -Xcc -D_LIBCPP_HARDENING_MODE\=_LIBCPP_HARDENING_MODE_DEBUG -swift-version 5 -I /Users/runner/work/Reframe/Reframe/App/build/Build/Products/Debug-iphonesimulator -I /Applications/Xcode_16.2.app/Contents/Developer/Platforms/iPhoneSimulator.platform/Developer/usr/lib -F /Users/runner/work/Reframe/Reframe/App/build/Build/Products/Debug-iphonesimulator -F /Applications/Xcode_16.2.app/Contents/Developer/Platforms/iPhoneSimulator.platform/Developer/Library/Frameworks -F /Applications/Xcode_16.2.app/Contents/Developer/Platforms/iPhoneSimulator.platform/Developer/SDKs/iPhoneSimulator18.2.sdk/Developer/Library/Frameworks -c -j3 -enable-batch-mode -incremental -Xcc -ivfsstatcache -Xcc /Users/runner/work/Reframe/Reframe/App/build/SDKStatCaches.noindex/iphonesimulator18.2-22C146-16b5fc1f628d844b188c57a1ba9d6a81.sdkstatcache -output-file-map /Users/runner/work/Reframe/Reframe/App/build/Build/Intermediates.noindex/ReframeCore.build/Debug-iphonesimulator/ReframeCore.build/Objects-normal/arm64/ReframeCore-OutputFileMap.json -use-frontend-parseable-output -save-temps -no-color-diagnostics -serialize-diagnostics -emit-dependencies -emit-module -emit-module-path /Users/runner/work/Reframe/Reframe/App/build/Build/Intermediates.noindex/ReframeCore.build/Debug-iphonesimulator/ReframeCore.build/Objects-normal/arm64/ReframeCore.swiftmodule -validate-clang-modules-once -clang-build-session-file /Users/runner/work/Reframe/Reframe/App/build/ModuleCache.noindex/Session.modulevalidation -package-name reframecore -Xcc -I/Users/runner/work/Reframe/Reframe/App/build/Build/Intermediates.noindex/ReframeCore.build/Debug-iphonesimulator/ReframeCore.build/swift-overrides.hmap -emit-const-values -Xfrontend -const-gather-protocols-file -Xfrontend /Users/runner/work/Reframe/Reframe/App/build/Build/Intermediates.noindex/ReframeCore.build/Debug-iphonesimulator/ReframeCore.build/Objects-normal/arm64/ReframeCore_const_extract_protocols.json -Xcc -I/Users/runner/work/Reframe/Reframe/App/build/Build/Products/Debug-iphonesimulator/include -Xcc -I/Users/runner/work/Reframe/Reframe/App/build/Build/Intermediates.noindex/ReframeCore.build/Debug-iphonesimulator/ReframeCore.build/DerivedSources-normal/arm64 -Xcc -I/Users/runner/work/Reframe/Reframe/App/build/Build/Intermediates.noindex/ReframeCore.build/Debug-iphonesimulator/ReframeCore.build/DerivedSources/arm64 -Xcc -I/Users/runner/work/Reframe/Reframe/App/build/Build/Intermediates.noindex/ReframeCore.build/Debug-iphonesimulator/ReframeCore.build/DerivedSources -Xcc -DSWIFT_PACKAGE -Xcc -DDEBUG\=1 -emit-objc-header -emit-objc-header-path /Users/runner/work/Reframe/Reframe/App/build/Build/Intermediates.noindex/ReframeCore.build/Debug-iphonesimulator/ReframeCore.build/Objects-normal/arm64/ReframeCore-Swift.h -working-directory /Users/runner/work/Reframe/Reframe/App/AutoReframe.xcodeproj -experimental-emit-module-separately -disable-cmo

Ld /Users/runner/work/Reframe/Reframe/App/build/Build/Intermediates.noindex/ReframeCore.build/Debug-iphonesimulator/ReframeCore.build/Objects-normal/arm64/Binary/ReframeCore.o normal arm64 (in target 'ReframeCore' from project 'ReframeCore')
    cd /Users/runner/work/Reframe/Reframe/Packages/ReframeCore
    /Applications/Xcode_16.2.app/Contents/Developer/Toolchains/XcodeDefault.xctoolchain/usr/bin/clang -Xlinker -reproducible -target arm64-apple-ios16.0-simulator -r -isysroot /Applications/Xcode_16.2.app/Contents/Developer/Platforms/iPhoneSimulator.platform/Developer/SDKs/iPhoneSimulator18.2.sdk -O0 -L/Users/runner/work/Reframe/Reframe/App/build/Build/Intermediates.noindex/EagerLinkingTBDs/Debug-iphonesimulator -L/Users/runner/work/Reframe/Reframe/App/build/Build/Products/Debug-iphonesimulator -L/Applications/Xcode_16.2.app/Contents/Developer/Platforms/iPhoneSimulator.platform/Developer/usr/lib -F/Users/runner/work/Reframe/Reframe/App/build/Build/Intermediates.noindex/EagerLinkingTBDs/Debug-iphonesimulator -F/Users/runner/work/Reframe/Reframe/App/build/Build/Products/Debug-iphonesimulator -iframework /Applications/Xcode_16.2.app/Contents/Developer/Platforms/iPhoneSimulator.platform/Developer/Library/Frameworks -iframework /Applications/Xcode_16.2.app/Contents/Developer/Platforms/iPhoneSimulator.platform/Developer/SDKs/iPhoneSimulator18.2.sdk/Developer/Library/Frameworks -filelist /Users/runner/work/Reframe/Reframe/App/build/Build/Intermediates.noindex/ReframeCore.build/Debug-iphonesimulator/ReframeCore.build/Objects-normal/arm64/ReframeCore.LinkFileList -nostdlib -Xlinker -object_path_lto -Xlinker /Users/runner/work/Reframe/Reframe/App/build/Build/Intermediates.noindex/ReframeCore.build/Debug-iphonesimulator/ReframeCore.build/Objects-normal/arm64/ReframeCore_lto.o -Xlinker -export_dynamic -Xlinker -no_deduplicate -Xlinker -objc_abi_version -Xlinker 2 -fobjc-link-runtime -L/Applications/Xcode_16.2.app/Contents/Developer/Toolchains/XcodeDefault.xctoolchain/usr/lib/swift/iphonesimulator -L/usr/lib/swift -Xlinker -add_ast_path -Xlinker /Users/runner/work/Reframe/Reframe/App/build/Build/Intermediates.noindex/ReframeCore.build/Debug-iphonesimulator/ReframeCore.build/Objects-normal/arm64/ReframeCore.swiftmodule -Xlinker -dependency_info -Xlinker /Users/runner/work/Reframe/Reframe/App/build/Build/Intermediates.noindex/ReframeCore.build/Debug-iphonesimulator/ReframeCore.build/Objects-normal/arm64/ReframeCore_dependency_info.dat -o /Users/runner/work/Reframe/Reframe/App/build/Build/Intermediates.noindex/ReframeCore.build/Debug-iphonesimulator/ReframeCore.build/Objects-normal/arm64/Binary/ReframeCore.o

CreateUniversalBinary /Users/runner/work/Reframe/Reframe/App/build/Build/Products/Debug-iphonesimulator/ReframeCore.o normal arm64\ x86_64 (in target 'ReframeCore' from project 'ReframeCore')
    cd /Users/runner/work/Reframe/Reframe/Packages/ReframeCore
    /Applications/Xcode_16.2.app/Contents/Developer/Toolchains/XcodeDefault.xctoolchain/usr/bin/lipo -create /Users/runner/work/Reframe/Reframe/App/build/Build/Intermediates.noindex/ReframeCore.build/Debug-iphonesimulator/ReframeCore.build/Objects-normal/arm64/Binary/ReframeCore.o /Users/runner/work/Reframe/Reframe/App/build/Build/Intermediates.noindex/ReframeCore.build/Debug-iphonesimulator/ReframeCore.build/Objects-normal/x86_64/Binary/ReframeCore.o -output /Users/runner/work/Reframe/Reframe/App/build/Build/Products/Debug-iphonesimulator/ReframeCore.o

SwiftDriver AutoReframe normal x86_64 com.apple.xcode.tools.swift.compiler (in target 'AutoReframe' from project 'AutoReframe')
    cd /Users/runner/work/Reframe/Reframe/App
    builtin-SwiftDriver -- /Applications/Xcode_16.2.app/Contents/Developer/Toolchains/XcodeDefault.xctoolchain/usr/bin/swiftc -module-name AutoReframe -Onone -enforce-exclusivity\=checked @/Users/runner/work/Reframe/Reframe/App/build/Build/Intermediates.noindex/AutoReframe.build/Debug-iphonesimulator/AutoReframe.build/Objects-normal/x86_64/AutoReframe.SwiftFileList -DDEBUG -enable-bare-slash-regex -enable-experimental-feature DebugDescriptionMacro -sdk /Applications/Xcode_16.2.app/Contents/Developer/Platforms/iPhoneSimulator.platform/Developer/SDKs/iPhoneSimulator18.2.sdk -target x86_64-apple-ios16.0-simulator -g -module-cache-path /Users/runner/work/Reframe/Reframe/App/build/ModuleCache.noindex -Xfrontend -serialize-debugging-options -enable-testing -index-store-path /Users/runner/work/Reframe/Reframe/App/build/Index.noindex/DataStore -enable-experimental-feature OpaqueTypeErasure -Xcc -D_LIBCPP_HARDENING_MODE\=_LIBCPP_HARDENING_MODE_DEBUG -swift-version 5 -I /Users/runner/work/Reframe/Reframe/App/build/Build/Products/Debug-iphonesimulator -F /Users/runner/work/Reframe/Reframe/App/build/Build/Products/Debug-iphonesimulator/PackageFrameworks -F /Users/runner/work/Reframe/Reframe/App/build/Build/Products/Debug-iphonesimulator/PackageFrameworks -F /Users/runner/work/Reframe/Reframe/App/build/Build/Products/Debug-iphonesimulator -c -j3 -enable-batch-mode -incremental -Xcc -ivfsstatcache -Xcc /Users/runner/work/Reframe/Reframe/App/build/SDKStatCaches.noindex/iphonesimulator18.2-22C146-16b5fc1f628d844b188c57a1ba9d6a81.sdkstatcache -output-file-map /Users/runner/work/Reframe/Reframe/App/build/Build/Intermediates.noindex/AutoReframe.build/Debug-iphonesimulator/AutoReframe.build/Objects-normal/x86_64/AutoReframe-OutputFileMap.json -use-frontend-parseable-output -save-temps -no-color-diagnostics -serialize-diagnostics -emit-dependencies -emit-module -emit-module-path /Users/runner/work/Reframe/Reframe/App/build/Build/Intermediates.noindex/AutoReframe.build/Debug-iphonesimulator/AutoReframe.build/Objects-normal/x86_64/AutoReframe.swiftmodule -validate-clang-modules-once -clang-build-session-file /Users/runner/work/Reframe/Reframe/App/build/ModuleCache.noindex/Session.modulevalidation -Xcc -I/Users/runner/work/Reframe/Reframe/App/build/Build/Intermediates.noindex/AutoReframe.build/Debug-iphonesimulator/AutoReframe.build/swift-overrides.hmap -emit-const-values -Xfrontend -const-gather-protocols-file -Xfrontend /Users/runner/work/Reframe/Reframe/App/build/Build/Intermediates.noindex/AutoReframe.build/Debug-iphonesimulator/AutoReframe.build/Objects-normal/x86_64/AutoReframe_const_extract_protocols.json -Xcc -iquote -Xcc /Users/runner/work/Reframe/Reframe/App/build/Build/Intermediates.noindex/AutoReframe.build/Debug-iphonesimulator/AutoReframe.build/AutoReframe-generated-files.hmap -Xcc -I/Users/runner/work/Reframe/Reframe/App/build/Build/Intermediates.noindex/AutoReframe.build/Debug-iphonesimulator/AutoReframe.build/AutoReframe-own-target-headers.hmap -Xcc -I/Users/runner/work/Reframe/Reframe/App/build/Build/Intermediates.noindex/AutoReframe.build/Debug-iphonesimulator/AutoReframe.build/AutoReframe-all-non-framework-target-headers.hmap -Xcc -ivfsoverlay -Xcc /Users/runner/work/Reframe/Reframe/App/build/Build/Intermediates.noindex/AutoReframe.build/Debug-iphonesimulator/AutoReframe-80d5b118fb95dbd414767e04e4966aee-VFS-iphonesimulator/all-product-headers.yaml -Xcc -iquote -Xcc /Users/runner/work/Reframe/Reframe/App/build/Build/Intermediates.noindex/AutoReframe.build/Debug-iphonesimulator/AutoReframe.build/AutoReframe-project-headers.hmap -Xcc -I/Users/runner/work/Reframe/Reframe/App/build/Build/Products/Debug-iphonesimulator/include -Xcc -I/Users/runner/work/Reframe/Reframe/App/build/Build/Intermediates.noindex/AutoReframe.build/Debug-iphonesimulator/AutoReframe.build/DerivedSources-normal/x86_64 -Xcc -I/Users/runner/work/Reframe/Reframe/App/build/Build/Intermediates.noindex/AutoReframe.build/Debug-iphonesimulator/AutoReframe.build/DerivedSources/x86_64 -Xcc -I/Users/runner/work/Reframe/Reframe/App/build/Build/Intermediates.noindex/AutoReframe.build/Debug-iphonesimulator/AutoReframe.build/DerivedSources -Xcc -DDEBUG\=1 -emit-objc-header -emit-objc-header-path /Users/runner/work/Reframe/Reframe/App/build/Build/Intermediates.noindex/AutoReframe.build/Debug-iphonesimulator/AutoReframe.build/Objects-normal/x86_64/AutoReframe-Swift.h -working-directory /Users/runner/work/Reframe/Reframe/App -experimental-emit-module-separately -disable-cmo

SwiftDriver AutoReframe normal arm64 com.apple.xcode.tools.swift.compiler (in target 'AutoReframe' from project 'AutoReframe')
    cd /Users/runner/work/Reframe/Reframe/App
    builtin-SwiftDriver -- /Applications/Xcode_16.2.app/Contents/Developer/Toolchains/XcodeDefault.xctoolchain/usr/bin/swiftc -module-name AutoReframe -Onone -enforce-exclusivity\=checked @/Users/runner/work/Reframe/Reframe/App/build/Build/Intermediates.noindex/AutoReframe.build/Debug-iphonesimulator/AutoReframe.build/Objects-normal/arm64/AutoReframe.SwiftFileList -DDEBUG -enable-bare-slash-regex -enable-experimental-feature DebugDescriptionMacro -sdk /Applications/Xcode_16.2.app/Contents/Developer/Platforms/iPhoneSimulator.platform/Developer/SDKs/iPhoneSimulator18.2.sdk -target arm64-apple-ios16.0-simulator -g -module-cache-path /Users/runner/work/Reframe/Reframe/App/build/ModuleCache.noindex -Xfrontend -serialize-debugging-options -enable-testing -index-store-path /Users/runner/work/Reframe/Reframe/App/build/Index.noindex/DataStore -enable-experimental-feature OpaqueTypeErasure -Xcc -D_LIBCPP_HARDENING_MODE\=_LIBCPP_HARDENING_MODE_DEBUG -swift-version 5 -I /Users/runner/work/Reframe/Reframe/App/build/Build/Products/Debug-iphonesimulator -F /Users/runner/work/Reframe/Reframe/App/build/Build/Products/Debug-iphonesimulator/PackageFrameworks -F /Users/runner/work/Reframe/Reframe/App/build/Build/Products/Debug-iphonesimulator/PackageFrameworks -F /Users/runner/work/Reframe/Reframe/App/build/Build/Products/Debug-iphonesimulator -c -j3 -enable-batch-mode -incremental -Xcc -ivfsstatcache -Xcc /Users/runner/work/Reframe/Reframe/App/build/SDKStatCaches.noindex/iphonesimulator18.2-22C146-16b5fc1f628d844b188c57a1ba9d6a81.sdkstatcache -output-file-map /Users/runner/work/Reframe/Reframe/App/build/Build/Intermediates.noindex/AutoReframe.build/Debug-iphonesimulator/AutoReframe.build/Objects-normal/arm64/AutoReframe-OutputFileMap.json -use-frontend-parseable-output -save-temps -no-color-diagnostics -serialize-diagnostics -emit-dependencies -emit-module -emit-module-path /Users/runner/work/Reframe/Reframe/App/build/Build/Intermediates.noindex/AutoReframe.build/Debug-iphonesimulator/AutoReframe.build/Objects-normal/arm64/AutoReframe.swiftmodule -validate-clang-modules-once -clang-build-session-file /Users/runner/work/Reframe/Reframe/App/build/ModuleCache.noindex/Session.modulevalidation -Xcc -I/Users/runner/work/Reframe/Reframe/App/build/Build/Intermediates.noindex/AutoReframe.build/Debug-iphonesimulator/AutoReframe.build/swift-overrides.hmap -emit-const-values -Xfrontend -const-gather-protocols-file -Xfrontend /Users/runner/work/Reframe/Reframe/App/build/Build/Intermediates.noindex/AutoReframe.build/Debug-iphonesimulator/AutoReframe.build/Objects-normal/arm64/AutoReframe_const_extract_protocols.json -Xcc -iquote -Xcc /Users/runner/work/Reframe/Reframe/App/build/Build/Intermediates.noindex/AutoReframe.build/Debug-iphonesimulator/AutoReframe.build/AutoReframe-generated-files.hmap -Xcc -I/Users/runner/work/Reframe/Reframe/App/build/Build/Intermediates.noindex/AutoReframe.build/Debug-iphonesimulator/AutoReframe.build/AutoReframe-own-target-headers.hmap -Xcc -I/Users/runner/work/Reframe/Reframe/App/build/Build/Intermediates.noindex/AutoReframe.build/Debug-iphonesimulator/AutoReframe.build/AutoReframe-all-non-framework-target-headers.hmap -Xcc -ivfsoverlay -Xcc /Users/runner/work/Reframe/Reframe/App/build/Build/Intermediates.noindex/AutoReframe.build/Debug-iphonesimulator/AutoReframe-80d5b118fb95dbd414767e04e4966aee-VFS-iphonesimulator/all-product-headers.yaml -Xcc -iquote -Xcc /Users/runner/work/Reframe/Reframe/App/build/Build/Intermediates.noindex/AutoReframe.build/Debug-iphonesimulator/AutoReframe.build/AutoReframe-project-headers.hmap -Xcc -I/Users/runner/work/Reframe/Reframe/App/build/Build/Products/Debug-iphonesimulator/include -Xcc -I/Users/runner/work/Reframe/Reframe/App/build/Build/Intermediates.noindex/AutoReframe.build/Debug-iphonesimulator/AutoReframe.build/DerivedSources-normal/arm64 -Xcc -I/Users/runner/work/Reframe/Reframe/App/build/Build/Intermediates.noindex/AutoReframe.build/Debug-iphonesimulator/AutoReframe.build/DerivedSources/arm64 -Xcc -I/Users/runner/work/Reframe/Reframe/App/build/Build/Intermediates.noindex/AutoReframe.build/Debug-iphonesimulator/AutoReframe.build/DerivedSources -Xcc -DDEBUG\=1 -emit-objc-header -emit-objc-header-path /Users/runner/work/Reframe/Reframe/App/build/Build/Intermediates.noindex/AutoReframe.build/Debug-iphonesimulator/AutoReframe.build/Objects-normal/arm64/AutoReframe-Swift.h -working-directory /Users/runner/work/Reframe/Reframe/App -experimental-emit-module-separately -disable-cmo

SwiftEmitModule normal x86_64 Emitting\ module\ for\ AutoReframe (in target 'AutoReframe' from project 'AutoReframe')
    cd /Users/runner/work/Reframe/Reframe/App
    builtin-swiftTaskExecution -- /Applications/Xcode_16.2.app/Contents/Developer/Toolchains/XcodeDefault.xctoolchain/usr/bin/swift-frontend -frontend -emit-module -experimental-skip-non-inlinable-function-bodies-without-types /Users/runner/work/Reframe/Reframe/App/AutoReframe/AutoReframeApp.swift /Users/runner/work/Reframe/Reframe/App/AutoReframe/CameraService.swift /Users/runner/work/Reframe/Reframe/App/AutoReframe/CameraView.swift /Users/runner/work/Reframe/Reframe/App/AutoReframe/ContentView.swift /Users/runner/work/Reframe/Reframe/App/AutoReframe/Options.swift /Users/runner/work/Reframe/Reframe/App/AutoReframe/ProcessingModel.swift /Users/runner/work/Reframe/Reframe/App/AutoReframe/VideoFile.swift -target x86_64-apple-ios16.0-simulator -enable-objc-interop -sdk /Applications/Xcode_16.2.app/Contents/Developer/Platforms/iPhoneSimulator.platform/Developer/SDKs/iPhoneSimulator18.2.sdk -I /Users/runner/work/Reframe/Reframe/App/build/Build/Products/Debug-iphonesimulator -F /Users/runner/work/Reframe/Reframe/App/build/Build/Products/Debug-iphonesimulator/PackageFrameworks -F /Users/runner/work/Reframe/Reframe/App/build/Build/Products/Debug-iphonesimulator/PackageFrameworks -F /Users/runner/work/Reframe/Reframe/App/build/Build/Products/Debug-iphonesimulator -no-color-diagnostics -enable-testing -g -debug-info-format\=dwarf -dwarf-version\=4 -module-cache-path /Users/runner/work/Reframe/Reframe/App/build/ModuleCache.noindex -swift-version 5 -enforce-exclusivity\=checked -Onone -D DEBUG -serialize-debugging-options -const-gather-protocols-file /Users/runner/work/Reframe/Reframe/App/build/Build/Intermediates.noindex/AutoReframe.build/Debug-iphonesimulator/AutoReframe.build/Objects-normal/x86_64/AutoReframe_const_extract_protocols.json -enable-experimental-feature DebugDescriptionMacro -enable-experimental-feature OpaqueTypeErasure -enable-bare-slash-regex -empty-abi-descriptor -validate-clang-modules-once -clang-build-session-file /Users/runner/work/Reframe/Reframe/App/build/ModuleCache.noindex/Session.modulevalidation -Xcc -working-directory -Xcc /Users/runner/work/Reframe/Reframe/App -resource-dir /Applications/Xcode_16.2.app/Contents/Developer/Toolchains/XcodeDefault.xctoolchain/usr/lib/swift -enable-anonymous-context-mangled-names -file-compilation-dir /Users/runner/work/Reframe/Reframe/App -Xcc -D_LIBCPP_HARDENING_MODE\=_LIBCPP_HARDENING_MODE_DEBUG -Xcc -ivfsstatcache -Xcc /Users/runner/work/Reframe/Reframe/App/build/SDKStatCaches.noindex/iphonesimulator18.2-22C146-16b5fc1f628d844b188c57a1ba9d6a81.sdkstatcache -Xcc -I/Users/runner/work/Reframe/Reframe/App/build/Build/Intermediates.noindex/AutoReframe.build/Debug-iphonesimulator/AutoReframe.build/swift-overrides.hmap -Xcc -iquote -Xcc /Users/runner/work/Reframe/Reframe/App/build/Build/Intermediates.noindex/AutoReframe.build/Debug-iphonesimulator/AutoReframe.build/AutoReframe-generated-files.hmap -Xcc -I/Users/runner/work/Reframe/Reframe/App/build/Build/Intermediates.noindex/AutoReframe.build/Debug-iphonesimulator/AutoReframe.build/AutoReframe-own-target-headers.hmap -Xcc -I/Users/runner/work/Reframe/Reframe/App/build/Build/Intermediates.noindex/AutoReframe.build/Debug-iphonesimulator/AutoReframe.build/AutoReframe-all-non-framework-target-headers.hmap -Xcc -ivfsoverlay -Xcc /Users/runner/work/Reframe/Reframe/App/build/Build/Intermediates.noindex/AutoReframe.build/Debug-iphonesimulator/AutoReframe-80d5b118fb95dbd414767e04e4966aee-VFS-iphonesimulator/all-product-headers.yaml -Xcc -iquote -Xcc /Users/runner/work/Reframe/Reframe/App/build/Build/Intermediates.noindex/AutoReframe.build/Debug-iphonesimulator/AutoReframe.build/AutoReframe-project-headers.hmap -Xcc -I/Users/runner/work/Reframe/Reframe/App/build/Build/Products/Debug-iphonesimulator/include -Xcc -I/Users/runner/work/Reframe/Reframe/App/build/Build/Intermediates.noindex/AutoReframe.build/Debug-iphonesimulator/AutoReframe.build/DerivedSources-normal/x86_64 -Xcc -I/Users/runner/work/Reframe/Reframe/App/build/Build/Intermediates.noindex/AutoReframe.build/Debug-iphonesimulator/AutoReframe.build/DerivedSources/x86_64 -Xcc -I/Users/runner/work/Reframe/Reframe/App/build/Build/Intermediates.noindex/AutoReframe.build/Debug-iphonesimulator/AutoReframe.build/DerivedSources -Xcc -DDEBUG\=1 -module-name AutoReframe -frontend-parseable-output -disable-clang-spi -target-sdk-version 18.2 -target-sdk-name iphonesimulator18.2 -external-plugin-path /Applications/Xcode_16.2.app/Contents/Developer/Platforms/iPhoneOS.platform/Developer/usr/lib/swift/host/plugins\#/Applications/Xcode_16.2.app/Contents/Developer/Platforms/iPhoneOS.platform/Developer/usr/bin/swift-plugin-server -external-plugin-path /Applications/Xcode_16.2.app/Contents/Developer/Platforms/iPhoneOS.platform/Developer/usr/local/lib/swift/host/plugins\#/Applications/Xcode_16.2.app/Contents/Developer/Platforms/iPhoneOS.platform/Developer/usr/bin/swift-plugin-server -plugin-path /Applications/Xcode_16.2.app/Contents/Developer/Toolchains/XcodeDefault.xctoolchain/usr/lib/swift/host/plugins -plugin-path /Applications/Xcode_16.2.app/Contents/Developer/Toolchains/XcodeDefault.xctoolchain/usr/local/lib/swift/host/plugins -emit-module-doc-path /Users/runner/work/Reframe/Reframe/App/build/Build/Intermediates.noindex/AutoReframe.build/Debug-iphonesimulator/AutoReframe.build/Objects-normal/x86_64/AutoReframe.swiftdoc -emit-module-source-info-path /Users/runner/work/Reframe/Reframe/App/build/Build/Intermediates.noindex/AutoReframe.build/Debug-iphonesimulator/AutoReframe.build/Objects-normal/x86_64/AutoReframe.swiftsourceinfo -emit-objc-header-path /Users/runner/work/Reframe/Reframe/App/build/Build/Intermediates.noindex/AutoReframe.build/Debug-iphonesimulator/AutoReframe.build/Objects-normal/x86_64/AutoReframe-Swift.h -serialize-diagnostics-path /Users/runner/work/Reframe/Reframe/App/build/Build/Intermediates.noindex/AutoReframe.build/Debug-iphonesimulator/AutoReframe.build/Objects-normal/x86_64/AutoReframe-master-emit-module.dia -emit-dependencies-path /Users/runner/work/Reframe/Reframe/App/build/Build/Intermediates.noindex/AutoReframe.build/Debug-iphonesimulator/AutoReframe.build/Objects-normal/x86_64/AutoReframe-master-emit-module.d -o /Users/runner/work/Reframe/Reframe/App/build/Build/Intermediates.noindex/AutoReframe.build/Debug-iphonesimulator/AutoReframe.build/Objects-normal/x86_64/AutoReframe.swiftmodule -emit-abi-descriptor-path /Users/runner/work/Reframe/Reframe/App/build/Build/Intermediates.noindex/AutoReframe.build/Debug-iphonesimulator/AutoReframe.build/Objects-normal/x86_64/AutoReframe.abi.json
EmitSwiftModule normal x86_64 (in target 'AutoReframe' from project 'AutoReframe')
    cd /Users/runner/work/Reframe/Reframe/App
    /Applications/Xcode_16.2.app/Contents/Developer/Toolchains/XcodeDefault.xctoolchain/usr/bin/swift-frontend -emit-module -experimental-skip-non-inlinable-function-bodies-without-types /Users/runner/work/Reframe/Reframe/App/AutoReframe/AutoReframeApp.swift /Users/runner/work/Reframe/Reframe/App/AutoReframe/CameraService.swift /Users/runner/work/Reframe/Reframe/App/AutoReframe/CameraView.swift /Users/runner/work/Reframe/Reframe/App/AutoReframe/ContentView.swift /Users/runner/work/Reframe/Reframe/App/AutoReframe/Options.swift /Users/runner/work/Reframe/Reframe/App/AutoReframe/ProcessingModel.swift /Users/runner/work/Reframe/Reframe/App/AutoReframe/VideoFile.swift -target x86_64-apple-ios16.0-simulator -enable-objc-interop -sdk /Applications/Xcode_16.2.app/Contents/Developer/Platforms/iPhoneSimulator.platform/Developer/SDKs/iPhoneSimulator18.2.sdk -I /Users/runner/work/Reframe/Reframe/App/build/Build/Products/Debug-iphonesimulator -F /Users/runner/work/Reframe/Reframe/App/build/Build/Products/Debug-iphonesimulator/PackageFrameworks -F /Users/runner/work/Reframe/Reframe/App/build/Build/Products/Debug-iphonesimulator/PackageFrameworks -F /Users/runner/work/Reframe/Reframe/App/build/Build/Products/Debug-iphonesimulator -no-color-diagnostics -enable-testing -g -debug-info-format\=dwarf -dwarf-version\=4 -module-cache-path /Users/runner/work/Reframe/Reframe/App/build/ModuleCache.noindex -swift-version 5 -enforce-exclusivity\=checked -Onone -D DEBUG -serialize-debugging-options -const-gather-protocols-file /Users/runner/work/Reframe/Reframe/App/build/Build/Intermediates.noindex/AutoReframe.build/Debug-iphonesimulator/AutoReframe.build/Objects-normal/x86_64/AutoReframe_const_extract_protocols.json -enable-experimental-feature DebugDescriptionMacro -enable-experimental-feature OpaqueTypeErasure -enable-bare-slash-regex -empty-abi-descriptor -validate-clang-modules-once -clang-build-session-file /Users/runner/work/Reframe/Reframe/App/build/ModuleCache.noindex/Session.modulevalidation -Xcc -working-directory -Xcc /Users/runner/work/Reframe/Reframe/App -resource-dir /Applications/Xcode_16.2.app/Contents/Developer/Toolchains/XcodeDefault.xctoolchain/usr/lib/swift -enable-anonymous-context-mangled-names -file-compilation-dir /Users/runner/work/Reframe/Reframe/App -Xcc -D_LIBCPP_HARDENING_MODE\=_LIBCPP_HARDENING_MODE_DEBUG -Xcc -ivfsstatcache -Xcc /Users/runner/work/Reframe/Reframe/App/build/SDKStatCaches.noindex/iphonesimulator18.2-22C146-16b5fc1f628d844b188c57a1ba9d6a81.sdkstatcache -Xcc -I/Users/runner/work/Reframe/Reframe/App/build/Build/Intermediates.noindex/AutoReframe.build/Debug-iphonesimulator/AutoReframe.build/swift-overrides.hmap -Xcc -iquote -Xcc /Users/runner/work/Reframe/Reframe/App/build/Build/Intermediates.noindex/AutoReframe.build/Debug-iphonesimulator/AutoReframe.build/AutoReframe-generated-files.hmap -Xcc -I/Users/runner/work/Reframe/Reframe/App/build/Build/Intermediates.noindex/AutoReframe.build/Debug-iphonesimulator/AutoReframe.build/AutoReframe-own-target-headers.hmap -Xcc -I/Users/runner/work/Reframe/Reframe/App/build/Build/Intermediates.noindex/AutoReframe.build/Debug-iphonesimulator/AutoReframe.build/AutoReframe-all-non-framework-target-headers.hmap -Xcc -ivfsoverlay -Xcc /Users/runner/work/Reframe/Reframe/App/build/Build/Intermediates.noindex/AutoReframe.build/Debug-iphonesimulator/AutoReframe-80d5b118fb95dbd414767e04e4966aee-VFS-iphonesimulator/all-product-headers.yaml -Xcc -iquote -Xcc /Users/runner/work/Reframe/Reframe/App/build/Build/Intermediates.noindex/AutoReframe.build/Debug-iphonesimulator/AutoReframe.build/AutoReframe-project-headers.hmap -Xcc -I/Users/runner/work/Reframe/Reframe/App/build/Build/Products/Debug-iphonesimulator/include -Xcc -I/Users/runner/work/Reframe/Reframe/App/build/Build/Intermediates.noindex/AutoReframe.build/Debug-iphonesimulator/AutoReframe.build/DerivedSources-normal/x86_64 -Xcc -I/Users/runner/work/Reframe/Reframe/App/build/Build/Intermediates.noindex/AutoReframe.build/Debug-iphonesimulator/AutoReframe.build/DerivedSources/x86_64 -Xcc -I/Users/runner/work/Reframe/Reframe/App/build/Build/Intermediates.noindex/AutoReframe.build/Debug-iphonesimulator/AutoReframe.build/DerivedSources -Xcc -DDEBUG\=1 -module-name AutoReframe -frontend-parseable-output -disable-clang-spi -target-sdk-version 18.2 -target-sdk-name iphonesimulator18.2 -external-plugin-path /Applications/Xcode_16.2.app/Contents/Developer/Platforms/iPhoneOS.platform/Developer/usr/lib/swift/host/plugins\#/Applications/Xcode_16.2.app/Contents/Developer/Platforms/iPhoneOS.platform/Developer/usr/bin/swift-plugin-server -external-plugin-path /Applications/Xcode_16.2.app/Contents/Developer/Platforms/iPhoneOS.platform/Developer/usr/local/lib/swift/host/plugins\#/Applications/Xcode_16.2.app/Contents/Developer/Platforms/iPhoneOS.platform/Developer/usr/bin/swift-plugin-server -plugin-path /Applications/Xcode_16.2.app/Contents/Developer/Toolchains/XcodeDefault.xctoolchain/usr/lib/swift/host/plugins -plugin-path /Applications/Xcode_16.2.app/Contents/Developer/Toolchains/XcodeDefault.xctoolchain/usr/local/lib/swift/host/plugins -emit-module-doc-path /Users/runner/work/Reframe/Reframe/App/build/Build/Intermediates.noindex/AutoReframe.build/Debug-iphonesimulator/AutoReframe.build/Objects-normal/x86_64/AutoReframe.swiftdoc -emit-module-source-info-path /Users/runner/work/Reframe/Reframe/App/build/Build/Intermediates.noindex/AutoReframe.build/Debug-iphonesimulator/AutoReframe.build/Objects-normal/x86_64/AutoReframe.swiftsourceinfo -emit-objc-header-path /Users/runner/work/Reframe/Reframe/App/build/Build/Intermediates.noindex/AutoReframe.build/Debug-iphonesimulator/AutoReframe.build/Objects-normal/x86_64/AutoReframe-Swift.h -serialize-diagnostics-path /Users/runner/work/Reframe/Reframe/App/build/Build/Intermediates.noindex/AutoReframe.build/Debug-iphonesimulator/AutoReframe.build/Objects-normal/x86_64/AutoReframe-master-emit-module.dia -emit-dependencies-path /Users/runner/work/Reframe/Reframe/App/build/Build/Intermediates.noindex/AutoReframe.build/Debug-iphonesimulator/AutoReframe.build/Objects-normal/x86_64/AutoReframe-master-emit-module.d -o /Users/runner/work/Reframe/Reframe/App/build/Build/Intermediates.noindex/AutoReframe.build/Debug-iphonesimulator/AutoReframe.build/Objects-normal/x86_64/AutoReframe.swiftmodule -emit-abi-descriptor-path /Users/runner/work/Reframe/Reframe/App/build/Build/Intermediates.noindex/AutoReframe.build/Debug-iphonesimulator/AutoReframe.build/Objects-normal/x86_64/AutoReframe.abi.json

SwiftDriverJobDiscovery normal arm64 Compiling BoxMath.swift, DisplayMapping.swift, Timestamps.swift, VisionCoordinates.swift, CommandLineOptions.swift, TrackingReport.swift (in target 'TrackingKit' from project 'ReframeCore')

SwiftEmitModule normal arm64 Emitting\ module\ for\ AutoReframe (in target 'AutoReframe' from project 'AutoReframe')
    cd /Users/runner/work/Reframe/Reframe/App
    builtin-swiftTaskExecution -- /Applications/Xcode_16.2.app/Contents/Developer/Toolchains/XcodeDefault.xctoolchain/usr/bin/swift-frontend -frontend -emit-module -experimental-skip-non-inlinable-function-bodies-without-types /Users/runner/work/Reframe/Reframe/App/AutoReframe/AutoReframeApp.swift /Users/runner/work/Reframe/Reframe/App/AutoReframe/CameraService.swift /Users/runner/work/Reframe/Reframe/App/AutoReframe/CameraView.swift /Users/runner/work/Reframe/Reframe/App/AutoReframe/ContentView.swift /Users/runner/work/Reframe/Reframe/App/AutoReframe/Options.swift /Users/runner/work/Reframe/Reframe/App/AutoReframe/ProcessingModel.swift /Users/runner/work/Reframe/Reframe/App/AutoReframe/VideoFile.swift -target arm64-apple-ios16.0-simulator -Xllvm -aarch64-use-tbi -enable-objc-interop -sdk /Applications/Xcode_16.2.app/Contents/Developer/Platforms/iPhoneSimulator.platform/Developer/SDKs/iPhoneSimulator18.2.sdk -I /Users/runner/work/Reframe/Reframe/App/build/Build/Products/Debug-iphonesimulator -F /Users/runner/work/Reframe/Reframe/App/build/Build/Products/Debug-iphonesimulator/PackageFrameworks -F /Users/runner/work/Reframe/Reframe/App/build/Build/Products/Debug-iphonesimulator/PackageFrameworks -F /Users/runner/work/Reframe/Reframe/App/build/Build/Products/Debug-iphonesimulator -no-color-diagnostics -enable-testing -g -debug-info-format\=dwarf -dwarf-version\=4 -module-cache-path /Users/runner/work/Reframe/Reframe/App/build/ModuleCache.noindex -swift-version 5 -enforce-exclusivity\=checked -Onone -D DEBUG -serialize-debugging-options -const-gather-protocols-file /Users/runner/work/Reframe/Reframe/App/build/Build/Intermediates.noindex/AutoReframe.build/Debug-iphonesimulator/AutoReframe.build/Objects-normal/arm64/AutoReframe_const_extract_protocols.json -enable-experimental-feature DebugDescriptionMacro -enable-experimental-feature OpaqueTypeErasure -enable-bare-slash-regex -empty-abi-descriptor -validate-clang-modules-once -clang-build-session-file /Users/runner/work/Reframe/Reframe/App/build/ModuleCache.noindex/Session.modulevalidation -Xcc -working-directory -Xcc /Users/runner/work/Reframe/Reframe/App -resource-dir /Applications/Xcode_16.2.app/Contents/Developer/Toolchains/XcodeDefault.xctoolchain/usr/lib/swift -enable-anonymous-context-mangled-names -file-compilation-dir /Users/runner/work/Reframe/Reframe/App -Xcc -D_LIBCPP_HARDENING_MODE\=_LIBCPP_HARDENING_MODE_DEBUG -Xcc -ivfsstatcache -Xcc /Users/runner/work/Reframe/Reframe/App/build/SDKStatCaches.noindex/iphonesimulator18.2-22C146-16b5fc1f628d844b188c57a1ba9d6a81.sdkstatcache -Xcc -I/Users/runner/work/Reframe/Reframe/App/build/Build/Intermediates.noindex/AutoReframe.build/Debug-iphonesimulator/AutoReframe.build/swift-overrides.hmap -Xcc -iquote -Xcc /Users/runner/work/Reframe/Reframe/App/build/Build/Intermediates.noindex/AutoReframe.build/Debug-iphonesimulator/AutoReframe.build/AutoReframe-generated-files.hmap -Xcc -I/Users/runner/work/Reframe/Reframe/App/build/Build/Intermediates.noindex/AutoReframe.build/Debug-iphonesimulator/AutoReframe.build/AutoReframe-own-target-headers.hmap -Xcc -I/Users/runner/work/Reframe/Reframe/App/build/Build/Intermediates.noindex/AutoReframe.build/Debug-iphonesimulator/AutoReframe.build/AutoReframe-all-non-framework-target-headers.hmap -Xcc -ivfsoverlay -Xcc /Users/runner/work/Reframe/Reframe/App/build/Build/Intermediates.noindex/AutoReframe.build/Debug-iphonesimulator/AutoReframe-80d5b118fb95dbd414767e04e4966aee-VFS-iphonesimulator/all-product-headers.yaml -Xcc -iquote -Xcc /Users/runner/work/Reframe/Reframe/App/build/Build/Intermediates.noindex/AutoReframe.build/Debug-iphonesimulator/AutoReframe.build/AutoReframe-project-headers.hmap -Xcc -I/Users/runner/work/Reframe/Reframe/App/build/Build/Products/Debug-iphonesimulator/include -Xcc -I/Users/runner/work/Reframe/Reframe/App/build/Build/Intermediates.noindex/AutoReframe.build/Debug-iphonesimulator/AutoReframe.build/DerivedSources-normal/arm64 -Xcc -I/Users/runner/work/Reframe/Reframe/App/build/Build/Intermediates.noindex/AutoReframe.build/Debug-iphonesimulator/AutoReframe.build/DerivedSources/arm64 -Xcc -I/Users/runner/work/Reframe/Reframe/App/build/Build/Intermediates.noindex/AutoReframe.build/Debug-iphonesimulator/AutoReframe.build/DerivedSources -Xcc -DDEBUG\=1 -module-name AutoReframe -frontend-parseable-output -disable-clang-spi -target-sdk-version 18.2 -target-sdk-name iphonesimulator18.2 -external-plugin-path /Applications/Xcode_16.2.app/Contents/Developer/Platforms/iPhoneOS.platform/Developer/usr/lib/swift/host/plugins\#/Applications/Xcode_16.2.app/Contents/Developer/Platforms/iPhoneOS.platform/Developer/usr/bin/swift-plugin-server -external-plugin-path /Applications/Xcode_16.2.app/Contents/Developer/Platforms/iPhoneOS.platform/Developer/usr/local/lib/swift/host/plugins\#/Applications/Xcode_16.2.app/Contents/Developer/Platforms/iPhoneOS.platform/Developer/usr/bin/swift-plugin-server -plugin-path /Applications/Xcode_16.2.app/Contents/Developer/Toolchains/XcodeDefault.xctoolchain/usr/lib/swift/host/plugins -plugin-path /Applications/Xcode_16.2.app/Contents/Developer/Toolchains/XcodeDefault.xctoolchain/usr/local/lib/swift/host/plugins -emit-module-doc-path /Users/runner/work/Reframe/Reframe/App/build/Build/Intermediates.noindex/AutoReframe.build/Debug-iphonesimulator/AutoReframe.build/Objects-normal/arm64/AutoReframe.swiftdoc -emit-module-source-info-path /Users/runner/work/Reframe/Reframe/App/build/Build/Intermediates.noindex/AutoReframe.build/Debug-iphonesimulator/AutoReframe.build/Objects-normal/arm64/AutoReframe.swiftsourceinfo -emit-objc-header-path /Users/runner/work/Reframe/Reframe/App/build/Build/Intermediates.noindex/AutoReframe.build/Debug-iphonesimulator/AutoReframe.build/Objects-normal/arm64/AutoReframe-Swift.h -serialize-diagnostics-path /Users/runner/work/Reframe/Reframe/App/build/Build/Intermediates.noindex/AutoReframe.build/Debug-iphonesimulator/AutoReframe.build/Objects-normal/arm64/AutoReframe-master-emit-module.dia -emit-dependencies-path /Users/runner/work/Reframe/Reframe/App/build/Build/Intermediates.noindex/AutoReframe.build/Debug-iphonesimulator/AutoReframe.build/Objects-normal/arm64/AutoReframe-master-emit-module.d -o /Users/runner/work/Reframe/Reframe/App/build/Build/Intermediates.noindex/AutoReframe.build/Debug-iphonesimulator/AutoReframe.build/Objects-normal/arm64/AutoReframe.swiftmodule -emit-abi-descriptor-path /Users/runner/work/Reframe/Reframe/App/build/Build/Intermediates.noindex/AutoReframe.build/Debug-iphonesimulator/AutoReframe.build/Objects-normal/arm64/AutoReframe.abi.json

EmitSwiftModule normal arm64 (in target 'AutoReframe' from project 'AutoReframe')
    cd /Users/runner/work/Reframe/Reframe/App
    /Applications/Xcode_16.2.app/Contents/Developer/Toolchains/XcodeDefault.xctoolchain/usr/bin/swift-frontend -emit-module -experimental-skip-non-inlinable-function-bodies-without-types /Users/runner/work/Reframe/Reframe/App/AutoReframe/AutoReframeApp.swift /Users/runner/work/Reframe/Reframe/App/AutoReframe/CameraService.swift /Users/runner/work/Reframe/Reframe/App/AutoReframe/CameraView.swift /Users/runner/work/Reframe/Reframe/App/AutoReframe/ContentView.swift /Users/runner/work/Reframe/Reframe/App/AutoReframe/Options.swift /Users/runner/work/Reframe/Reframe/App/AutoReframe/ProcessingModel.swift /Users/runner/work/Reframe/Reframe/App/AutoReframe/VideoFile.swift -target arm64-apple-ios16.0-simulator -Xllvm -aarch64-use-tbi -enable-objc-interop -sdk /Applications/Xcode_16.2.app/Contents/Developer/Platforms/iPhoneSimulator.platform/Developer/SDKs/iPhoneSimulator18.2.sdk -I /Users/runner/work/Reframe/Reframe/App/build/Build/Products/Debug-iphonesimulator -F /Users/runner/work/Reframe/Reframe/App/build/Build/Products/Debug-iphonesimulator/PackageFrameworks -F /Users/runner/work/Reframe/Reframe/App/build/Build/Products/Debug-iphonesimulator/PackageFrameworks -F /Users/runner/work/Reframe/Reframe/App/build/Build/Products/Debug-iphonesimulator -no-color-diagnostics -enable-testing -g -debug-info-format\=dwarf -dwarf-version\=4 -module-cache-path /Users/runner/work/Reframe/Reframe/App/build/ModuleCache.noindex -swift-version 5 -enforce-exclusivity\=checked -Onone -D DEBUG -serialize-debugging-options -const-gather-protocols-file /Users/runner/work/Reframe/Reframe/App/build/Build/Intermediates.noindex/AutoReframe.build/Debug-iphonesimulator/AutoReframe.build/Objects-normal/arm64/AutoReframe_const_extract_protocols.json -enable-experimental-feature DebugDescriptionMacro -enable-experimental-feature OpaqueTypeErasure -enable-bare-slash-regex -empty-abi-descriptor -validate-clang-modules-once -clang-build-session-file /Users/runner/work/Reframe/Reframe/App/build/ModuleCache.noindex/Session.modulevalidation -Xcc -working-directory -Xcc /Users/runner/work/Reframe/Reframe/App -resource-dir /Applications/Xcode_16.2.app/Contents/Developer/Toolchains/XcodeDefault.xctoolchain/usr/lib/swift -enable-anonymous-context-mangled-names -file-compilation-dir /Users/runner/work/Reframe/Reframe/App -Xcc -D_LIBCPP_HARDENING_MODE\=_LIBCPP_HARDENING_MODE_DEBUG -Xcc -ivfsstatcache -Xcc /Users/runner/work/Reframe/Reframe/App/build/SDKStatCaches.noindex/iphonesimulator18.2-22C146-16b5fc1f628d844b188c57a1ba9d6a81.sdkstatcache -Xcc -I/Users/runner/work/Reframe/Reframe/App/build/Build/Intermediates.noindex/AutoReframe.build/Debug-iphonesimulator/AutoReframe.build/swift-overrides.hmap -Xcc -iquote -Xcc /Users/runner/work/Reframe/Reframe/App/build/Build/Intermediates.noindex/AutoReframe.build/Debug-iphonesimulator/AutoReframe.build/AutoReframe-generated-files.hmap -Xcc -I/Users/runner/work/Reframe/Reframe/App/build/Build/Intermediates.noindex/AutoReframe.build/Debug-iphonesimulator/AutoReframe.build/AutoReframe-own-target-headers.hmap -Xcc -I/Users/runner/work/Reframe/Reframe/App/build/Build/Intermediates.noindex/AutoReframe.build/Debug-iphonesimulator/AutoReframe.build/AutoReframe-all-non-framework-target-headers.hmap -Xcc -ivfsoverlay -Xcc /Users/runner/work/Reframe/Reframe/App/build/Build/Intermediates.noindex/AutoReframe.build/Debug-iphonesimulator/AutoReframe-80d5b118fb95dbd414767e04e4966aee-VFS-iphonesimulator/all-product-headers.yaml -Xcc -iquote -Xcc /Users/runner/work/Reframe/Reframe/App/build/Build/Intermediates.noindex/AutoReframe.build/Debug-iphonesimulator/AutoReframe.build/AutoReframe-project-headers.hmap -Xcc -I/Users/runner/work/Reframe/Reframe/App/build/Build/Products/Debug-iphonesimulator/include -Xcc -I/Users/runner/work/Reframe/Reframe/App/build/Build/Intermediates.noindex/AutoReframe.build/Debug-iphonesimulator/AutoReframe.build/DerivedSources-normal/arm64 -Xcc -I/Users/runner/work/Reframe/Reframe/App/build/Build/Intermediates.noindex/AutoReframe.build/Debug-iphonesimulator/AutoReframe.build/DerivedSources/arm64 -Xcc -I/Users/runner/work/Reframe/Reframe/App/build/Build/Intermediates.noindex/AutoReframe.build/Debug-iphonesimulator/AutoReframe.build/DerivedSources -Xcc -DDEBUG\=1 -module-name AutoReframe -frontend-parseable-output -disable-clang-spi -target-sdk-version 18.2 -target-sdk-name iphonesimulator18.2 -external-plugin-path /Applications/Xcode_16.2.app/Contents/Developer/Platforms/iPhoneOS.platform/Developer/usr/lib/swift/host/plugins\#/Applications/Xcode_16.2.app/Contents/Developer/Platforms/iPhoneOS.platform/Developer/usr/bin/swift-plugin-server -external-plugin-path /Applications/Xcode_16.2.app/Contents/Developer/Platforms/iPhoneOS.platform/Developer/usr/local/lib/swift/host/plugins\#/Applications/Xcode_16.2.app/Contents/Developer/Platforms/iPhoneOS.platform/Developer/usr/bin/swift-plugin-server -plugin-path /Applications/Xcode_16.2.app/Contents/Developer/Toolchains/XcodeDefault.xctoolchain/usr/lib/swift/host/plugins -plugin-path /Applications/Xcode_16.2.app/Contents/Developer/Toolchains/XcodeDefault.xctoolchain/usr/local/lib/swift/host/plugins -emit-module-doc-path /Users/runner/work/Reframe/Reframe/App/build/Build/Intermediates.noindex/AutoReframe.build/Debug-iphonesimulator/AutoReframe.build/Objects-normal/arm64/AutoReframe.swiftdoc -emit-module-source-info-path /Users/runner/work/Reframe/Reframe/App/build/Build/Intermediates.noindex/AutoReframe.build/Debug-iphonesimulator/AutoReframe.build/Objects-normal/arm64/AutoReframe.swiftsourceinfo -emit-objc-header-path /Users/runner/work/Reframe/Reframe/App/build/Build/Intermediates.noindex/AutoReframe.build/Debug-iphonesimulator/AutoReframe.build/Objects-normal/arm64/AutoReframe-Swift.h -serialize-diagnostics-path /Users/runner/work/Reframe/Reframe/App/build/Build/Intermediates.noindex/AutoReframe.build/Debug-iphonesimulator/AutoReframe.build/Objects-normal/arm64/AutoReframe-master-emit-module.dia -emit-dependencies-path /Users/runner/work/Reframe/Reframe/App/build/Build/Intermediates.noindex/AutoReframe.build/Debug-iphonesimulator/AutoReframe.build/Objects-normal/arm64/AutoReframe-master-emit-module.d -o /Users/runner/work/Reframe/Reframe/App/build/Build/Intermediates.noindex/AutoReframe.build/Debug-iphonesimulator/AutoReframe.build/Objects-normal/arm64/AutoReframe.swiftmodule -emit-abi-descriptor-path /Users/runner/work/Reframe/Reframe/App/build/Build/Intermediates.noindex/AutoReframe.build/Debug-iphonesimulator/AutoReframe.build/Objects-normal/arm64/AutoReframe.abi.json

SwiftDriverJobDiscovery normal x86_64 Compiling DebugVideoWriter.swift, PersonPreview.swift, TrackingPipeline.swift, VideoFrameReader.swift, VisionComponents.swift (in target 'TrackingKit' from project 'ReframeCore')

SwiftDriver\ Compilation TrackingKit normal arm64 com.apple.xcode.tools.swift.compiler (in target 'TrackingKit' from project 'ReframeCore')
    cd /Users/runner/work/Reframe/Reframe/App/AutoReframe.xcodeproj
    builtin-Swift-Compilation -- /Applications/Xcode_16.2.app/Contents/Developer/Toolchains/XcodeDefault.xctoolchain/usr/bin/swiftc -module-name TrackingKit -Onone -enforce-exclusivity\=checked @/Users/runner/work/Reframe/Reframe/App/build/Build/Intermediates.noindex/ReframeCore.build/Debug-iphonesimulator/TrackingKit.build/Objects-normal/arm64/TrackingKit.SwiftFileList -DSWIFT_PACKAGE -DDEBUG -DXcode -plugin-path /Applications/Xcode_16.2.app/Contents/Developer/Toolchains/XcodeDefault.xctoolchain/usr/lib/swift/host/plugins/testing -enable-experimental-feature DebugDescriptionMacro -sdk /Applications/Xcode_16.2.app/Contents/Developer/Platforms/iPhoneSimulator.platform/Developer/SDKs/iPhoneSimulator18.2.sdk -target arm64-apple-ios16.0-simulator -g -module-cache-path /Users/runner/work/Reframe/Reframe/App/build/ModuleCache.noindex -Xfrontend -serialize-debugging-options -enable-testing -index-store-path /Users/runner/work/Reframe/Reframe/App/build/Index.noindex/DataStore -enable-experimental-feature OpaqueTypeErasure -Xcc -D_LIBCPP_HARDENING_MODE\=_LIBCPP_HARDENING_MODE_DEBUG -swift-version 5 -I /Users/runner/work/Reframe/Reframe/App/build/Build/Products/Debug-iphonesimulator -I /Applications/Xcode_16.2.app/Contents/Developer/Platforms/iPhoneSimulator.platform/Developer/usr/lib -F /Users/runner/work/Reframe/Reframe/App/build/Build/Products/Debug-iphonesimulator/PackageFrameworks -F /Users/runner/work/Reframe/Reframe/App/build/Build/Products/Debug-iphonesimulator -F /Applications/Xcode_16.2.app/Contents/Developer/Platforms/iPhoneSimulator.platform/Developer/Library/Frameworks -F /Applications/Xcode_16.2.app/Contents/Developer/Platforms/iPhoneSimulator.platform/Developer/SDKs/iPhoneSimulator18.2.sdk/Developer/Library/Frameworks -c -j3 -enable-batch-mode -incremental -Xcc -ivfsstatcache -Xcc /Users/runner/work/Reframe/Reframe/App/build/SDKStatCaches.noindex/iphonesimulator18.2-22C146-16b5fc1f628d844b188c57a1ba9d6a81.sdkstatcache -output-file-map /Users/runner/work/Reframe/Reframe/App/build/Build/Intermediates.noindex/ReframeCore.build/Debug-iphonesimulator/TrackingKit.build/Objects-normal/arm64/TrackingKit-OutputFileMap.json -use-frontend-parseable-output -save-temps -no-color-diagnostics -serialize-diagnostics -emit-dependencies -emit-module -emit-module-path /Users/runner/work/Reframe/Reframe/App/build/Build/Intermediates.noindex/ReframeCore.build/Debug-iphonesimulator/TrackingKit.build/Objects-normal/arm64/TrackingKit.swiftmodule -validate-clang-modules-once -clang-build-session-file /Users/runner/work/Reframe/Reframe/App/build/ModuleCache.noindex/Session.modulevalidation -package-name reframecore -Xcc -I/Users/runner/work/Reframe/Reframe/App/build/Build/Intermediates.noindex/ReframeCore.build/Debug-iphonesimulator/TrackingKit.build/swift-overrides.hmap -emit-const-values -Xfrontend -const-gather-protocols-file -Xfrontend /Users/runner/work/Reframe/Reframe/App/build/Build/Intermediates.noindex/ReframeCore.build/Debug-iphonesimulator/TrackingKit.build/Objects-normal/arm64/TrackingKit_const_extract_protocols.json -Xcc -I/Users/runner/work/Reframe/Reframe/App/build/Build/Products/Debug-iphonesimulator/include -Xcc -I/Users/runner/work/Reframe/Reframe/App/build/Build/Intermediates.noindex/ReframeCore.build/Debug-iphonesimulator/TrackingKit.build/DerivedSources-normal/arm64 -Xcc -I/Users/runner/work/Reframe/Reframe/App/build/Build/Intermediates.noindex/ReframeCore.build/Debug-iphonesimulator/TrackingKit.build/DerivedSources/arm64 -Xcc -I/Users/runner/work/Reframe/Reframe/App/build/Build/Intermediates.noindex/ReframeCore.build/Debug-iphonesimulator/TrackingKit.build/DerivedSources -Xcc -DSWIFT_PACKAGE -Xcc -DDEBUG\=1 -emit-objc-header -emit-objc-header-path /Users/runner/work/Reframe/Reframe/App/build/Build/Intermediates.noindex/ReframeCore.build/Debug-iphonesimulator/TrackingKit.build/Objects-normal/arm64/TrackingKit-Swift.h -working-directory /Users/runner/work/Reframe/Reframe/App/AutoReframe.xcodeproj -experimental-emit-module-separately -disable-cmo

SwiftDriver\ Compilation TrackingKit normal x86_64 com.apple.xcode.tools.swift.compiler (in target 'TrackingKit' from project 'ReframeCore')
    cd /Users/runner/work/Reframe/Reframe/App/AutoReframe.xcodeproj
    builtin-Swift-Compilation -- /Applications/Xcode_16.2.app/Contents/Developer/Toolchains/XcodeDefault.xctoolchain/usr/bin/swiftc -module-name TrackingKit -Onone -enforce-exclusivity\=checked @/Users/runner/work/Reframe/Reframe/App/build/Build/Intermediates.noindex/ReframeCore.build/Debug-iphonesimulator/TrackingKit.build/Objects-normal/x86_64/TrackingKit.SwiftFileList -DSWIFT_PACKAGE -DDEBUG -DXcode -plugin-path /Applications/Xcode_16.2.app/Contents/Developer/Toolchains/XcodeDefault.xctoolchain/usr/lib/swift/host/plugins/testing -enable-experimental-feature DebugDescriptionMacro -sdk /Applications/Xcode_16.2.app/Contents/Developer/Platforms/iPhoneSimulator.platform/Developer/SDKs/iPhoneSimulator18.2.sdk -target x86_64-apple-ios16.0-simulator -g -module-cache-path /Users/runner/work/Reframe/Reframe/App/build/ModuleCache.noindex -Xfrontend -serialize-debugging-options -enable-testing -index-store-path /Users/runner/work/Reframe/Reframe/App/build/Index.noindex/DataStore -enable-experimental-feature OpaqueTypeErasure -Xcc -D_LIBCPP_HARDENING_MODE\=_LIBCPP_HARDENING_MODE_DEBUG -swift-version 5 -I /Users/runner/work/Reframe/Reframe/App/build/Build/Products/Debug-iphonesimulator -I /Applications/Xcode_16.2.app/Contents/Developer/Platforms/iPhoneSimulator.platform/Developer/usr/lib -F /Users/runner/work/Reframe/Reframe/App/build/Build/Products/Debug-iphonesimulator/PackageFrameworks -F /Users/runner/work/Reframe/Reframe/App/build/Build/Products/Debug-iphonesimulator -F /Applications/Xcode_16.2.app/Contents/Developer/Platforms/iPhoneSimulator.platform/Developer/Library/Frameworks -F /Applications/Xcode_16.2.app/Contents/Developer/Platforms/iPhoneSimulator.platform/Developer/SDKs/iPhoneSimulator18.2.sdk/Developer/Library/Frameworks -c -j3 -enable-batch-mode -incremental -Xcc -ivfsstatcache -Xcc /Users/runner/work/Reframe/Reframe/App/build/SDKStatCaches.noindex/iphonesimulator18.2-22C146-16b5fc1f628d844b188c57a1ba9d6a81.sdkstatcache -output-file-map /Users/runner/work/Reframe/Reframe/App/build/Build/Intermediates.noindex/ReframeCore.build/Debug-iphonesimulator/TrackingKit.build/Objects-normal/x86_64/TrackingKit-OutputFileMap.json -use-frontend-parseable-output -save-temps -no-color-diagnostics -serialize-diagnostics -emit-dependencies -emit-module -emit-module-path /Users/runner/work/Reframe/Reframe/App/build/Build/Intermediates.noindex/ReframeCore.build/Debug-iphonesimulator/TrackingKit.build/Objects-normal/x86_64/TrackingKit.swiftmodule -validate-clang-modules-once -clang-build-session-file /Users/runner/work/Reframe/Reframe/App/build/ModuleCache.noindex/Session.modulevalidation -package-name reframecore -Xcc -I/Users/runner/work/Reframe/Reframe/App/build/Build/Intermediates.noindex/ReframeCore.build/Debug-iphonesimulator/TrackingKit.build/swift-overrides.hmap -emit-const-values -Xfrontend -const-gather-protocols-file -Xfrontend /Users/runner/work/Reframe/Reframe/App/build/Build/Intermediates.noindex/ReframeCore.build/Debug-iphonesimulator/TrackingKit.build/Objects-normal/x86_64/TrackingKit_const_extract_protocols.json -Xcc -I/Users/runner/work/Reframe/Reframe/App/build/Build/Products/Debug-iphonesimulator/include -Xcc -I/Users/runner/work/Reframe/Reframe/App/build/Build/Intermediates.noindex/ReframeCore.build/Debug-iphonesimulator/TrackingKit.build/DerivedSources-normal/x86_64 -Xcc -I/Users/runner/work/Reframe/Reframe/App/build/Build/Intermediates.noindex/ReframeCore.build/Debug-iphonesimulator/TrackingKit.build/DerivedSources/x86_64 -Xcc -I/Users/runner/work/Reframe/Reframe/App/build/Build/Intermediates.noindex/ReframeCore.build/Debug-iphonesimulator/TrackingKit.build/DerivedSources -Xcc -DSWIFT_PACKAGE -Xcc -DDEBUG\=1 -emit-objc-header -emit-objc-header-path /Users/runner/work/Reframe/Reframe/App/build/Build/Intermediates.noindex/ReframeCore.build/Debug-iphonesimulator/TrackingKit.build/Objects-normal/x86_64/TrackingKit-Swift.h -working-directory /Users/runner/work/Reframe/Reframe/App/AutoReframe.xcodeproj -experimental-emit-module-separately -disable-cmo

RegisterExecutionPolicyException /Users/runner/work/Reframe/Reframe/App/build/Build/Products/Debug-iphonesimulator/ReframeCore.o (in target 'ReframeCore' from project 'ReframeCore')
    cd /Users/runner/work/Reframe/Reframe/Packages/ReframeCore
    builtin-RegisterExecutionPolicyException /Users/runner/work/Reframe/Reframe/App/build/Build/Products/Debug-iphonesimulator/ReframeCore.o

SwiftCompile normal arm64 Compiling\ ProcessingModel.swift,\ VideoFile.swift /Users/runner/work/Reframe/Reframe/App/AutoReframe/ProcessingModel.swift /Users/runner/work/Reframe/Reframe/App/AutoReframe/VideoFile.swift (in target 'AutoReframe' from project 'AutoReframe')
    cd /Users/runner/work/Reframe/Reframe/App
    builtin-swiftTaskExecution -- /Applications/Xcode_16.2.app/Contents/Developer/Toolchains/XcodeDefault.xctoolchain/usr/bin/swift-frontend -frontend -c /Users/runner/work/Reframe/Reframe/App/AutoReframe/AutoReframeApp.swift /Users/runner/work/Reframe/Reframe/App/AutoReframe/CameraService.swift /Users/runner/work/Reframe/Reframe/App/AutoReframe/CameraView.swift /Users/runner/work/Reframe/Reframe/App/AutoReframe/ContentView.swift /Users/runner/work/Reframe/Reframe/App/AutoReframe/Options.swift -primary-file /Users/runner/work/Reframe/Reframe/App/AutoReframe/ProcessingModel.swift -primary-file /Users/runner/work/Reframe/Reframe/App/AutoReframe/VideoFile.swift -emit-dependencies-path /Users/runner/work/Reframe/Reframe/App/build/Build/Intermediates.noindex/AutoReframe.build/Debug-iphonesimulator/AutoReframe.build/Objects-normal/arm64/ProcessingModel.d -emit-const-values-path /Users/runner/work/Reframe/Reframe/App/build/Build/Intermediates.noindex/AutoReframe.build/Debug-iphonesimulator/AutoReframe.build/Objects-normal/arm64/ProcessingModel.swiftconstvalues -emit-reference-dependencies-path /Users/runner/work/Reframe/Reframe/App/build/Build/Intermediates.noindex/AutoReframe.build/Debug-iphonesimulator/AutoReframe.build/Objects-normal/arm64/ProcessingModel.swiftdeps -serialize-diagnostics-path /Users/runner/work/Reframe/Reframe/App/build/Build/Intermediates.noindex/AutoReframe.build/Debug-iphonesimulator/AutoReframe.build/Objects-normal/arm64/ProcessingModel.dia -emit-dependencies-path /Users/runner/work/Reframe/Reframe/App/build/Build/Intermediates.noindex/AutoReframe.build/Debug-iphonesimulator/AutoReframe.build/Objects-normal/arm64/VideoFile.d -emit-const-values-path /Users/runner/work/Reframe/Reframe/App/build/Build/Intermediates.noindex/AutoReframe.build/Debug-iphonesimulator/AutoReframe.build/Objects-normal/arm64/VideoFile.swiftconstvalues -emit-reference-dependencies-path /Users/runner/work/Reframe/Reframe/App/build/Build/Intermediates.noindex/AutoReframe.build/Debug-iphonesimulator/AutoReframe.build/Objects-normal/arm64/VideoFile.swiftdeps -serialize-diagnostics-path /Users/runner/work/Reframe/Reframe/App/build/Build/Intermediates.noindex/AutoReframe.build/Debug-iphonesimulator/AutoReframe.build/Objects-normal/arm64/VideoFile.dia -target arm64-apple-ios16.0-simulator -Xllvm -aarch64-use-tbi -enable-objc-interop -sdk /Applications/Xcode_16.2.app/Contents/Developer/Platforms/iPhoneSimulator.platform/Developer/SDKs/iPhoneSimulator18.2.sdk -I /Users/runner/work/Reframe/Reframe/App/build/Build/Products/Debug-iphonesimulator -F /Users/runner/work/Reframe/Reframe/App/build/Build/Products/Debug-iphonesimulator/PackageFrameworks -F /Users/runner/work/Reframe/Reframe/App/build/Build/Products/Debug-iphonesimulator/PackageFrameworks -F /Users/runner/work/Reframe/Reframe/App/build/Build/Products/Debug-iphonesimulator -no-color-diagnostics -enable-testing -g -debug-info-format\=dwarf -dwarf-version\=4 -module-cache-path /Users/runner/work/Reframe/Reframe/App/build/ModuleCache.noindex -swift-version 5 -enforce-exclusivity\=checked -Onone -D DEBUG -serialize-debugging-options -const-gather-protocols-file /Users/runner/work/Reframe/Reframe/App/build/Build/Intermediates.noindex/AutoReframe.build/Debug-iphonesimulator/AutoReframe.build/Objects-normal/arm64/AutoReframe_const_extract_protocols.json -enable-experimental-feature DebugDescriptionMacro -enable-experimental-feature OpaqueTypeErasure -enable-bare-slash-regex -empty-abi-descriptor -validate-clang-modules-once -clang-build-session-file /Users/runner/work/Reframe/Reframe/App/build/ModuleCache.noindex/Session.modulevalidation -Xcc -working-directory -Xcc /Users/runner/work/Reframe/Reframe/App -resource-dir /Applications/Xcode_16.2.app/Contents/Developer/Toolchains/XcodeDefault.xctoolchain/usr/lib/swift -enable-anonymous-context-mangled-names -file-compilation-dir /Users/runner/work/Reframe/Reframe/App -Xcc -D_LIBCPP_HARDENING_MODE\=_LIBCPP_HARDENING_MODE_DEBUG -Xcc -ivfsstatcache -Xcc /Users/runner/work/Reframe/Reframe/App/build/SDKStatCaches.noindex/iphonesimulator18.2-22C146-16b5fc1f628d844b188c57a1ba9d6a81.sdkstatcache -Xcc -I/Users/runner/work/Reframe/Reframe/App/build/Build/Intermediates.noindex/AutoReframe.build/Debug-iphonesimulator/AutoReframe.build/swift-overrides.hmap -Xcc -iquote -Xcc /Users/runner/work/Reframe/Reframe/App/build/Build/Intermediates.noindex/AutoReframe.build/Debug-iphonesimulator/AutoReframe.build/AutoReframe-generated-files.hmap -Xcc -I/Users/runner/work/Reframe/Reframe/App/build/Build/Intermediates.noindex/AutoReframe.build/Debug-iphonesimulator/AutoReframe.build/AutoReframe-own-target-headers.hmap -Xcc -I/Users/runner/work/Reframe/Reframe/App/build/Build/Intermediates.noindex/AutoReframe.build/Debug-iphonesimulator/AutoReframe.build/AutoReframe-all-non-framework-target-headers.hmap -Xcc -ivfsoverlay -Xcc /Users/runner/work/Reframe/Reframe/App/build/Build/Intermediates.noindex/AutoReframe.build/Debug-iphonesimulator/AutoReframe-80d5b118fb95dbd414767e04e4966aee-VFS-iphonesimulator/all-product-headers.yaml -Xcc -iquote -Xcc /Users/runner/work/Reframe/Reframe/App/build/Build/Intermediates.noindex/AutoReframe.build/Debug-iphonesimulator/AutoReframe.build/AutoReframe-project-headers.hmap -Xcc -I/Users/runner/work/Reframe/Reframe/App/build/Build/Products/Debug-iphonesimulator/include -Xcc -I/Users/runner/work/Reframe/Reframe/App/build/Build/Intermediates.noindex/AutoReframe.build/Debug-iphonesimulator/AutoReframe.build/DerivedSources-normal/arm64 -Xcc -I/Users/runner/work/Reframe/Reframe/App/build/Build/Intermediates.noindex/AutoReframe.build/Debug-iphonesimulator/AutoReframe.build/DerivedSources/arm64 -Xcc -I/Users/runner/work/Reframe/Reframe/App/build/Build/Intermediates.noindex/AutoReframe.build/Debug-iphonesimulator/AutoReframe.build/DerivedSources -Xcc -DDEBUG\=1 -module-name AutoReframe -frontend-parseable-output -disable-clang-spi -target-sdk-version 18.2 -target-sdk-name iphonesimulator18.2 -external-plugin-path /Applications/Xcode_16.2.app/Contents/Developer/Platforms/iPhoneOS.platform/Developer/usr/lib/swift/host/plugins\#/Applications/Xcode_16.2.app/Contents/Developer/Platforms/iPhoneOS.platform/Developer/usr/bin/swift-plugin-server -external-plugin-path /Applications/Xcode_16.2.app/Contents/Developer/Platforms/iPhoneOS.platform/Developer/usr/local/lib/swift/host/plugins\#/Applications/Xcode_16.2.app/Contents/Developer/Platforms/iPhoneOS.platform/Developer/usr/bin/swift-plugin-server -plugin-path /Applications/Xcode_16.2.app/Contents/Developer/Toolchains/XcodeDefault.xctoolchain/usr/lib/swift/host/plugins -plugin-path /Applications/Xcode_16.2.app/Contents/Developer/Toolchains/XcodeDefault.xctoolchain/usr/local/lib/swift/host/plugins -o /Users/runner/work/Reframe/Reframe/App/build/Build/Intermediates.noindex/AutoReframe.build/Debug-iphonesimulator/AutoReframe.build/Objects-normal/arm64/ProcessingModel.o -o /Users/runner/work/Reframe/Reframe/App/build/Build/Intermediates.noindex/AutoReframe.build/Debug-iphonesimulator/AutoReframe.build/Objects-normal/arm64/VideoFile.o -index-unit-output-path /AutoReframe.build/Debug-iphonesimulator/AutoReframe.build/Objects-normal/arm64/ProcessingModel.o -index-unit-output-path /AutoReframe.build/Debug-iphonesimulator/AutoReframe.build/Objects-normal/arm64/VideoFile.o -index-store-path /Users/runner/work/Reframe/Reframe/App/build/Index.noindex/DataStore -index-system-modules
SwiftCompile normal arm64 /Users/runner/work/Reframe/Reframe/App/AutoReframe/ProcessingModel.swift (in target 'AutoReframe' from project 'AutoReframe')
    cd /Users/runner/work/Reframe/Reframe/App
    /Applications/Xcode_16.2.app/Contents/Developer/Toolchains/XcodeDefault.xctoolchain/usr/bin/swift-frontend -c /Users/runner/work/Reframe/Reframe/App/AutoReframe/AutoReframeApp.swift /Users/runner/work/Reframe/Reframe/App/AutoReframe/CameraService.swift /Users/runner/work/Reframe/Reframe/App/AutoReframe/CameraView.swift /Users/runner/work/Reframe/Reframe/App/AutoReframe/ContentView.swift /Users/runner/work/Reframe/Reframe/App/AutoReframe/Options.swift -primary-file /Users/runner/work/Reframe/Reframe/App/AutoReframe/ProcessingModel.swift -primary-file /Users/runner/work/Reframe/Reframe/App/AutoReframe/VideoFile.swift -emit-dependencies-path /Users/runner/work/Reframe/Reframe/App/build/Build/Intermediates.noindex/AutoReframe.build/Debug-iphonesimulator/AutoReframe.build/Objects-normal/arm64/ProcessingModel.d -emit-const-values-path /Users/runner/work/Reframe/Reframe/App/build/Build/Intermediates.noindex/AutoReframe.build/Debug-iphonesimulator/AutoReframe.build/Objects-normal/arm64/ProcessingModel.swiftconstvalues -emit-reference-dependencies-path /Users/runner/work/Reframe/Reframe/App/build/Build/Intermediates.noindex/AutoReframe.build/Debug-iphonesimulator/AutoReframe.build/Objects-normal/arm64/ProcessingModel.swiftdeps -serialize-diagnostics-path /Users/runner/work/Reframe/Reframe/App/build/Build/Intermediates.noindex/AutoReframe.build/Debug-iphonesimulator/AutoReframe.build/Objects-normal/arm64/ProcessingModel.dia -emit-dependencies-path /Users/runner/work/Reframe/Reframe/App/build/Build/Intermediates.noindex/AutoReframe.build/Debug-iphonesimulator/AutoReframe.build/Objects-normal/arm64/VideoFile.d -emit-const-values-path /Users/runner/work/Reframe/Reframe/App/build/Build/Intermediates.noindex/AutoReframe.build/Debug-iphonesimulator/AutoReframe.build/Objects-normal/arm64/VideoFile.swiftconstvalues -emit-reference-dependencies-path /Users/runner/work/Reframe/Reframe/App/build/Build/Intermediates.noindex/AutoReframe.build/Debug-iphonesimulator/AutoReframe.build/Objects-normal/arm64/VideoFile.swiftdeps -serialize-diagnostics-path /Users/runner/work/Reframe/Reframe/App/build/Build/Intermediates.noindex/AutoReframe.build/Debug-iphonesimulator/AutoReframe.build/Objects-normal/arm64/VideoFile.dia -target arm64-apple-ios16.0-simulator -Xllvm -aarch64-use-tbi -enable-objc-interop -sdk /Applications/Xcode_16.2.app/Contents/Developer/Platforms/iPhoneSimulator.platform/Developer/SDKs/iPhoneSimulator18.2.sdk -I /Users/runner/work/Reframe/Reframe/App/build/Build/Products/Debug-iphonesimulator -F /Users/runner/work/Reframe/Reframe/App/build/Build/Products/Debug-iphonesimulator/PackageFrameworks -F /Users/runner/work/Reframe/Reframe/App/build/Build/Products/Debug-iphonesimulator/PackageFrameworks -F /Users/runner/work/Reframe/Reframe/App/build/Build/Products/Debug-iphonesimulator -no-color-diagnostics -enable-testing -g -debug-info-format\=dwarf -dwarf-version\=4 -module-cache-path /Users/runner/work/Reframe/Reframe/App/build/ModuleCache.noindex -swift-version 5 -enforce-exclusivity\=checked -Onone -D DEBUG -serialize-debugging-options -const-gather-protocols-file /Users/runner/work/Reframe/Reframe/App/build/Build/Intermediates.noindex/AutoReframe.build/Debug-iphonesimulator/AutoReframe.build/Objects-normal/arm64/AutoReframe_const_extract_protocols.json -enable-experimental-feature DebugDescriptionMacro -enable-experimental-feature OpaqueTypeErasure -enable-bare-slash-regex -empty-abi-descriptor -validate-clang-modules-once -clang-build-session-file /Users/runner/work/Reframe/Reframe/App/build/ModuleCache.noindex/Session.modulevalidation -Xcc -working-directory -Xcc /Users/runner/work/Reframe/Reframe/App -resource-dir /Applications/Xcode_16.2.app/Contents/Developer/Toolchains/XcodeDefault.xctoolchain/usr/lib/swift -enable-anonymous-context-mangled-names -file-compilation-dir /Users/runner/work/Reframe/Reframe/App -Xcc -D_LIBCPP_HARDENING_MODE\=_LIBCPP_HARDENING_MODE_DEBUG -Xcc -ivfsstatcache -Xcc /Users/runner/work/Reframe/Reframe/App/build/SDKStatCaches.noindex/iphonesimulator18.2-22C146-16b5fc1f628d844b188c57a1ba9d6a81.sdkstatcache -Xcc -I/Users/runner/work/Reframe/Reframe/App/build/Build/Intermediates.noindex/AutoReframe.build/Debug-iphonesimulator/AutoReframe.build/swift-overrides.hmap -Xcc -iquote -Xcc /Users/runner/work/Reframe/Reframe/App/build/Build/Intermediates.noindex/AutoReframe.build/Debug-iphonesimulator/AutoReframe.build/AutoReframe-generated-files.hmap -Xcc -I/Users/runner/work/Reframe/Reframe/App/build/Build/Intermediates.noindex/AutoReframe.build/Debug-iphonesimulator/AutoReframe.build/AutoReframe-own-target-headers.hmap -Xcc -I/Users/runner/work/Reframe/Reframe/App/build/Build/Intermediates.noindex/AutoReframe.build/Debug-iphonesimulator/AutoReframe.build/AutoReframe-all-non-framework-target-headers.hmap -Xcc -ivfsoverlay -Xcc /Users/runner/work/Reframe/Reframe/App/build/Build/Intermediates.noindex/AutoReframe.build/Debug-iphonesimulator/AutoReframe-80d5b118fb95dbd414767e04e4966aee-VFS-iphonesimulator/all-product-headers.yaml -Xcc -iquote -Xcc /Users/runner/work/Reframe/Reframe/App/build/Build/Intermediates.noindex/AutoReframe.build/Debug-iphonesimulator/AutoReframe.build/AutoReframe-project-headers.hmap -Xcc -I/Users/runner/work/Reframe/Reframe/App/build/Build/Products/Debug-iphonesimulator/include -Xcc -I/Users/runner/work/Reframe/Reframe/App/build/Build/Intermediates.noindex/AutoReframe.build/Debug-iphonesimulator/AutoReframe.build/DerivedSources-normal/arm64 -Xcc -I/Users/runner/work/Reframe/Reframe/App/build/Build/Intermediates.noindex/AutoReframe.build/Debug-iphonesimulator/AutoReframe.build/DerivedSources/arm64 -Xcc -I/Users/runner/work/Reframe/Reframe/App/build/Build/Intermediates.noindex/AutoReframe.build/Debug-iphonesimulator/AutoReframe.build/DerivedSources -Xcc -DDEBUG\=1 -module-name AutoReframe -frontend-parseable-output -disable-clang-spi -target-sdk-version 18.2 -target-sdk-name iphonesimulator18.2 -external-plugin-path /Applications/Xcode_16.2.app/Contents/Developer/Platforms/iPhoneOS.platform/Developer/usr/lib/swift/host/plugins\#/Applications/Xcode_16.2.app/Contents/Developer/Platforms/iPhoneOS.platform/Developer/usr/bin/swift-plugin-server -external-plugin-path /Applications/Xcode_16.2.app/Contents/Developer/Platforms/iPhoneOS.platform/Developer/usr/local/lib/swift/host/plugins\#/Applications/Xcode_16.2.app/Contents/Developer/Platforms/iPhoneOS.platform/Developer/usr/bin/swift-plugin-server -plugin-path /Applications/Xcode_16.2.app/Contents/Developer/Toolchains/XcodeDefault.xctoolchain/usr/lib/swift/host/plugins -plugin-path /Applications/Xcode_16.2.app/Contents/Developer/Toolchains/XcodeDefault.xctoolchain/usr/local/lib/swift/host/plugins -o /Users/runner/work/Reframe/Reframe/App/build/Build/Intermediates.noindex/AutoReframe.build/Debug-iphonesimulator/AutoReframe.build/Objects-normal/arm64/ProcessingModel.o -o /Users/runner/work/Reframe/Reframe/App/build/Build/Intermediates.noindex/AutoReframe.build/Debug-iphonesimulator/AutoReframe.build/Objects-normal/arm64/VideoFile.o -index-unit-output-path /AutoReframe.build/Debug-iphonesimulator/AutoReframe.build/Objects-normal/arm64/ProcessingModel.o -index-unit-output-path /AutoReframe.build/Debug-iphonesimulator/AutoReframe.build/Objects-normal/arm64/VideoFile.o -index-store-path /Users/runner/work/Reframe/Reframe/App/build/Index.noindex/DataStore -index-system-modules

SwiftCompile normal arm64 /Users/runner/work/Reframe/Reframe/App/AutoReframe/VideoFile.swift (in target 'AutoReframe' from project 'AutoReframe')
    cd /Users/runner/work/Reframe/Reframe/App
    /Applications/Xcode_16.2.app/Contents/Developer/Toolchains/XcodeDefault.xctoolchain/usr/bin/swift-frontend -c /Users/runner/work/Reframe/Reframe/App/AutoReframe/AutoReframeApp.swift /Users/runner/work/Reframe/Reframe/App/AutoReframe/CameraService.swift /Users/runner/work/Reframe/Reframe/App/AutoReframe/CameraView.swift /Users/runner/work/Reframe/Reframe/App/AutoReframe/ContentView.swift /Users/runner/work/Reframe/Reframe/App/AutoReframe/Options.swift -primary-file /Users/runner/work/Reframe/Reframe/App/AutoReframe/ProcessingModel.swift -primary-file /Users/runner/work/Reframe/Reframe/App/AutoReframe/VideoFile.swift -emit-dependencies-path /Users/runner/work/Reframe/Reframe/App/build/Build/Intermediates.noindex/AutoReframe.build/Debug-iphonesimulator/AutoReframe.build/Objects-normal/arm64/ProcessingModel.d -emit-const-values-path /Users/runner/work/Reframe/Reframe/App/build/Build/Intermediates.noindex/AutoReframe.build/Debug-iphonesimulator/AutoReframe.build/Objects-normal/arm64/ProcessingModel.swiftconstvalues -emit-reference-dependencies-path /Users/runner/work/Reframe/Reframe/App/build/Build/Intermediates.noindex/AutoReframe.build/Debug-iphonesimulator/AutoReframe.build/Objects-normal/arm64/ProcessingModel.swiftdeps -serialize-diagnostics-path /Users/runner/work/Reframe/Reframe/App/build/Build/Intermediates.noindex/AutoReframe.build/Debug-iphonesimulator/AutoReframe.build/Objects-normal/arm64/ProcessingModel.dia -emit-dependencies-path /Users/runner/work/Reframe/Reframe/App/build/Build/Intermediates.noindex/AutoReframe.build/Debug-iphonesimulator/AutoReframe.build/Objects-normal/arm64/VideoFile.d -emit-const-values-path /Users/runner/work/Reframe/Reframe/App/build/Build/Intermediates.noindex/AutoReframe.build/Debug-iphonesimulator/AutoReframe.build/Objects-normal/arm64/VideoFile.swiftconstvalues -emit-reference-dependencies-path /Users/runner/work/Reframe/Reframe/App/build/Build/Intermediates.noindex/AutoReframe.build/Debug-iphonesimulator/AutoReframe.build/Objects-normal/arm64/VideoFile.swiftdeps -serialize-diagnostics-path /Users/runner/work/Reframe/Reframe/App/build/Build/Intermediates.noindex/AutoReframe.build/Debug-iphonesimulator/AutoReframe.build/Objects-normal/arm64/VideoFile.dia -target arm64-apple-ios16.0-simulator -Xllvm -aarch64-use-tbi -enable-objc-interop -sdk /Applications/Xcode_16.2.app/Contents/Developer/Platforms/iPhoneSimulator.platform/Developer/SDKs/iPhoneSimulator18.2.sdk -I /Users/runner/work/Reframe/Reframe/App/build/Build/Products/Debug-iphonesimulator -F /Users/runner/work/Reframe/Reframe/App/build/Build/Products/Debug-iphonesimulator/PackageFrameworks -F /Users/runner/work/Reframe/Reframe/App/build/Build/Products/Debug-iphonesimulator/PackageFrameworks -F /Users/runner/work/Reframe/Reframe/App/build/Build/Products/Debug-iphonesimulator -no-color-diagnostics -enable-testing -g -debug-info-format\=dwarf -dwarf-version\=4 -module-cache-path /Users/runner/work/Reframe/Reframe/App/build/ModuleCache.noindex -swift-version 5 -enforce-exclusivity\=checked -Onone -D DEBUG -serialize-debugging-options -const-gather-protocols-file /Users/runner/work/Reframe/Reframe/App/build/Build/Intermediates.noindex/AutoReframe.build/Debug-iphonesimulator/AutoReframe.build/Objects-normal/arm64/AutoReframe_const_extract_protocols.json -enable-experimental-feature DebugDescriptionMacro -enable-experimental-feature OpaqueTypeErasure -enable-bare-slash-regex -empty-abi-descriptor -validate-clang-modules-once -clang-build-session-file /Users/runner/work/Reframe/Reframe/App/build/ModuleCache.noindex/Session.modulevalidation -Xcc -working-directory -Xcc /Users/runner/work/Reframe/Reframe/App -resource-dir /Applications/Xcode_16.2.app/Contents/Developer/Toolchains/XcodeDefault.xctoolchain/usr/lib/swift -enable-anonymous-context-mangled-names -file-compilation-dir /Users/runner/work/Reframe/Reframe/App -Xcc -D_LIBCPP_HARDENING_MODE\=_LIBCPP_HARDENING_MODE_DEBUG -Xcc -ivfsstatcache -Xcc /Users/runner/work/Reframe/Reframe/App/build/SDKStatCaches.noindex/iphonesimulator18.2-22C146-16b5fc1f628d844b188c57a1ba9d6a81.sdkstatcache -Xcc -I/Users/runner/work/Reframe/Reframe/App/build/Build/Intermediates.noindex/AutoReframe.build/Debug-iphonesimulator/AutoReframe.build/swift-overrides.hmap -Xcc -iquote -Xcc /Users/runner/work/Reframe/Reframe/App/build/Build/Intermediates.noindex/AutoReframe.build/Debug-iphonesimulator/AutoReframe.build/AutoReframe-generated-files.hmap -Xcc -I/Users/runner/work/Reframe/Reframe/App/build/Build/Intermediates.noindex/AutoReframe.build/Debug-iphonesimulator/AutoReframe.build/AutoReframe-own-target-headers.hmap -Xcc -I/Users/runner/work/Reframe/Reframe/App/build/Build/Intermediates.noindex/AutoReframe.build/Debug-iphonesimulator/AutoReframe.build/AutoReframe-all-non-framework-target-headers.hmap -Xcc -ivfsoverlay -Xcc /Users/runner/work/Reframe/Reframe/App/build/Build/Intermediates.noindex/AutoReframe.build/Debug-iphonesimulator/AutoReframe-80d5b118fb95dbd414767e04e4966aee-VFS-iphonesimulator/all-product-headers.yaml -Xcc -iquote -Xcc /Users/runner/work/Reframe/Reframe/App/build/Build/Intermediates.noindex/AutoReframe.build/Debug-iphonesimulator/AutoReframe.build/AutoReframe-project-headers.hmap -Xcc -I/Users/runner/work/Reframe/Reframe/App/build/Build/Products/Debug-iphonesimulator/include -Xcc -I/Users/runner/work/Reframe/Reframe/App/build/Build/Intermediates.noindex/AutoReframe.build/Debug-iphonesimulator/AutoReframe.build/DerivedSources-normal/arm64 -Xcc -I/Users/runner/work/Reframe/Reframe/App/build/Build/Intermediates.noindex/AutoReframe.build/Debug-iphonesimulator/AutoReframe.build/DerivedSources/arm64 -Xcc -I/Users/runner/work/Reframe/Reframe/App/build/Build/Intermediates.noindex/AutoReframe.build/Debug-iphonesimulator/AutoReframe.build/DerivedSources -Xcc -DDEBUG\=1 -module-name AutoReframe -frontend-parseable-output -disable-clang-spi -target-sdk-version 18.2 -target-sdk-name iphonesimulator18.2 -external-plugin-path /Applications/Xcode_16.2.app/Contents/Developer/Platforms/iPhoneOS.platform/Developer/usr/lib/swift/host/plugins\#/Applications/Xcode_16.2.app/Contents/Developer/Platforms/iPhoneOS.platform/Developer/usr/bin/swift-plugin-server -external-plugin-path /Applications/Xcode_16.2.app/Contents/Developer/Platforms/iPhoneOS.platform/Developer/usr/local/lib/swift/host/plugins\#/Applications/Xcode_16.2.app/Contents/Developer/Platforms/iPhoneOS.platform/Developer/usr/bin/swift-plugin-server -plugin-path /Applications/Xcode_16.2.app/Contents/Developer/Toolchains/XcodeDefault.xctoolchain/usr/lib/swift/host/plugins -plugin-path /Applications/Xcode_16.2.app/Contents/Developer/Toolchains/XcodeDefault.xctoolchain/usr/local/lib/swift/host/plugins -o /Users/runner/work/Reframe/Reframe/App/build/Build/Intermediates.noindex/AutoReframe.build/Debug-iphonesimulator/AutoReframe.build/Objects-normal/arm64/ProcessingModel.o -o /Users/runner/work/Reframe/Reframe/App/build/Build/Intermediates.noindex/AutoReframe.build/Debug-iphonesimulator/AutoReframe.build/Objects-normal/arm64/VideoFile.o -index-unit-output-path /AutoReframe.build/Debug-iphonesimulator/AutoReframe.build/Objects-normal/arm64/ProcessingModel.o -index-unit-output-path /AutoReframe.build/Debug-iphonesimulator/AutoReframe.build/Objects-normal/arm64/VideoFile.o -index-store-path /Users/runner/work/Reframe/Reframe/App/build/Index.noindex/DataStore -index-system-modules

SwiftDriverJobDiscovery normal arm64 Emitting module for AutoReframe (in target 'AutoReframe' from project 'AutoReframe')

SwiftCompile normal arm64 Compiling\ AutoReframeApp.swift,\ CameraService.swift,\ CameraView.swift /Users/runner/work/Reframe/Reframe/App/AutoReframe/AutoReframeApp.swift /Users/runner/work/Reframe/Reframe/App/AutoReframe/CameraService.swift /Users/runner/work/Reframe/Reframe/App/AutoReframe/CameraView.swift (in target 'AutoReframe' from project 'AutoReframe')
    cd /Users/runner/work/Reframe/Reframe/App
    builtin-swiftTaskExecution -- /Applications/Xcode_16.2.app/Contents/Developer/Toolchains/XcodeDefault.xctoolchain/usr/bin/swift-frontend -frontend -c -primary-file /Users/runner/work/Reframe/Reframe/App/AutoReframe/AutoReframeApp.swift -primary-file /Users/runner/work/Reframe/Reframe/App/AutoReframe/CameraService.swift -primary-file /Users/runner/work/Reframe/Reframe/App/AutoReframe/CameraView.swift /Users/runner/work/Reframe/Reframe/App/AutoReframe/ContentView.swift /Users/runner/work/Reframe/Reframe/App/AutoReframe/Options.swift /Users/runner/work/Reframe/Reframe/App/AutoReframe/ProcessingModel.swift /Users/runner/work/Reframe/Reframe/App/AutoReframe/VideoFile.swift -supplementary-output-file-map /Users/runner/work/Reframe/Reframe/App/build/Build/Intermediates.noindex/AutoReframe.build/Debug-iphonesimulator/AutoReframe.build/Objects-normal/arm64/supplementaryOutputs-27 -target arm64-apple-ios16.0-simulator -Xllvm -aarch64-use-tbi -enable-objc-interop -sdk /Applications/Xcode_16.2.app/Contents/Developer/Platforms/iPhoneSimulator.platform/Developer/SDKs/iPhoneSimulator18.2.sdk -I /Users/runner/work/Reframe/Reframe/App/build/Build/Products/Debug-iphonesimulator -F /Users/runner/work/Reframe/Reframe/App/build/Build/Products/Debug-iphonesimulator/PackageFrameworks -F /Users/runner/work/Reframe/Reframe/App/build/Build/Products/Debug-iphonesimulator/PackageFrameworks -F /Users/runner/work/Reframe/Reframe/App/build/Build/Products/Debug-iphonesimulator -no-color-diagnostics -enable-testing -g -debug-info-format\=dwarf -dwarf-version\=4 -module-cache-path /Users/runner/work/Reframe/Reframe/App/build/ModuleCache.noindex -swift-version 5 -enforce-exclusivity\=checked -Onone -D DEBUG -serialize-debugging-options -const-gather-protocols-file /Users/runner/work/Reframe/Reframe/App/build/Build/Intermediates.noindex/AutoReframe.build/Debug-iphonesimulator/AutoReframe.build/Objects-normal/arm64/AutoReframe_const_extract_protocols.json -enable-experimental-feature DebugDescriptionMacro -enable-experimental-feature OpaqueTypeErasure -enable-bare-slash-regex -empty-abi-descriptor -validate-clang-modules-once -clang-build-session-file /Users/runner/work/Reframe/Reframe/App/build/ModuleCache.noindex/Session.modulevalidation -Xcc -working-directory -Xcc /Users/runner/work/Reframe/Reframe/App -resource-dir /Applications/Xcode_16.2.app/Contents/Developer/Toolchains/XcodeDefault.xctoolchain/usr/lib/swift -enable-anonymous-context-mangled-names -file-compilation-dir /Users/runner/work/Reframe/Reframe/App -Xcc -D_LIBCPP_HARDENING_MODE\=_LIBCPP_HARDENING_MODE_DEBUG -Xcc -ivfsstatcache -Xcc /Users/runner/work/Reframe/Reframe/App/build/SDKStatCaches.noindex/iphonesimulator18.2-22C146-16b5fc1f628d844b188c57a1ba9d6a81.sdkstatcache -Xcc -I/Users/runner/work/Reframe/Reframe/App/build/Build/Intermediates.noindex/AutoReframe.build/Debug-iphonesimulator/AutoReframe.build/swift-overrides.hmap -Xcc -iquote -Xcc /Users/runner/work/Reframe/Reframe/App/build/Build/Intermediates.noindex/AutoReframe.build/Debug-iphonesimulator/AutoReframe.build/AutoReframe-generated-files.hmap -Xcc -I/Users/runner/work/Reframe/Reframe/App/build/Build/Intermediates.noindex/AutoReframe.build/Debug-iphonesimulator/AutoReframe.build/AutoReframe-own-target-headers.hmap -Xcc -I/Users/runner/work/Reframe/Reframe/App/build/Build/Intermediates.noindex/AutoReframe.build/Debug-iphonesimulator/AutoReframe.build/AutoReframe-all-non-framework-target-headers.hmap -Xcc -ivfsoverlay -Xcc /Users/runner/work/Reframe/Reframe/App/build/Build/Intermediates.noindex/AutoReframe.build/Debug-iphonesimulator/AutoReframe-80d5b118fb95dbd414767e04e4966aee-VFS-iphonesimulator/all-product-headers.yaml -Xcc -iquote -Xcc /Users/runner/work/Reframe/Reframe/App/build/Build/Intermediates.noindex/AutoReframe.build/Debug-iphonesimulator/AutoReframe.build/AutoReframe-project-headers.hmap -Xcc -I/Users/runner/work/Reframe/Reframe/App/build/Build/Products/Debug-iphonesimulator/include -Xcc -I/Users/runner/work/Reframe/Reframe/App/build/Build/Intermediates.noindex/AutoReframe.build/Debug-iphonesimulator/AutoReframe.build/DerivedSources-normal/arm64 -Xcc -I/Users/runner/work/Reframe/Reframe/App/build/Build/Intermediates.noindex/AutoReframe.build/Debug-iphonesimulator/AutoReframe.build/DerivedSources/arm64 -Xcc -I/Users/runner/work/Reframe/Reframe/App/build/Build/Intermediates.noindex/AutoReframe.build/Debug-iphonesimulator/AutoReframe.build/DerivedSources -Xcc -DDEBUG\=1 -module-name AutoReframe -frontend-parseable-output -disable-clang-spi -target-sdk-version 18.2 -target-sdk-name iphonesimulator18.2 -external-plugin-path /Applications/Xcode_16.2.app/Contents/Developer/Platforms/iPhoneOS.platform/Developer/usr/lib/swift/host/plugins\#/Applications/Xcode_16.2.app/Contents/Developer/Platforms/iPhoneOS.platform/Developer/usr/bin/swift-plugin-server -external-plugin-path /Applications/Xcode_16.2.app/Contents/Developer/Platforms/iPhoneOS.platform/Developer/usr/local/lib/swift/host/plugins\#/Applications/Xcode_16.2.app/Contents/Developer/Platforms/iPhoneOS.platform/Developer/usr/bin/swift-plugin-server -plugin-path /Applications/Xcode_16.2.app/Contents/Developer/Toolchains/XcodeDefault.xctoolchain/usr/lib/swift/host/plugins -plugin-path /Applications/Xcode_16.2.app/Contents/Developer/Toolchains/XcodeDefault.xctoolchain/usr/local/lib/swift/host/plugins -o /Users/runner/work/Reframe/Reframe/App/build/Build/Intermediates.noindex/AutoReframe.build/Debug-iphonesimulator/AutoReframe.build/Objects-normal/arm64/AutoReframeApp.o -o /Users/runner/work/Reframe/Reframe/App/build/Build/Intermediates.noindex/AutoReframe.build/Debug-iphonesimulator/AutoReframe.build/Objects-normal/arm64/CameraService.o -o /Users/runner/work/Reframe/Reframe/App/build/Build/Intermediates.noindex/AutoReframe.build/Debug-iphonesimulator/AutoReframe.build/Objects-normal/arm64/CameraView.o -index-unit-output-path /AutoReframe.build/Debug-iphonesimulator/AutoReframe.build/Objects-normal/arm64/AutoReframeApp.o -index-unit-output-path /AutoReframe.build/Debug-iphonesimulator/AutoReframe.build/Objects-normal/arm64/CameraService.o -index-unit-output-path /AutoReframe.build/Debug-iphonesimulator/AutoReframe.build/Objects-normal/arm64/CameraView.o -index-store-path /Users/runner/work/Reframe/Reframe/App/build/Index.noindex/DataStore -index-system-modules

SwiftCompile normal arm64 /Users/runner/work/Reframe/Reframe/App/AutoReframe/AutoReframeApp.swift (in target 'AutoReframe' from project 'AutoReframe')
    cd /Users/runner/work/Reframe/Reframe/App
    /Applications/Xcode_16.2.app/Contents/Developer/Toolchains/XcodeDefault.xctoolchain/usr/bin/swift-frontend -c -primary-file /Users/runner/work/Reframe/Reframe/App/AutoReframe/AutoReframeApp.swift -primary-file /Users/runner/work/Reframe/Reframe/App/AutoReframe/CameraService.swift -primary-file /Users/runner/work/Reframe/Reframe/App/AutoReframe/CameraView.swift /Users/runner/work/Reframe/Reframe/App/AutoReframe/ContentView.swift /Users/runner/work/Reframe/Reframe/App/AutoReframe/Options.swift /Users/runner/work/Reframe/Reframe/App/AutoReframe/ProcessingModel.swift /Users/runner/work/Reframe/Reframe/App/AutoReframe/VideoFile.swift -supplementary-output-file-map /Users/runner/work/Reframe/Reframe/App/build/Build/Intermediates.noindex/AutoReframe.build/Debug-iphonesimulator/AutoReframe.build/Objects-normal/arm64/supplementaryOutputs-27 -target arm64-apple-ios16.0-simulator -Xllvm -aarch64-use-tbi -enable-objc-interop -sdk /Applications/Xcode_16.2.app/Contents/Developer/Platforms/iPhoneSimulator.platform/Developer/SDKs/iPhoneSimulator18.2.sdk -I /Users/runner/work/Reframe/Reframe/App/build/Build/Products/Debug-iphonesimulator -F /Users/runner/work/Reframe/Reframe/App/build/Build/Products/Debug-iphonesimulator/PackageFrameworks -F /Users/runner/work/Reframe/Reframe/App/build/Build/Products/Debug-iphonesimulator/PackageFrameworks -F /Users/runner/work/Reframe/Reframe/App/build/Build/Products/Debug-iphonesimulator -no-color-diagnostics -enable-testing -g -debug-info-format\=dwarf -dwarf-version\=4 -module-cache-path /Users/runner/work/Reframe/Reframe/App/build/ModuleCache.noindex -swift-version 5 -enforce-exclusivity\=checked -Onone -D DEBUG -serialize-debugging-options -const-gather-protocols-file /Users/runner/work/Reframe/Reframe/App/build/Build/Intermediates.noindex/AutoReframe.build/Debug-iphonesimulator/AutoReframe.build/Objects-normal/arm64/AutoReframe_const_extract_protocols.json -enable-experimental-feature DebugDescriptionMacro -enable-experimental-feature OpaqueTypeErasure -enable-bare-slash-regex -empty-abi-descriptor -validate-clang-modules-once -clang-build-session-file /Users/runner/work/Reframe/Reframe/App/build/ModuleCache.noindex/Session.modulevalidation -Xcc -working-directory -Xcc /Users/runner/work/Reframe/Reframe/App -resource-dir /Applications/Xcode_16.2.app/Contents/Developer/Toolchains/XcodeDefault.xctoolchain/usr/lib/swift -enable-anonymous-context-mangled-names -file-compilation-dir /Users/runner/work/Reframe/Reframe/App -Xcc -D_LIBCPP_HARDENING_MODE\=_LIBCPP_HARDENING_MODE_DEBUG -Xcc -ivfsstatcache -Xcc /Users/runner/work/Reframe/Reframe/App/build/SDKStatCaches.noindex/iphonesimulator18.2-22C146-16b5fc1f628d844b188c57a1ba9d6a81.sdkstatcache -Xcc -I/Users/runner/work/Reframe/Reframe/App/build/Build/Intermediates.noindex/AutoReframe.build/Debug-iphonesimulator/AutoReframe.build/swift-overrides.hmap -Xcc -iquote -Xcc /Users/runner/work/Reframe/Reframe/App/build/Build/Intermediates.noindex/AutoReframe.build/Debug-iphonesimulator/AutoReframe.build/AutoReframe-generated-files.hmap -Xcc -I/Users/runner/work/Reframe/Reframe/App/build/Build/Intermediates.noindex/AutoReframe.build/Debug-iphonesimulator/AutoReframe.build/AutoReframe-own-target-headers.hmap -Xcc -I/Users/runner/work/Reframe/Reframe/App/build/Build/Intermediates.noindex/AutoReframe.build/Debug-iphonesimulator/AutoReframe.build/AutoReframe-all-non-framework-target-headers.hmap -Xcc -ivfsoverlay -Xcc /Users/runner/work/Reframe/Reframe/App/build/Build/Intermediates.noindex/AutoReframe.build/Debug-iphonesimulator/AutoReframe-80d5b118fb95dbd414767e04e4966aee-VFS-iphonesimulator/all-product-headers.yaml -Xcc -iquote -Xcc /Users/runner/work/Reframe/Reframe/App/build/Build/Intermediates.noindex/AutoReframe.build/Debug-iphonesimulator/AutoReframe.build/AutoReframe-project-headers.hmap -Xcc -I/Users/runner/work/Reframe/Reframe/App/build/Build/Products/Debug-iphonesimulator/include -Xcc -I/Users/runner/work/Reframe/Reframe/App/build/Build/Intermediates.noindex/AutoReframe.build/Debug-iphonesimulator/AutoReframe.build/DerivedSources-normal/arm64 -Xcc -I/Users/runner/work/Reframe/Reframe/App/build/Build/Intermediates.noindex/AutoReframe.build/Debug-iphonesimulator/AutoReframe.build/DerivedSources/arm64 -Xcc -I/Users/runner/work/Reframe/Reframe/App/build/Build/Intermediates.noindex/AutoReframe.build/Debug-iphonesimulator/AutoReframe.build/DerivedSources -Xcc -DDEBUG\=1 -module-name AutoReframe -frontend-parseable-output -disable-clang-spi -target-sdk-version 18.2 -target-sdk-name iphonesimulator18.2 -external-plugin-path /Applications/Xcode_16.2.app/Contents/Developer/Platforms/iPhoneOS.platform/Developer/usr/lib/swift/host/plugins\#/Applications/Xcode_16.2.app/Contents/Developer/Platforms/iPhoneOS.platform/Developer/usr/bin/swift-plugin-server -external-plugin-path /Applications/Xcode_16.2.app/Contents/Developer/Platforms/iPhoneOS.platform/Developer/usr/local/lib/swift/host/plugins\#/Applications/Xcode_16.2.app/Contents/Developer/Platforms/iPhoneOS.platform/Developer/usr/bin/swift-plugin-server -plugin-path /Applications/Xcode_16.2.app/Contents/Developer/Toolchains/XcodeDefault.xctoolchain/usr/lib/swift/host/plugins -plugin-path /Applications/Xcode_16.2.app/Contents/Developer/Toolchains/XcodeDefault.xctoolchain/usr/local/lib/swift/host/plugins -o /Users/runner/work/Reframe/Reframe/App/build/Build/Intermediates.noindex/AutoReframe.build/Debug-iphonesimulator/AutoReframe.build/Objects-normal/arm64/AutoReframeApp.o -o /Users/runner/work/Reframe/Reframe/App/build/Build/Intermediates.noindex/AutoReframe.build/Debug-iphonesimulator/AutoReframe.build/Objects-normal/arm64/CameraService.o -o /Users/runner/work/Reframe/Reframe/App/build/Build/Intermediates.noindex/AutoReframe.build/Debug-iphonesimulator/AutoReframe.build/Objects-normal/arm64/CameraView.o -index-unit-output-path /AutoReframe.build/Debug-iphonesimulator/AutoReframe.build/Objects-normal/arm64/AutoReframeApp.o -index-unit-output-path /AutoReframe.build/Debug-iphonesimulator/AutoReframe.build/Objects-normal/arm64/CameraService.o -index-unit-output-path /AutoReframe.build/Debug-iphonesimulator/AutoReframe.build/Objects-normal/arm64/CameraView.o -index-store-path /Users/runner/work/Reframe/Reframe/App/build/Index.noindex/DataStore -index-system-modules

SwiftCompile normal arm64 /Users/runner/work/Reframe/Reframe/App/AutoReframe/CameraService.swift (in target 'AutoReframe' from project 'AutoReframe')
    cd /Users/runner/work/Reframe/Reframe/App
    /Applications/Xcode_16.2.app/Contents/Developer/Toolchains/XcodeDefault.xctoolchain/usr/bin/swift-frontend -c -primary-file /Users/runner/work/Reframe/Reframe/App/AutoReframe/AutoReframeApp.swift -primary-file /Users/runner/work/Reframe/Reframe/App/AutoReframe/CameraService.swift -primary-file /Users/runner/work/Reframe/Reframe/App/AutoReframe/CameraView.swift /Users/runner/work/Reframe/Reframe/App/AutoReframe/ContentView.swift /Users/runner/work/Reframe/Reframe/App/AutoReframe/Options.swift /Users/runner/work/Reframe/Reframe/App/AutoReframe/ProcessingModel.swift /Users/runner/work/Reframe/Reframe/App/AutoReframe/VideoFile.swift -supplementary-output-file-map /Users/runner/work/Reframe/Reframe/App/build/Build/Intermediates.noindex/AutoReframe.build/Debug-iphonesimulator/AutoReframe.build/Objects-normal/arm64/supplementaryOutputs-27 -target arm64-apple-ios16.0-simulator -Xllvm -aarch64-use-tbi -enable-objc-interop -sdk /Applications/Xcode_16.2.app/Contents/Developer/Platforms/iPhoneSimulator.platform/Developer/SDKs/iPhoneSimulator18.2.sdk -I /Users/runner/work/Reframe/Reframe/App/build/Build/Products/Debug-iphonesimulator -F /Users/runner/work/Reframe/Reframe/App/build/Build/Products/Debug-iphonesimulator/PackageFrameworks -F /Users/runner/work/Reframe/Reframe/App/build/Build/Products/Debug-iphonesimulator/PackageFrameworks -F /Users/runner/work/Reframe/Reframe/App/build/Build/Products/Debug-iphonesimulator -no-color-diagnostics -enable-testing -g -debug-info-format\=dwarf -dwarf-version\=4 -module-cache-path /Users/runner/work/Reframe/Reframe/App/build/ModuleCache.noindex -swift-version 5 -enforce-exclusivity\=checked -Onone -D DEBUG -serialize-debugging-options -const-gather-protocols-file /Users/runner/work/Reframe/Reframe/App/build/Build/Intermediates.noindex/AutoReframe.build/Debug-iphonesimulator/AutoReframe.build/Objects-normal/arm64/AutoReframe_const_extract_protocols.json -enable-experimental-feature DebugDescriptionMacro -enable-experimental-feature OpaqueTypeErasure -enable-bare-slash-regex -empty-abi-descriptor -validate-clang-modules-once -clang-build-session-file /Users/runner/work/Reframe/Reframe/App/build/ModuleCache.noindex/Session.modulevalidation -Xcc -working-directory -Xcc /Users/runner/work/Reframe/Reframe/App -resource-dir /Applications/Xcode_16.2.app/Contents/Developer/Toolchains/XcodeDefault.xctoolchain/usr/lib/swift -enable-anonymous-context-mangled-names -file-compilation-dir /Users/runner/work/Reframe/Reframe/App -Xcc -D_LIBCPP_HARDENING_MODE\=_LIBCPP_HARDENING_MODE_DEBUG -Xcc -ivfsstatcache -Xcc /Users/runner/work/Reframe/Reframe/App/build/SDKStatCaches.noindex/iphonesimulator18.2-22C146-16b5fc1f628d844b188c57a1ba9d6a81.sdkstatcache -Xcc -I/Users/runner/work/Reframe/Reframe/App/build/Build/Intermediates.noindex/AutoReframe.build/Debug-iphonesimulator/AutoReframe.build/swift-overrides.hmap -Xcc -iquote -Xcc /Users/runner/work/Reframe/Reframe/App/build/Build/Intermediates.noindex/AutoReframe.build/Debug-iphonesimulator/AutoReframe.build/AutoReframe-generated-files.hmap -Xcc -I/Users/runner/work/Reframe/Reframe/App/build/Build/Intermediates.noindex/AutoReframe.build/Debug-iphonesimulator/AutoReframe.build/AutoReframe-own-target-headers.hmap -Xcc -I/Users/runner/work/Reframe/Reframe/App/build/Build/Intermediates.noindex/AutoReframe.build/Debug-iphonesimulator/AutoReframe.build/AutoReframe-all-non-framework-target-headers.hmap -Xcc -ivfsoverlay -Xcc /Users/runner/work/Reframe/Reframe/App/build/Build/Intermediates.noindex/AutoReframe.build/Debug-iphonesimulator/AutoReframe-80d5b118fb95dbd414767e04e4966aee-VFS-iphonesimulator/all-product-headers.yaml -Xcc -iquote -Xcc /Users/runner/work/Reframe/Reframe/App/build/Build/Intermediates.noindex/AutoReframe.build/Debug-iphonesimulator/AutoReframe.build/AutoReframe-project-headers.hmap -Xcc -I/Users/runner/work/Reframe/Reframe/App/build/Build/Products/Debug-iphonesimulator/include -Xcc -I/Users/runner/work/Reframe/Reframe/App/build/Build/Intermediates.noindex/AutoReframe.build/Debug-iphonesimulator/AutoReframe.build/DerivedSources-normal/arm64 -Xcc -I/Users/runner/work/Reframe/Reframe/App/build/Build/Intermediates.noindex/AutoReframe.build/Debug-iphonesimulator/AutoReframe.build/DerivedSources/arm64 -Xcc -I/Users/runner/work/Reframe/Reframe/App/build/Build/Intermediates.noindex/AutoReframe.build/Debug-iphonesimulator/AutoReframe.build/DerivedSources -Xcc -DDEBUG\=1 -module-name AutoReframe -frontend-parseable-output -disable-clang-spi -target-sdk-version 18.2 -target-sdk-name iphonesimulator18.2 -external-plugin-path /Applications/Xcode_16.2.app/Contents/Developer/Platforms/iPhoneOS.platform/Developer/usr/lib/swift/host/plugins\#/Applications/Xcode_16.2.app/Contents/Developer/Platforms/iPhoneOS.platform/Developer/usr/bin/swift-plugin-server -external-plugin-path /Applications/Xcode_16.2.app/Contents/Developer/Platforms/iPhoneOS.platform/Developer/usr/local/lib/swift/host/plugins\#/Applications/Xcode_16.2.app/Contents/Developer/Platforms/iPhoneOS.platform/Developer/usr/bin/swift-plugin-server -plugin-path /Applications/Xcode_16.2.app/Contents/Developer/Toolchains/XcodeDefault.xctoolchain/usr/lib/swift/host/plugins -plugin-path /Applications/Xcode_16.2.app/Contents/Developer/Toolchains/XcodeDefault.xctoolchain/usr/local/lib/swift/host/plugins -o /Users/runner/work/Reframe/Reframe/App/build/Build/Intermediates.noindex/AutoReframe.build/Debug-iphonesimulator/AutoReframe.build/Objects-normal/arm64/AutoReframeApp.o -o /Users/runner/work/Reframe/Reframe/App/build/Build/Intermediates.noindex/AutoReframe.build/Debug-iphonesimulator/AutoReframe.build/Objects-normal/arm64/CameraService.o -o /Users/runner/work/Reframe/Reframe/App/build/Build/Intermediates.noindex/AutoReframe.build/Debug-iphonesimulator/AutoReframe.build/Objects-normal/arm64/CameraView.o -index-unit-output-path /AutoReframe.build/Debug-iphonesimulator/AutoReframe.build/Objects-normal/arm64/AutoReframeApp.o -index-unit-output-path /AutoReframe.build/Debug-iphonesimulator/AutoReframe.build/Objects-normal/arm64/CameraService.o -index-unit-output-path /AutoReframe.build/Debug-iphonesimulator/AutoReframe.build/Objects-normal/arm64/CameraView.o -index-store-path /Users/runner/work/Reframe/Reframe/App/build/Index.noindex/DataStore -index-system-modules
/Users/runner/work/Reframe/Reframe/App/AutoReframe/CameraService.swift:48:32: warning: capture of 'self' with non-sendable type 'CameraService' in a `@Sendable` closure
            self.queue.async { self.configureAndStart() }
                               ^
/Users/runner/work/Reframe/Reframe/App/AutoReframe/CameraService.swift:6:13: note: class 'CameraService' does not conform to the 'Sendable' protocol
final class CameraService: NSObject, ObservableObject, AVCaptureFileOutputRecordingDelegate {
            ^

SwiftCompile normal arm64 /Users/runner/work/Reframe/Reframe/App/AutoReframe/CameraView.swift (in target 'AutoReframe' from project 'AutoReframe')
    cd /Users/runner/work/Reframe/Reframe/App
    /Applications/Xcode_16.2.app/Contents/Developer/Toolchains/XcodeDefault.xctoolchain/usr/bin/swift-frontend -c -primary-file /Users/runner/work/Reframe/Reframe/App/AutoReframe/AutoReframeApp.swift -primary-file /Users/runner/work/Reframe/Reframe/App/AutoReframe/CameraService.swift -primary-file /Users/runner/work/Reframe/Reframe/App/AutoReframe/CameraView.swift /Users/runner/work/Reframe/Reframe/App/AutoReframe/ContentView.swift /Users/runner/work/Reframe/Reframe/App/AutoReframe/Options.swift /Users/runner/work/Reframe/Reframe/App/AutoReframe/ProcessingModel.swift /Users/runner/work/Reframe/Reframe/App/AutoReframe/VideoFile.swift -supplementary-output-file-map /Users/runner/work/Reframe/Reframe/App/build/Build/Intermediates.noindex/AutoReframe.build/Debug-iphonesimulator/AutoReframe.build/Objects-normal/arm64/supplementaryOutputs-27 -target arm64-apple-ios16.0-simulator -Xllvm -aarch64-use-tbi -enable-objc-interop -sdk /Applications/Xcode_16.2.app/Contents/Developer/Platforms/iPhoneSimulator.platform/Developer/SDKs/iPhoneSimulator18.2.sdk -I /Users/runner/work/Reframe/Reframe/App/build/Build/Products/Debug-iphonesimulator -F /Users/runner/work/Reframe/Reframe/App/build/Build/Products/Debug-iphonesimulator/PackageFrameworks -F /Users/runner/work/Reframe/Reframe/App/build/Build/Products/Debug-iphonesimulator/PackageFrameworks -F /Users/runner/work/Reframe/Reframe/App/build/Build/Products/Debug-iphonesimulator -no-color-diagnostics -enable-testing -g -debug-info-format\=dwarf -dwarf-version\=4 -module-cache-path /Users/runner/work/Reframe/Reframe/App/build/ModuleCache.noindex -swift-version 5 -enforce-exclusivity\=checked -Onone -D DEBUG -serialize-debugging-options -const-gather-protocols-file /Users/runner/work/Reframe/Reframe/App/build/Build/Intermediates.noindex/AutoReframe.build/Debug-iphonesimulator/AutoReframe.build/Objects-normal/arm64/AutoReframe_const_extract_protocols.json -enable-experimental-feature DebugDescriptionMacro -enable-experimental-feature OpaqueTypeErasure -enable-bare-slash-regex -empty-abi-descriptor -validate-clang-modules-once -clang-build-session-file /Users/runner/work/Reframe/Reframe/App/build/ModuleCache.noindex/Session.modulevalidation -Xcc -working-directory -Xcc /Users/runner/work/Reframe/Reframe/App -resource-dir /Applications/Xcode_16.2.app/Contents/Developer/Toolchains/XcodeDefault.xctoolchain/usr/lib/swift -enable-anonymous-context-mangled-names -file-compilation-dir /Users/runner/work/Reframe/Reframe/App -Xcc -D_LIBCPP_HARDENING_MODE\=_LIBCPP_HARDENING_MODE_DEBUG -Xcc -ivfsstatcache -Xcc /Users/runner/work/Reframe/Reframe/App/build/SDKStatCaches.noindex/iphonesimulator18.2-22C146-16b5fc1f628d844b188c57a1ba9d6a81.sdkstatcache -Xcc -I/Users/runner/work/Reframe/Reframe/App/build/Build/Intermediates.noindex/AutoReframe.build/Debug-iphonesimulator/AutoReframe.build/swift-overrides.hmap -Xcc -iquote -Xcc /Users/runner/work/Reframe/Reframe/App/build/Build/Intermediates.noindex/AutoReframe.build/Debug-iphonesimulator/AutoReframe.build/AutoReframe-generated-files.hmap -Xcc -I/Users/runner/work/Reframe/Reframe/App/build/Build/Intermediates.noindex/AutoReframe.build/Debug-iphonesimulator/AutoReframe.build/AutoReframe-own-target-headers.hmap -Xcc -I/Users/runner/work/Reframe/Reframe/App/build/Build/Intermediates.noindex/AutoReframe.build/Debug-iphonesimulator/AutoReframe.build/AutoReframe-all-non-framework-target-headers.hmap -Xcc -ivfsoverlay -Xcc /Users/runner/work/Reframe/Reframe/App/build/Build/Intermediates.noindex/AutoReframe.build/Debug-iphonesimulator/AutoReframe-80d5b118fb95dbd414767e04e4966aee-VFS-iphonesimulator/all-product-headers.yaml -Xcc -iquote -Xcc /Users/runner/work/Reframe/Reframe/App/build/Build/Intermediates.noindex/AutoReframe.build/Debug-iphonesimulator/AutoReframe.build/AutoReframe-project-headers.hmap -Xcc -I/Users/runner/work/Reframe/Reframe/App/build/Build/Products/Debug-iphonesimulator/include -Xcc -I/Users/runner/work/Reframe/Reframe/App/build/Build/Intermediates.noindex/AutoReframe.build/Debug-iphonesimulator/AutoReframe.build/DerivedSources-normal/arm64 -Xcc -I/Users/runner/work/Reframe/Reframe/App/build/Build/Intermediates.noindex/AutoReframe.build/Debug-iphonesimulator/AutoReframe.build/DerivedSources/arm64 -Xcc -I/Users/runner/work/Reframe/Reframe/App/build/Build/Intermediates.noindex/AutoReframe.build/Debug-iphonesimulator/AutoReframe.build/DerivedSources -Xcc -DDEBUG\=1 -module-name AutoReframe -frontend-parseable-output -disable-clang-spi -target-sdk-version 18.2 -target-sdk-name iphonesimulator18.2 -external-plugin-path /Applications/Xcode_16.2.app/Contents/Developer/Platforms/iPhoneOS.platform/Developer/usr/lib/swift/host/plugins\#/Applications/Xcode_16.2.app/Contents/Developer/Platforms/iPhoneOS.platform/Developer/usr/bin/swift-plugin-server -external-plugin-path /Applications/Xcode_16.2.app/Contents/Developer/Platforms/iPhoneOS.platform/Developer/usr/local/lib/swift/host/plugins\#/Applications/Xcode_16.2.app/Contents/Developer/Platforms/iPhoneOS.platform/Developer/usr/bin/swift-plugin-server -plugin-path /Applications/Xcode_16.2.app/Contents/Developer/Toolchains/XcodeDefault.xctoolchain/usr/lib/swift/host/plugins -plugin-path /Applications/Xcode_16.2.app/Contents/Developer/Toolchains/XcodeDefault.xctoolchain/usr/local/lib/swift/host/plugins -o /Users/runner/work/Reframe/Reframe/App/build/Build/Intermediates.noindex/AutoReframe.build/Debug-iphonesimulator/AutoReframe.build/Objects-normal/arm64/AutoReframeApp.o -o /Users/runner/work/Reframe/Reframe/App/build/Build/Intermediates.noindex/AutoReframe.build/Debug-iphonesimulator/AutoReframe.build/Objects-normal/arm64/CameraService.o -o /Users/runner/work/Reframe/Reframe/App/build/Build/Intermediates.noindex/AutoReframe.build/Debug-iphonesimulator/AutoReframe.build/Objects-normal/arm64/CameraView.o -index-unit-output-path /AutoReframe.build/Debug-iphonesimulator/AutoReframe.build/Objects-normal/arm64/AutoReframeApp.o -index-unit-output-path /AutoReframe.build/Debug-iphonesimulator/AutoReframe.build/Objects-normal/arm64/CameraService.o -index-unit-output-path /AutoReframe.build/Debug-iphonesimulator/AutoReframe.build/Objects-normal/arm64/CameraView.o -index-store-path /Users/runner/work/Reframe/Reframe/App/build/Index.noindex/DataStore -index-system-modules

SwiftDriverJobDiscovery normal x86_64 Emitting module for AutoReframe (in target 'AutoReframe' from project 'AutoReframe')

SwiftDriver\ Compilation\ Requirements AutoReframe normal arm64 com.apple.xcode.tools.swift.compiler (in target 'AutoReframe' from project 'AutoReframe')
    cd /Users/runner/work/Reframe/Reframe/App
    builtin-Swift-Compilation-Requirements -- /Applications/Xcode_16.2.app/Contents/Developer/Toolchains/XcodeDefault.xctoolchain/usr/bin/swiftc -module-name AutoReframe -Onone -enforce-exclusivity\=checked @/Users/runner/work/Reframe/Reframe/App/build/Build/Intermediates.noindex/AutoReframe.build/Debug-iphonesimulator/AutoReframe.build/Objects-normal/arm64/AutoReframe.SwiftFileList -DDEBUG -enable-bare-slash-regex -enable-experimental-feature DebugDescriptionMacro -sdk /Applications/Xcode_16.2.app/Contents/Developer/Platforms/iPhoneSimulator.platform/Developer/SDKs/iPhoneSimulator18.2.sdk -target arm64-apple-ios16.0-simulator -g -module-cache-path /Users/runner/work/Reframe/Reframe/App/build/ModuleCache.noindex -Xfrontend -serialize-debugging-options -enable-testing -index-store-path /Users/runner/work/Reframe/Reframe/App/build/Index.noindex/DataStore -enable-experimental-feature OpaqueTypeErasure -Xcc -D_LIBCPP_HARDENING_MODE\=_LIBCPP_HARDENING_MODE_DEBUG -swift-version 5 -I /Users/runner/work/Reframe/Reframe/App/build/Build/Products/Debug-iphonesimulator -F /Users/runner/work/Reframe/Reframe/App/build/Build/Products/Debug-iphonesimulator/PackageFrameworks -F /Users/runner/work/Reframe/Reframe/App/build/Build/Products/Debug-iphonesimulator/PackageFrameworks -F /Users/runner/work/Reframe/Reframe/App/build/Build/Products/Debug-iphonesimulator -c -j3 -enable-batch-mode -incremental -Xcc -ivfsstatcache -Xcc /Users/runner/work/Reframe/Reframe/App/build/SDKStatCaches.noindex/iphonesimulator18.2-22C146-16b5fc1f628d844b188c57a1ba9d6a81.sdkstatcache -output-file-map /Users/runner/work/Reframe/Reframe/App/build/Build/Intermediates.noindex/AutoReframe.build/Debug-iphonesimulator/AutoReframe.build/Objects-normal/arm64/AutoReframe-OutputFileMap.json -use-frontend-parseable-output -save-temps -no-color-diagnostics -serialize-diagnostics -emit-dependencies -emit-module -emit-module-path /Users/runner/work/Reframe/Reframe/App/build/Build/Intermediates.noindex/AutoReframe.build/Debug-iphonesimulator/AutoReframe.build/Objects-normal/arm64/AutoReframe.swiftmodule -validate-clang-modules-once -clang-build-session-file /Users/runner/work/Reframe/Reframe/App/build/ModuleCache.noindex/Session.modulevalidation -Xcc -I/Users/runner/work/Reframe/Reframe/App/build/Build/Intermediates.noindex/AutoReframe.build/Debug-iphonesimulator/AutoReframe.build/swift-overrides.hmap -emit-const-values -Xfrontend -const-gather-protocols-file -Xfrontend /Users/runner/work/Reframe/Reframe/App/build/Build/Intermediates.noindex/AutoReframe.build/Debug-iphonesimulator/AutoReframe.build/Objects-normal/arm64/AutoReframe_const_extract_protocols.json -Xcc -iquote -Xcc /Users/runner/work/Reframe/Reframe/App/build/Build/Intermediates.noindex/AutoReframe.build/Debug-iphonesimulator/AutoReframe.build/AutoReframe-generated-files.hmap -Xcc -I/Users/runner/work/Reframe/Reframe/App/build/Build/Intermediates.noindex/AutoReframe.build/Debug-iphonesimulator/AutoReframe.build/AutoReframe-own-target-headers.hmap -Xcc -I/Users/runner/work/Reframe/Reframe/App/build/Build/Intermediates.noindex/AutoReframe.build/Debug-iphonesimulator/AutoReframe.build/AutoReframe-all-non-framework-target-headers.hmap -Xcc -ivfsoverlay -Xcc /Users/runner/work/Reframe/Reframe/App/build/Build/Intermediates.noindex/AutoReframe.build/Debug-iphonesimulator/AutoReframe-80d5b118fb95dbd414767e04e4966aee-VFS-iphonesimulator/all-product-headers.yaml -Xcc -iquote -Xcc /Users/runner/work/Reframe/Reframe/App/build/Build/Intermediates.noindex/AutoReframe.build/Debug-iphonesimulator/AutoReframe.build/AutoReframe-project-headers.hmap -Xcc -I/Users/runner/work/Reframe/Reframe/App/build/Build/Products/Debug-iphonesimulator/include -Xcc -I/Users/runner/work/Reframe/Reframe/App/build/Build/Intermediates.noindex/AutoReframe.build/Debug-iphonesimulator/AutoReframe.build/DerivedSources-normal/arm64 -Xcc -I/Users/runner/work/Reframe/Reframe/App/build/Build/Intermediates.noindex/AutoReframe.build/Debug-iphonesimulator/AutoReframe.build/DerivedSources/arm64 -Xcc -I/Users/runner/work/Reframe/Reframe/App/build/Build/Intermediates.noindex/AutoReframe.build/Debug-iphonesimulator/AutoReframe.build/DerivedSources -Xcc -DDEBUG\=1 -emit-objc-header -emit-objc-header-path /Users/runner/work/Reframe/Reframe/App/build/Build/Intermediates.noindex/AutoReframe.build/Debug-iphonesimulator/AutoReframe.build/Objects-normal/arm64/AutoReframe-Swift.h -working-directory /Users/runner/work/Reframe/Reframe/App -experimental-emit-module-separately -disable-cmo

SwiftDriver\ Compilation\ Requirements AutoReframe normal x86_64 com.apple.xcode.tools.swift.compiler (in target 'AutoReframe' from project 'AutoReframe')
    cd /Users/runner/work/Reframe/Reframe/App
    builtin-Swift-Compilation-Requirements -- /Applications/Xcode_16.2.app/Contents/Developer/Toolchains/XcodeDefault.xctoolchain/usr/bin/swiftc -module-name AutoReframe -Onone -enforce-exclusivity\=checked @/Users/runner/work/Reframe/Reframe/App/build/Build/Intermediates.noindex/AutoReframe.build/Debug-iphonesimulator/AutoReframe.build/Objects-normal/x86_64/AutoReframe.SwiftFileList -DDEBUG -enable-bare-slash-regex -enable-experimental-feature DebugDescriptionMacro -sdk /Applications/Xcode_16.2.app/Contents/Developer/Platforms/iPhoneSimulator.platform/Developer/SDKs/iPhoneSimulator18.2.sdk -target x86_64-apple-ios16.0-simulator -g -module-cache-path /Users/runner/work/Reframe/Reframe/App/build/ModuleCache.noindex -Xfrontend -serialize-debugging-options -enable-testing -index-store-path /Users/runner/work/Reframe/Reframe/App/build/Index.noindex/DataStore -enable-experimental-feature OpaqueTypeErasure -Xcc -D_LIBCPP_HARDENING_MODE\=_LIBCPP_HARDENING_MODE_DEBUG -swift-version 5 -I /Users/runner/work/Reframe/Reframe/App/build/Build/Products/Debug-iphonesimulator -F /Users/runner/work/Reframe/Reframe/App/build/Build/Products/Debug-iphonesimulator/PackageFrameworks -F /Users/runner/work/Reframe/Reframe/App/build/Build/Products/Debug-iphonesimulator/PackageFrameworks -F /Users/runner/work/Reframe/Reframe/App/build/Build/Products/Debug-iphonesimulator -c -j3 -enable-batch-mode -incremental -Xcc -ivfsstatcache -Xcc /Users/runner/work/Reframe/Reframe/App/build/SDKStatCaches.noindex/iphonesimulator18.2-22C146-16b5fc1f628d844b188c57a1ba9d6a81.sdkstatcache -output-file-map /Users/runner/work/Reframe/Reframe/App/build/Build/Intermediates.noindex/AutoReframe.build/Debug-iphonesimulator/AutoReframe.build/Objects-normal/x86_64/AutoReframe-OutputFileMap.json -use-frontend-parseable-output -save-temps -no-color-diagnostics -serialize-diagnostics -emit-dependencies -emit-module -emit-module-path /Users/runner/work/Reframe/Reframe/App/build/Build/Intermediates.noindex/AutoReframe.build/Debug-iphonesimulator/AutoReframe.build/Objects-normal/x86_64/AutoReframe.swiftmodule -validate-clang-modules-once -clang-build-session-file /Users/runner/work/Reframe/Reframe/App/build/ModuleCache.noindex/Session.modulevalidation -Xcc -I/Users/runner/work/Reframe/Reframe/App/build/Build/Intermediates.noindex/AutoReframe.build/Debug-iphonesimulator/AutoReframe.build/swift-overrides.hmap -emit-const-values -Xfrontend -const-gather-protocols-file -Xfrontend /Users/runner/work/Reframe/Reframe/App/build/Build/Intermediates.noindex/AutoReframe.build/Debug-iphonesimulator/AutoReframe.build/Objects-normal/x86_64/AutoReframe_const_extract_protocols.json -Xcc -iquote -Xcc /Users/runner/work/Reframe/Reframe/App/build/Build/Intermediates.noindex/AutoReframe.build/Debug-iphonesimulator/AutoReframe.build/AutoReframe-generated-files.hmap -Xcc -I/Users/runner/work/Reframe/Reframe/App/build/Build/Intermediates.noindex/AutoReframe.build/Debug-iphonesimulator/AutoReframe.build/AutoReframe-own-target-headers.hmap -Xcc -I/Users/runner/work/Reframe/Reframe/App/build/Build/Intermediates.noindex/AutoReframe.build/Debug-iphonesimulator/AutoReframe.build/AutoReframe-all-non-framework-target-headers.hmap -Xcc -ivfsoverlay -Xcc /Users/runner/work/Reframe/Reframe/App/build/Build/Intermediates.noindex/AutoReframe.build/Debug-iphonesimulator/AutoReframe-80d5b118fb95dbd414767e04e4966aee-VFS-iphonesimulator/all-product-headers.yaml -Xcc -iquote -Xcc /Users/runner/work/Reframe/Reframe/App/build/Build/Intermediates.noindex/AutoReframe.build/Debug-iphonesimulator/AutoReframe.build/AutoReframe-project-headers.hmap -Xcc -I/Users/runner/work/Reframe/Reframe/App/build/Build/Products/Debug-iphonesimulator/include -Xcc -I/Users/runner/work/Reframe/Reframe/App/build/Build/Intermediates.noindex/AutoReframe.build/Debug-iphonesimulator/AutoReframe.build/DerivedSources-normal/x86_64 -Xcc -I/Users/runner/work/Reframe/Reframe/App/build/Build/Intermediates.noindex/AutoReframe.build/Debug-iphonesimulator/AutoReframe.build/DerivedSources/x86_64 -Xcc -I/Users/runner/work/Reframe/Reframe/App/build/Build/Intermediates.noindex/AutoReframe.build/Debug-iphonesimulator/AutoReframe.build/DerivedSources -Xcc -DDEBUG\=1 -emit-objc-header -emit-objc-header-path /Users/runner/work/Reframe/Reframe/App/build/Build/Intermediates.noindex/AutoReframe.build/Debug-iphonesimulator/AutoReframe.build/Objects-normal/x86_64/AutoReframe-Swift.h -working-directory /Users/runner/work/Reframe/Reframe/App -experimental-emit-module-separately -disable-cmo

Copy /Users/runner/work/Reframe/Reframe/App/build/Build/Products/Debug-iphonesimulator/AutoReframe.swiftmodule/arm64-apple-ios-simulator.swiftmodule /Users/runner/work/Reframe/Reframe/App/build/Build/Intermediates.noindex/AutoReframe.build/Debug-iphonesimulator/AutoReframe.build/Objects-normal/arm64/AutoReframe.swiftmodule (in target 'AutoReframe' from project 'AutoReframe')
    cd /Users/runner/work/Reframe/Reframe/App
    builtin-copy -exclude .DS_Store -exclude CVS -exclude .svn -exclude .git -exclude .hg -resolve-src-symlinks -rename /Users/runner/work/Reframe/Reframe/App/build/Build/Intermediates.noindex/AutoReframe.build/Debug-iphonesimulator/AutoReframe.build/Objects-normal/arm64/AutoReframe.swiftmodule /Users/runner/work/Reframe/Reframe/App/build/Build/Products/Debug-iphonesimulator/AutoReframe.swiftmodule/arm64-apple-ios-simulator.swiftmodule

SwiftMergeGeneratedHeaders /Users/runner/work/Reframe/Reframe/App/build/Build/Intermediates.noindex/AutoReframe.build/Debug-iphonesimulator/AutoReframe.build/DerivedSources/AutoReframe-Swift.h /Users/runner/work/Reframe/Reframe/App/build/Build/Intermediates.noindex/AutoReframe.build/Debug-iphonesimulator/AutoReframe.build/Objects-normal/arm64/AutoReframe-Swift.h /Users/runner/work/Reframe/Reframe/App/build/Build/Intermediates.noindex/AutoReframe.build/Debug-iphonesimulator/AutoReframe.build/Objects-normal/x86_64/AutoReframe-Swift.h (in target 'AutoReframe' from project 'AutoReframe')
    cd /Users/runner/work/Reframe/Reframe/App
    builtin-swiftHeaderTool -arch arm64 /Users/runner/work/Reframe/Reframe/App/build/Build/Intermediates.noindex/AutoReframe.build/Debug-iphonesimulator/AutoReframe.build/Objects-normal/arm64/AutoReframe-Swift.h -arch x86_64 /Users/runner/work/Reframe/Reframe/App/build/Build/Intermediates.noindex/AutoReframe.build/Debug-iphonesimulator/AutoReframe.build/Objects-normal/x86_64/AutoReframe-Swift.h -o /Users/runner/work/Reframe/Reframe/App/build/Build/Intermediates.noindex/AutoReframe.build/Debug-iphonesimulator/AutoReframe.build/DerivedSources/AutoReframe-Swift.h

Copy /Users/runner/work/Reframe/Reframe/App/build/Build/Products/Debug-iphonesimulator/AutoReframe.swiftmodule/x86_64-apple-ios-simulator.swiftmodule /Users/runner/work/Reframe/Reframe/App/build/Build/Intermediates.noindex/AutoReframe.build/Debug-iphonesimulator/AutoReframe.build/Objects-normal/x86_64/AutoReframe.swiftmodule (in target 'AutoReframe' from project 'AutoReframe')
    cd /Users/runner/work/Reframe/Reframe/App
    builtin-copy -exclude .DS_Store -exclude CVS -exclude .svn -exclude .git -exclude .hg -resolve-src-symlinks -rename /Users/runner/work/Reframe/Reframe/App/build/Build/Intermediates.noindex/AutoReframe.build/Debug-iphonesimulator/AutoReframe.build/Objects-normal/x86_64/AutoReframe.swiftmodule /Users/runner/work/Reframe/Reframe/App/build/Build/Products/Debug-iphonesimulator/AutoReframe.swiftmodule/x86_64-apple-ios-simulator.swiftmodule

Copy /Users/runner/work/Reframe/Reframe/App/build/Build/Products/Debug-iphonesimulator/AutoReframe.swiftmodule/x86_64-apple-ios-simulator.swiftdoc /Users/runner/work/Reframe/Reframe/App/build/Build/Intermediates.noindex/AutoReframe.build/Debug-iphonesimulator/AutoReframe.build/Objects-normal/x86_64/AutoReframe.swiftdoc (in target 'AutoReframe' from project 'AutoReframe')
    cd /Users/runner/work/Reframe/Reframe/App
    builtin-copy -exclude .DS_Store -exclude CVS -exclude .svn -exclude .git -exclude .hg -resolve-src-symlinks -rename /Users/runner/work/Reframe/Reframe/App/build/Build/Intermediates.noindex/AutoReframe.build/Debug-iphonesimulator/AutoReframe.build/Objects-normal/x86_64/AutoReframe.swiftdoc /Users/runner/work/Reframe/Reframe/App/build/Build/Products/Debug-iphonesimulator/AutoReframe.swiftmodule/x86_64-apple-ios-simulator.swiftdoc

Copy /Users/runner/work/Reframe/Reframe/App/build/Build/Products/Debug-iphonesimulator/AutoReframe.swiftmodule/x86_64-apple-ios-simulator.abi.json /Users/runner/work/Reframe/Reframe/App/build/Build/Intermediates.noindex/AutoReframe.build/Debug-iphonesimulator/AutoReframe.build/Objects-normal/x86_64/AutoReframe.abi.json (in target 'AutoReframe' from project 'AutoReframe')
    cd /Users/runner/work/Reframe/Reframe/App
    builtin-copy -exclude .DS_Store -exclude CVS -exclude .svn -exclude .git -exclude .hg -resolve-src-symlinks -rename /Users/runner/work/Reframe/Reframe/App/build/Build/Intermediates.noindex/AutoReframe.build/Debug-iphonesimulator/AutoReframe.build/Objects-normal/x86_64/AutoReframe.abi.json /Users/runner/work/Reframe/Reframe/App/build/Build/Products/Debug-iphonesimulator/AutoReframe.swiftmodule/x86_64-apple-ios-simulator.abi.json

Copy /Users/runner/work/Reframe/Reframe/App/build/Build/Products/Debug-iphonesimulator/AutoReframe.swiftmodule/arm64-apple-ios-simulator.swiftdoc /Users/runner/work/Reframe/Reframe/App/build/Build/Intermediates.noindex/AutoReframe.build/Debug-iphonesimulator/AutoReframe.build/Objects-normal/arm64/AutoReframe.swiftdoc (in target 'AutoReframe' from project 'AutoReframe')
    cd /Users/runner/work/Reframe/Reframe/App
    builtin-copy -exclude .DS_Store -exclude CVS -exclude .svn -exclude .git -exclude .hg -resolve-src-symlinks -rename /Users/runner/work/Reframe/Reframe/App/build/Build/Intermediates.noindex/AutoReframe.build/Debug-iphonesimulator/AutoReframe.build/Objects-normal/arm64/AutoReframe.swiftdoc /Users/runner/work/Reframe/Reframe/App/build/Build/Products/Debug-iphonesimulator/AutoReframe.swiftmodule/arm64-apple-ios-simulator.swiftdoc

Copy /Users/runner/work/Reframe/Reframe/App/build/Build/Products/Debug-iphonesimulator/AutoReframe.swiftmodule/arm64-apple-ios-simulator.abi.json /Users/runner/work/Reframe/Reframe/App/build/Build/Intermediates.noindex/AutoReframe.build/Debug-iphonesimulator/AutoReframe.build/Objects-normal/arm64/AutoReframe.abi.json (in target 'AutoReframe' from project 'AutoReframe')
    cd /Users/runner/work/Reframe/Reframe/App
    builtin-copy -exclude .DS_Store -exclude CVS -exclude .svn -exclude .git -exclude .hg -resolve-src-symlinks -rename /Users/runner/work/Reframe/Reframe/App/build/Build/Intermediates.noindex/AutoReframe.build/Debug-iphonesimulator/AutoReframe.build/Objects-normal/arm64/AutoReframe.abi.json /Users/runner/work/Reframe/Reframe/App/build/Build/Products/Debug-iphonesimulator/AutoReframe.swiftmodule/arm64-apple-ios-simulator.abi.json

Copy /Users/runner/work/Reframe/Reframe/App/build/Build/Products/Debug-iphonesimulator/AutoReframe.swiftmodule/Project/x86_64-apple-ios-simulator.swiftsourceinfo /Users/runner/work/Reframe/Reframe/App/build/Build/Intermediates.noindex/AutoReframe.build/Debug-iphonesimulator/AutoReframe.build/Objects-normal/x86_64/AutoReframe.swiftsourceinfo (in target 'AutoReframe' from project 'AutoReframe')
    cd /Users/runner/work/Reframe/Reframe/App
    builtin-copy -exclude .DS_Store -exclude CVS -exclude .svn -exclude .git -exclude .hg -resolve-src-symlinks -rename /Users/runner/work/Reframe/Reframe/App/build/Build/Intermediates.noindex/AutoReframe.build/Debug-iphonesimulator/AutoReframe.build/Objects-normal/x86_64/AutoReframe.swiftsourceinfo /Users/runner/work/Reframe/Reframe/App/build/Build/Products/Debug-iphonesimulator/AutoReframe.swiftmodule/Project/x86_64-apple-ios-simulator.swiftsourceinfo

Copy /Users/runner/work/Reframe/Reframe/App/build/Build/Products/Debug-iphonesimulator/AutoReframe.swiftmodule/Project/arm64-apple-ios-simulator.swiftsourceinfo /Users/runner/work/Reframe/Reframe/App/build/Build/Intermediates.noindex/AutoReframe.build/Debug-iphonesimulator/AutoReframe.build/Objects-normal/arm64/AutoReframe.swiftsourceinfo (in target 'AutoReframe' from project 'AutoReframe')
    cd /Users/runner/work/Reframe/Reframe/App
    builtin-copy -exclude .DS_Store -exclude CVS -exclude .svn -exclude .git -exclude .hg -resolve-src-symlinks -rename /Users/runner/work/Reframe/Reframe/App/build/Build/Intermediates.noindex/AutoReframe.build/Debug-iphonesimulator/AutoReframe.build/Objects-normal/arm64/AutoReframe.swiftsourceinfo /Users/runner/work/Reframe/Reframe/App/build/Build/Products/Debug-iphonesimulator/AutoReframe.swiftmodule/Project/arm64-apple-ios-simulator.swiftsourceinfo

SwiftCompile normal x86_64 Compiling\ ProcessingModel.swift,\ VideoFile.swift /Users/runner/work/Reframe/Reframe/App/AutoReframe/ProcessingModel.swift /Users/runner/work/Reframe/Reframe/App/AutoReframe/VideoFile.swift (in target 'AutoReframe' from project 'AutoReframe')
    cd /Users/runner/work/Reframe/Reframe/App
    builtin-swiftTaskExecution -- /Applications/Xcode_16.2.app/Contents/Developer/Toolchains/XcodeDefault.xctoolchain/usr/bin/swift-frontend -frontend -c /Users/runner/work/Reframe/Reframe/App/AutoReframe/AutoReframeApp.swift /Users/runner/work/Reframe/Reframe/App/AutoReframe/CameraService.swift /Users/runner/work/Reframe/Reframe/App/AutoReframe/CameraView.swift /Users/runner/work/Reframe/Reframe/App/AutoReframe/ContentView.swift /Users/runner/work/Reframe/Reframe/App/AutoReframe/Options.swift -primary-file /Users/runner/work/Reframe/Reframe/App/AutoReframe/ProcessingModel.swift -primary-file /Users/runner/work/Reframe/Reframe/App/AutoReframe/VideoFile.swift -emit-dependencies-path /Users/runner/work/Reframe/Reframe/App/build/Build/Intermediates.noindex/AutoReframe.build/Debug-iphonesimulator/AutoReframe.build/Objects-normal/x86_64/ProcessingModel.d -emit-const-values-path /Users/runner/work/Reframe/Reframe/App/build/Build/Intermediates.noindex/AutoReframe.build/Debug-iphonesimulator/AutoReframe.build/Objects-normal/x86_64/ProcessingModel.swiftconstvalues -emit-reference-dependencies-path /Users/runner/work/Reframe/Reframe/App/build/Build/Intermediates.noindex/AutoReframe.build/Debug-iphonesimulator/AutoReframe.build/Objects-normal/x86_64/ProcessingModel.swiftdeps -serialize-diagnostics-path /Users/runner/work/Reframe/Reframe/App/build/Build/Intermediates.noindex/AutoReframe.build/Debug-iphonesimulator/AutoReframe.build/Objects-normal/x86_64/ProcessingModel.dia -emit-dependencies-path /Users/runner/work/Reframe/Reframe/App/build/Build/Intermediates.noindex/AutoReframe.build/Debug-iphonesimulator/AutoReframe.build/Objects-normal/x86_64/VideoFile.d -emit-const-values-path /Users/runner/work/Reframe/Reframe/App/build/Build/Intermediates.noindex/AutoReframe.build/Debug-iphonesimulator/AutoReframe.build/Objects-normal/x86_64/VideoFile.swiftconstvalues -emit-reference-dependencies-path /Users/runner/work/Reframe/Reframe/App/build/Build/Intermediates.noindex/AutoReframe.build/Debug-iphonesimulator/AutoReframe.build/Objects-normal/x86_64/VideoFile.swiftdeps -serialize-diagnostics-path /Users/runner/work/Reframe/Reframe/App/build/Build/Intermediates.noindex/AutoReframe.build/Debug-iphonesimulator/AutoReframe.build/Objects-normal/x86_64/VideoFile.dia -target x86_64-apple-ios16.0-simulator -enable-objc-interop -sdk /Applications/Xcode_16.2.app/Contents/Developer/Platforms/iPhoneSimulator.platform/Developer/SDKs/iPhoneSimulator18.2.sdk -I /Users/runner/work/Reframe/Reframe/App/build/Build/Products/Debug-iphonesimulator -F /Users/runner/work/Reframe/Reframe/App/build/Build/Products/Debug-iphonesimulator/PackageFrameworks -F /Users/runner/work/Reframe/Reframe/App/build/Build/Products/Debug-iphonesimulator/PackageFrameworks -F /Users/runner/work/Reframe/Reframe/App/build/Build/Products/Debug-iphonesimulator -no-color-diagnostics -enable-testing -g -debug-info-format\=dwarf -dwarf-version\=4 -module-cache-path /Users/runner/work/Reframe/Reframe/App/build/ModuleCache.noindex -swift-version 5 -enforce-exclusivity\=checked -Onone -D DEBUG -serialize-debugging-options -const-gather-protocols-file /Users/runner/work/Reframe/Reframe/App/build/Build/Intermediates.noindex/AutoReframe.build/Debug-iphonesimulator/AutoReframe.build/Objects-normal/x86_64/AutoReframe_const_extract_protocols.json -enable-experimental-feature DebugDescriptionMacro -enable-experimental-feature OpaqueTypeErasure -enable-bare-slash-regex -empty-abi-descriptor -validate-clang-modules-once -clang-build-session-file /Users/runner/work/Reframe/Reframe/App/build/ModuleCache.noindex/Session.modulevalidation -Xcc -working-directory -Xcc /Users/runner/work/Reframe/Reframe/App -resource-dir /Applications/Xcode_16.2.app/Contents/Developer/Toolchains/XcodeDefault.xctoolchain/usr/lib/swift -enable-anonymous-context-mangled-names -file-compilation-dir /Users/runner/work/Reframe/Reframe/App -Xcc -D_LIBCPP_HARDENING_MODE\=_LIBCPP_HARDENING_MODE_DEBUG -Xcc -ivfsstatcache -Xcc /Users/runner/work/Reframe/Reframe/App/build/SDKStatCaches.noindex/iphonesimulator18.2-22C146-16b5fc1f628d844b188c57a1ba9d6a81.sdkstatcache -Xcc -I/Users/runner/work/Reframe/Reframe/App/build/Build/Intermediates.noindex/AutoReframe.build/Debug-iphonesimulator/AutoReframe.build/swift-overrides.hmap -Xcc -iquote -Xcc /Users/runner/work/Reframe/Reframe/App/build/Build/Intermediates.noindex/AutoReframe.build/Debug-iphonesimulator/AutoReframe.build/AutoReframe-generated-files.hmap -Xcc -I/Users/runner/work/Reframe/Reframe/App/build/Build/Intermediates.noindex/AutoReframe.build/Debug-iphonesimulator/AutoReframe.build/AutoReframe-own-target-headers.hmap -Xcc -I/Users/runner/work/Reframe/Reframe/App/build/Build/Intermediates.noindex/AutoReframe.build/Debug-iphonesimulator/AutoReframe.build/AutoReframe-all-non-framework-target-headers.hmap -Xcc -ivfsoverlay -Xcc /Users/runner/work/Reframe/Reframe/App/build/Build/Intermediates.noindex/AutoReframe.build/Debug-iphonesimulator/AutoReframe-80d5b118fb95dbd414767e04e4966aee-VFS-iphonesimulator/all-product-headers.yaml -Xcc -iquote -Xcc /Users/runner/work/Reframe/Reframe/App/build/Build/Intermediates.noindex/AutoReframe.build/Debug-iphonesimulator/AutoReframe.build/AutoReframe-project-headers.hmap -Xcc -I/Users/runner/work/Reframe/Reframe/App/build/Build/Products/Debug-iphonesimulator/include -Xcc -I/Users/runner/work/Reframe/Reframe/App/build/Build/Intermediates.noindex/AutoReframe.build/Debug-iphonesimulator/AutoReframe.build/DerivedSources-normal/x86_64 -Xcc -I/Users/runner/work/Reframe/Reframe/App/build/Build/Intermediates.noindex/AutoReframe.build/Debug-iphonesimulator/AutoReframe.build/DerivedSources/x86_64 -Xcc -I/Users/runner/work/Reframe/Reframe/App/build/Build/Intermediates.noindex/AutoReframe.build/Debug-iphonesimulator/AutoReframe.build/DerivedSources -Xcc -DDEBUG\=1 -module-name AutoReframe -frontend-parseable-output -disable-clang-spi -target-sdk-version 18.2 -target-sdk-name iphonesimulator18.2 -external-plugin-path /Applications/Xcode_16.2.app/Contents/Developer/Platforms/iPhoneOS.platform/Developer/usr/lib/swift/host/plugins\#/Applications/Xcode_16.2.app/Contents/Developer/Platforms/iPhoneOS.platform/Developer/usr/bin/swift-plugin-server -external-plugin-path /Applications/Xcode_16.2.app/Contents/Developer/Platforms/iPhoneOS.platform/Developer/usr/local/lib/swift/host/plugins\#/Applications/Xcode_16.2.app/Contents/Developer/Platforms/iPhoneOS.platform/Developer/usr/bin/swift-plugin-server -plugin-path /Applications/Xcode_16.2.app/Contents/Developer/Toolchains/XcodeDefault.xctoolchain/usr/lib/swift/host/plugins -plugin-path /Applications/Xcode_16.2.app/Contents/Developer/Toolchains/XcodeDefault.xctoolchain/usr/local/lib/swift/host/plugins -o /Users/runner/work/Reframe/Reframe/App/build/Build/Intermediates.noindex/AutoReframe.build/Debug-iphonesimulator/AutoReframe.build/Objects-normal/x86_64/ProcessingModel.o -o /Users/runner/work/Reframe/Reframe/App/build/Build/Intermediates.noindex/AutoReframe.build/Debug-iphonesimulator/AutoReframe.build/Objects-normal/x86_64/VideoFile.o -index-unit-output-path /AutoReframe.build/Debug-iphonesimulator/AutoReframe.build/Objects-normal/x86_64/ProcessingModel.o -index-unit-output-path /AutoReframe.build/Debug-iphonesimulator/AutoReframe.build/Objects-normal/x86_64/VideoFile.o -index-store-path /Users/runner/work/Reframe/Reframe/App/build/Index.noindex/DataStore -index-system-modules
SwiftCompile normal x86_64 /Users/runner/work/Reframe/Reframe/App/AutoReframe/ProcessingModel.swift (in target 'AutoReframe' from project 'AutoReframe')
    cd /Users/runner/work/Reframe/Reframe/App
    /Applications/Xcode_16.2.app/Contents/Developer/Toolchains/XcodeDefault.xctoolchain/usr/bin/swift-frontend -c /Users/runner/work/Reframe/Reframe/App/AutoReframe/AutoReframeApp.swift /Users/runner/work/Reframe/Reframe/App/AutoReframe/CameraService.swift /Users/runner/work/Reframe/Reframe/App/AutoReframe/CameraView.swift /Users/runner/work/Reframe/Reframe/App/AutoReframe/ContentView.swift /Users/runner/work/Reframe/Reframe/App/AutoReframe/Options.swift -primary-file /Users/runner/work/Reframe/Reframe/App/AutoReframe/ProcessingModel.swift -primary-file /Users/runner/work/Reframe/Reframe/App/AutoReframe/VideoFile.swift -emit-dependencies-path /Users/runner/work/Reframe/Reframe/App/build/Build/Intermediates.noindex/AutoReframe.build/Debug-iphonesimulator/AutoReframe.build/Objects-normal/x86_64/ProcessingModel.d -emit-const-values-path /Users/runner/work/Reframe/Reframe/App/build/Build/Intermediates.noindex/AutoReframe.build/Debug-iphonesimulator/AutoReframe.build/Objects-normal/x86_64/ProcessingModel.swiftconstvalues -emit-reference-dependencies-path /Users/runner/work/Reframe/Reframe/App/build/Build/Intermediates.noindex/AutoReframe.build/Debug-iphonesimulator/AutoReframe.build/Objects-normal/x86_64/ProcessingModel.swiftdeps -serialize-diagnostics-path /Users/runner/work/Reframe/Reframe/App/build/Build/Intermediates.noindex/AutoReframe.build/Debug-iphonesimulator/AutoReframe.build/Objects-normal/x86_64/ProcessingModel.dia -emit-dependencies-path /Users/runner/work/Reframe/Reframe/App/build/Build/Intermediates.noindex/AutoReframe.build/Debug-iphonesimulator/AutoReframe.build/Objects-normal/x86_64/VideoFile.d -emit-const-values-path /Users/runner/work/Reframe/Reframe/App/build/Build/Intermediates.noindex/AutoReframe.build/Debug-iphonesimulator/AutoReframe.build/Objects-normal/x86_64/VideoFile.swiftconstvalues -emit-reference-dependencies-path /Users/runner/work/Reframe/Reframe/App/build/Build/Intermediates.noindex/AutoReframe.build/Debug-iphonesimulator/AutoReframe.build/Objects-normal/x86_64/VideoFile.swiftdeps -serialize-diagnostics-path /Users/runner/work/Reframe/Reframe/App/build/Build/Intermediates.noindex/AutoReframe.build/Debug-iphonesimulator/AutoReframe.build/Objects-normal/x86_64/VideoFile.dia -target x86_64-apple-ios16.0-simulator -enable-objc-interop -sdk /Applications/Xcode_16.2.app/Contents/Developer/Platforms/iPhoneSimulator.platform/Developer/SDKs/iPhoneSimulator18.2.sdk -I /Users/runner/work/Reframe/Reframe/App/build/Build/Products/Debug-iphonesimulator -F /Users/runner/work/Reframe/Reframe/App/build/Build/Products/Debug-iphonesimulator/PackageFrameworks -F /Users/runner/work/Reframe/Reframe/App/build/Build/Products/Debug-iphonesimulator/PackageFrameworks -F /Users/runner/work/Reframe/Reframe/App/build/Build/Products/Debug-iphonesimulator -no-color-diagnostics -enable-testing -g -debug-info-format\=dwarf -dwarf-version\=4 -module-cache-path /Users/runner/work/Reframe/Reframe/App/build/ModuleCache.noindex -swift-version 5 -enforce-exclusivity\=checked -Onone -D DEBUG -serialize-debugging-options -const-gather-protocols-file /Users/runner/work/Reframe/Reframe/App/build/Build/Intermediates.noindex/AutoReframe.build/Debug-iphonesimulator/AutoReframe.build/Objects-normal/x86_64/AutoReframe_const_extract_protocols.json -enable-experimental-feature DebugDescriptionMacro -enable-experimental-feature OpaqueTypeErasure -enable-bare-slash-regex -empty-abi-descriptor -validate-clang-modules-once -clang-build-session-file /Users/runner/work/Reframe/Reframe/App/build/ModuleCache.noindex/Session.modulevalidation -Xcc -working-directory -Xcc /Users/runner/work/Reframe/Reframe/App -resource-dir /Applications/Xcode_16.2.app/Contents/Developer/Toolchains/XcodeDefault.xctoolchain/usr/lib/swift -enable-anonymous-context-mangled-names -file-compilation-dir /Users/runner/work/Reframe/Reframe/App -Xcc -D_LIBCPP_HARDENING_MODE\=_LIBCPP_HARDENING_MODE_DEBUG -Xcc -ivfsstatcache -Xcc /Users/runner/work/Reframe/Reframe/App/build/SDKStatCaches.noindex/iphonesimulator18.2-22C146-16b5fc1f628d844b188c57a1ba9d6a81.sdkstatcache -Xcc -I/Users/runner/work/Reframe/Reframe/App/build/Build/Intermediates.noindex/AutoReframe.build/Debug-iphonesimulator/AutoReframe.build/swift-overrides.hmap -Xcc -iquote -Xcc /Users/runner/work/Reframe/Reframe/App/build/Build/Intermediates.noindex/AutoReframe.build/Debug-iphonesimulator/AutoReframe.build/AutoReframe-generated-files.hmap -Xcc -I/Users/runner/work/Reframe/Reframe/App/build/Build/Intermediates.noindex/AutoReframe.build/Debug-iphonesimulator/AutoReframe.build/AutoReframe-own-target-headers.hmap -Xcc -I/Users/runner/work/Reframe/Reframe/App/build/Build/Intermediates.noindex/AutoReframe.build/Debug-iphonesimulator/AutoReframe.build/AutoReframe-all-non-framework-target-headers.hmap -Xcc -ivfsoverlay -Xcc /Users/runner/work/Reframe/Reframe/App/build/Build/Intermediates.noindex/AutoReframe.build/Debug-iphonesimulator/AutoReframe-80d5b118fb95dbd414767e04e4966aee-VFS-iphonesimulator/all-product-headers.yaml -Xcc -iquote -Xcc /Users/runner/work/Reframe/Reframe/App/build/Build/Intermediates.noindex/AutoReframe.build/Debug-iphonesimulator/AutoReframe.build/AutoReframe-project-headers.hmap -Xcc -I/Users/runner/work/Reframe/Reframe/App/build/Build/Products/Debug-iphonesimulator/include -Xcc -I/Users/runner/work/Reframe/Reframe/App/build/Build/Intermediates.noindex/AutoReframe.build/Debug-iphonesimulator/AutoReframe.build/DerivedSources-normal/x86_64 -Xcc -I/Users/runner/work/Reframe/Reframe/App/build/Build/Intermediates.noindex/AutoReframe.build/Debug-iphonesimulator/AutoReframe.build/DerivedSources/x86_64 -Xcc -I/Users/runner/work/Reframe/Reframe/App/build/Build/Intermediates.noindex/AutoReframe.build/Debug-iphonesimulator/AutoReframe.build/DerivedSources -Xcc -DDEBUG\=1 -module-name AutoReframe -frontend-parseable-output -disable-clang-spi -target-sdk-version 18.2 -target-sdk-name iphonesimulator18.2 -external-plugin-path /Applications/Xcode_16.2.app/Contents/Developer/Platforms/iPhoneOS.platform/Developer/usr/lib/swift/host/plugins\#/Applications/Xcode_16.2.app/Contents/Developer/Platforms/iPhoneOS.platform/Developer/usr/bin/swift-plugin-server -external-plugin-path /Applications/Xcode_16.2.app/Contents/Developer/Platforms/iPhoneOS.platform/Developer/usr/local/lib/swift/host/plugins\#/Applications/Xcode_16.2.app/Contents/Developer/Platforms/iPhoneOS.platform/Developer/usr/bin/swift-plugin-server -plugin-path /Applications/Xcode_16.2.app/Contents/Developer/Toolchains/XcodeDefault.xctoolchain/usr/lib/swift/host/plugins -plugin-path /Applications/Xcode_16.2.app/Contents/Developer/Toolchains/XcodeDefault.xctoolchain/usr/local/lib/swift/host/plugins -o /Users/runner/work/Reframe/Reframe/App/build/Build/Intermediates.noindex/AutoReframe.build/Debug-iphonesimulator/AutoReframe.build/Objects-normal/x86_64/ProcessingModel.o -o /Users/runner/work/Reframe/Reframe/App/build/Build/Intermediates.noindex/AutoReframe.build/Debug-iphonesimulator/AutoReframe.build/Objects-normal/x86_64/VideoFile.o -index-unit-output-path /AutoReframe.build/Debug-iphonesimulator/AutoReframe.build/Objects-normal/x86_64/ProcessingModel.o -index-unit-output-path /AutoReframe.build/Debug-iphonesimulator/AutoReframe.build/Objects-normal/x86_64/VideoFile.o -index-store-path /Users/runner/work/Reframe/Reframe/App/build/Index.noindex/DataStore -index-system-modules

SwiftCompile normal x86_64 /Users/runner/work/Reframe/Reframe/App/AutoReframe/VideoFile.swift (in target 'AutoReframe' from project 'AutoReframe')
    cd /Users/runner/work/Reframe/Reframe/App
    /Applications/Xcode_16.2.app/Contents/Developer/Toolchains/XcodeDefault.xctoolchain/usr/bin/swift-frontend -c /Users/runner/work/Reframe/Reframe/App/AutoReframe/AutoReframeApp.swift /Users/runner/work/Reframe/Reframe/App/AutoReframe/CameraService.swift /Users/runner/work/Reframe/Reframe/App/AutoReframe/CameraView.swift /Users/runner/work/Reframe/Reframe/App/AutoReframe/ContentView.swift /Users/runner/work/Reframe/Reframe/App/AutoReframe/Options.swift -primary-file /Users/runner/work/Reframe/Reframe/App/AutoReframe/ProcessingModel.swift -primary-file /Users/runner/work/Reframe/Reframe/App/AutoReframe/VideoFile.swift -emit-dependencies-path /Users/runner/work/Reframe/Reframe/App/build/Build/Intermediates.noindex/AutoReframe.build/Debug-iphonesimulator/AutoReframe.build/Objects-normal/x86_64/ProcessingModel.d -emit-const-values-path /Users/runner/work/Reframe/Reframe/App/build/Build/Intermediates.noindex/AutoReframe.build/Debug-iphonesimulator/AutoReframe.build/Objects-normal/x86_64/ProcessingModel.swiftconstvalues -emit-reference-dependencies-path /Users/runner/work/Reframe/Reframe/App/build/Build/Intermediates.noindex/AutoReframe.build/Debug-iphonesimulator/AutoReframe.build/Objects-normal/x86_64/ProcessingModel.swiftdeps -serialize-diagnostics-path /Users/runner/work/Reframe/Reframe/App/build/Build/Intermediates.noindex/AutoReframe.build/Debug-iphonesimulator/AutoReframe.build/Objects-normal/x86_64/ProcessingModel.dia -emit-dependencies-path /Users/runner/work/Reframe/Reframe/App/build/Build/Intermediates.noindex/AutoReframe.build/Debug-iphonesimulator/AutoReframe.build/Objects-normal/x86_64/VideoFile.d -emit-const-values-path /Users/runner/work/Reframe/Reframe/App/build/Build/Intermediates.noindex/AutoReframe.build/Debug-iphonesimulator/AutoReframe.build/Objects-normal/x86_64/VideoFile.swiftconstvalues -emit-reference-dependencies-path /Users/runner/work/Reframe/Reframe/App/build/Build/Intermediates.noindex/AutoReframe.build/Debug-iphonesimulator/AutoReframe.build/Objects-normal/x86_64/VideoFile.swiftdeps -serialize-diagnostics-path /Users/runner/work/Reframe/Reframe/App/build/Build/Intermediates.noindex/AutoReframe.build/Debug-iphonesimulator/AutoReframe.build/Objects-normal/x86_64/VideoFile.dia -target x86_64-apple-ios16.0-simulator -enable-objc-interop -sdk /Applications/Xcode_16.2.app/Contents/Developer/Platforms/iPhoneSimulator.platform/Developer/SDKs/iPhoneSimulator18.2.sdk -I /Users/runner/work/Reframe/Reframe/App/build/Build/Products/Debug-iphonesimulator -F /Users/runner/work/Reframe/Reframe/App/build/Build/Products/Debug-iphonesimulator/PackageFrameworks -F /Users/runner/work/Reframe/Reframe/App/build/Build/Products/Debug-iphonesimulator/PackageFrameworks -F /Users/runner/work/Reframe/Reframe/App/build/Build/Products/Debug-iphonesimulator -no-color-diagnostics -enable-testing -g -debug-info-format\=dwarf -dwarf-version\=4 -module-cache-path /Users/runner/work/Reframe/Reframe/App/build/ModuleCache.noindex -swift-version 5 -enforce-exclusivity\=checked -Onone -D DEBUG -serialize-debugging-options -const-gather-protocols-file /Users/runner/work/Reframe/Reframe/App/build/Build/Intermediates.noindex/AutoReframe.build/Debug-iphonesimulator/AutoReframe.build/Objects-normal/x86_64/AutoReframe_const_extract_protocols.json -enable-experimental-feature DebugDescriptionMacro -enable-experimental-feature OpaqueTypeErasure -enable-bare-slash-regex -empty-abi-descriptor -validate-clang-modules-once -clang-build-session-file /Users/runner/work/Reframe/Reframe/App/build/ModuleCache.noindex/Session.modulevalidation -Xcc -working-directory -Xcc /Users/runner/work/Reframe/Reframe/App -resource-dir /Applications/Xcode_16.2.app/Contents/Developer/Toolchains/XcodeDefault.xctoolchain/usr/lib/swift -enable-anonymous-context-mangled-names -file-compilation-dir /Users/runner/work/Reframe/Reframe/App -Xcc -D_LIBCPP_HARDENING_MODE\=_LIBCPP_HARDENING_MODE_DEBUG -Xcc -ivfsstatcache -Xcc /Users/runner/work/Reframe/Reframe/App/build/SDKStatCaches.noindex/iphonesimulator18.2-22C146-16b5fc1f628d844b188c57a1ba9d6a81.sdkstatcache -Xcc -I/Users/runner/work/Reframe/Reframe/App/build/Build/Intermediates.noindex/AutoReframe.build/Debug-iphonesimulator/AutoReframe.build/swift-overrides.hmap -Xcc -iquote -Xcc /Users/runner/work/Reframe/Reframe/App/build/Build/Intermediates.noindex/AutoReframe.build/Debug-iphonesimulator/AutoReframe.build/AutoReframe-generated-files.hmap -Xcc -I/Users/runner/work/Reframe/Reframe/App/build/Build/Intermediates.noindex/AutoReframe.build/Debug-iphonesimulator/AutoReframe.build/AutoReframe-own-target-headers.hmap -Xcc -I/Users/runner/work/Reframe/Reframe/App/build/Build/Intermediates.noindex/AutoReframe.build/Debug-iphonesimulator/AutoReframe.build/AutoReframe-all-non-framework-target-headers.hmap -Xcc -ivfsoverlay -Xcc /Users/runner/work/Reframe/Reframe/App/build/Build/Intermediates.noindex/AutoReframe.build/Debug-iphonesimulator/AutoReframe-80d5b118fb95dbd414767e04e4966aee-VFS-iphonesimulator/all-product-headers.yaml -Xcc -iquote -Xcc /Users/runner/work/Reframe/Reframe/App/build/Build/Intermediates.noindex/AutoReframe.build/Debug-iphonesimulator/AutoReframe.build/AutoReframe-project-headers.hmap -Xcc -I/Users/runner/work/Reframe/Reframe/App/build/Build/Products/Debug-iphonesimulator/include -Xcc -I/Users/runner/work/Reframe/Reframe/App/build/Build/Intermediates.noindex/AutoReframe.build/Debug-iphonesimulator/AutoReframe.build/DerivedSources-normal/x86_64 -Xcc -I/Users/runner/work/Reframe/Reframe/App/build/Build/Intermediates.noindex/AutoReframe.build/Debug-iphonesimulator/AutoReframe.build/DerivedSources/x86_64 -Xcc -I/Users/runner/work/Reframe/Reframe/App/build/Build/Intermediates.noindex/AutoReframe.build/Debug-iphonesimulator/AutoReframe.build/DerivedSources -Xcc -DDEBUG\=1 -module-name AutoReframe -frontend-parseable-output -disable-clang-spi -target-sdk-version 18.2 -target-sdk-name iphonesimulator18.2 -external-plugin-path /Applications/Xcode_16.2.app/Contents/Developer/Platforms/iPhoneOS.platform/Developer/usr/lib/swift/host/plugins\#/Applications/Xcode_16.2.app/Contents/Developer/Platforms/iPhoneOS.platform/Developer/usr/bin/swift-plugin-server -external-plugin-path /Applications/Xcode_16.2.app/Contents/Developer/Platforms/iPhoneOS.platform/Developer/usr/local/lib/swift/host/plugins\#/Applications/Xcode_16.2.app/Contents/Developer/Platforms/iPhoneOS.platform/Developer/usr/bin/swift-plugin-server -plugin-path /Applications/Xcode_16.2.app/Contents/Developer/Toolchains/XcodeDefault.xctoolchain/usr/lib/swift/host/plugins -plugin-path /Applications/Xcode_16.2.app/Contents/Developer/Toolchains/XcodeDefault.xctoolchain/usr/local/lib/swift/host/plugins -o /Users/runner/work/Reframe/Reframe/App/build/Build/Intermediates.noindex/AutoReframe.build/Debug-iphonesimulator/AutoReframe.build/Objects-normal/x86_64/ProcessingModel.o -o /Users/runner/work/Reframe/Reframe/App/build/Build/Intermediates.noindex/AutoReframe.build/Debug-iphonesimulator/AutoReframe.build/Objects-normal/x86_64/VideoFile.o -index-unit-output-path /AutoReframe.build/Debug-iphonesimulator/AutoReframe.build/Objects-normal/x86_64/ProcessingModel.o -index-unit-output-path /AutoReframe.build/Debug-iphonesimulator/AutoReframe.build/Objects-normal/x86_64/VideoFile.o -index-store-path /Users/runner/work/Reframe/Reframe/App/build/Index.noindex/DataStore -index-system-modules

SwiftCompile normal x86_64 Compiling\ ContentView.swift,\ Options.swift /Users/runner/work/Reframe/Reframe/App/AutoReframe/ContentView.swift /Users/runner/work/Reframe/Reframe/App/AutoReframe/Options.swift (in target 'AutoReframe' from project 'AutoReframe')
    cd /Users/runner/work/Reframe/Reframe/App
    builtin-swiftTaskExecution -- /Applications/Xcode_16.2.app/Contents/Developer/Toolchains/XcodeDefault.xctoolchain/usr/bin/swift-frontend -frontend -c /Users/runner/work/Reframe/Reframe/App/AutoReframe/AutoReframeApp.swift /Users/runner/work/Reframe/Reframe/App/AutoReframe/CameraService.swift /Users/runner/work/Reframe/Reframe/App/AutoReframe/CameraView.swift -primary-file /Users/runner/work/Reframe/Reframe/App/AutoReframe/ContentView.swift -primary-file /Users/runner/work/Reframe/Reframe/App/AutoReframe/Options.swift /Users/runner/work/Reframe/Reframe/App/AutoReframe/ProcessingModel.swift /Users/runner/work/Reframe/Reframe/App/AutoReframe/VideoFile.swift -emit-dependencies-path /Users/runner/work/Reframe/Reframe/App/build/Build/Intermediates.noindex/AutoReframe.build/Debug-iphonesimulator/AutoReframe.build/Objects-normal/x86_64/ContentView.d -emit-const-values-path /Users/runner/work/Reframe/Reframe/App/build/Build/Intermediates.noindex/AutoReframe.build/Debug-iphonesimulator/AutoReframe.build/Objects-normal/x86_64/ContentView.swiftconstvalues -emit-reference-dependencies-path /Users/runner/work/Reframe/Reframe/App/build/Build/Intermediates.noindex/AutoReframe.build/Debug-iphonesimulator/AutoReframe.build/Objects-normal/x86_64/ContentView.swiftdeps -serialize-diagnostics-path /Users/runner/work/Reframe/Reframe/App/build/Build/Intermediates.noindex/AutoReframe.build/Debug-iphonesimulator/AutoReframe.build/Objects-normal/x86_64/ContentView.dia -emit-dependencies-path /Users/runner/work/Reframe/Reframe/App/build/Build/Intermediates.noindex/AutoReframe.build/Debug-iphonesimulator/AutoReframe.build/Objects-normal/x86_64/Options.d -emit-const-values-path /Users/runner/work/Reframe/Reframe/App/build/Build/Intermediates.noindex/AutoReframe.build/Debug-iphonesimulator/AutoReframe.build/Objects-normal/x86_64/Options.swiftconstvalues -emit-reference-dependencies-path /Users/runner/work/Reframe/Reframe/App/build/Build/Intermediates.noindex/AutoReframe.build/Debug-iphonesimulator/AutoReframe.build/Objects-normal/x86_64/Options.swiftdeps -serialize-diagnostics-path /Users/runner/work/Reframe/Reframe/App/build/Build/Intermediates.noindex/AutoReframe.build/Debug-iphonesimulator/AutoReframe.build/Objects-normal/x86_64/Options.dia -target x86_64-apple-ios16.0-simulator -enable-objc-interop -sdk /Applications/Xcode_16.2.app/Contents/Developer/Platforms/iPhoneSimulator.platform/Developer/SDKs/iPhoneSimulator18.2.sdk -I /Users/runner/work/Reframe/Reframe/App/build/Build/Products/Debug-iphonesimulator -F /Users/runner/work/Reframe/Reframe/App/build/Build/Products/Debug-iphonesimulator/PackageFrameworks -F /Users/runner/work/Reframe/Reframe/App/build/Build/Products/Debug-iphonesimulator/PackageFrameworks -F /Users/runner/work/Reframe/Reframe/App/build/Build/Products/Debug-iphonesimulator -no-color-diagnostics -enable-testing -g -debug-info-format\=dwarf -dwarf-version\=4 -module-cache-path /Users/runner/work/Reframe/Reframe/App/build/ModuleCache.noindex -swift-version 5 -enforce-exclusivity\=checked -Onone -D DEBUG -serialize-debugging-options -const-gather-protocols-file /Users/runner/work/Reframe/Reframe/App/build/Build/Intermediates.noindex/AutoReframe.build/Debug-iphonesimulator/AutoReframe.build/Objects-normal/x86_64/AutoReframe_const_extract_protocols.json -enable-experimental-feature DebugDescriptionMacro -enable-experimental-feature OpaqueTypeErasure -enable-bare-slash-regex -empty-abi-descriptor -validate-clang-modules-once -clang-build-session-file /Users/runner/work/Reframe/Reframe/App/build/ModuleCache.noindex/Session.modulevalidation -Xcc -working-directory -Xcc /Users/runner/work/Reframe/Reframe/App -resource-dir /Applications/Xcode_16.2.app/Contents/Developer/Toolchains/XcodeDefault.xctoolchain/usr/lib/swift -enable-anonymous-context-mangled-names -file-compilation-dir /Users/runner/work/Reframe/Reframe/App -Xcc -D_LIBCPP_HARDENING_MODE\=_LIBCPP_HARDENING_MODE_DEBUG -Xcc -ivfsstatcache -Xcc /Users/runner/work/Reframe/Reframe/App/build/SDKStatCaches.noindex/iphonesimulator18.2-22C146-16b5fc1f628d844b188c57a1ba9d6a81.sdkstatcache -Xcc -I/Users/runner/work/Reframe/Reframe/App/build/Build/Intermediates.noindex/AutoReframe.build/Debug-iphonesimulator/AutoReframe.build/swift-overrides.hmap -Xcc -iquote -Xcc /Users/runner/work/Reframe/Reframe/App/build/Build/Intermediates.noindex/AutoReframe.build/Debug-iphonesimulator/AutoReframe.build/AutoReframe-generated-files.hmap -Xcc -I/Users/runner/work/Reframe/Reframe/App/build/Build/Intermediates.noindex/AutoReframe.build/Debug-iphonesimulator/AutoReframe.build/AutoReframe-own-target-headers.hmap -Xcc -I/Users/runner/work/Reframe/Reframe/App/build/Build/Intermediates.noindex/AutoReframe.build/Debug-iphonesimulator/AutoReframe.build/AutoReframe-all-non-framework-target-headers.hmap -Xcc -ivfsoverlay -Xcc /Users/runner/work/Reframe/Reframe/App/build/Build/Intermediates.noindex/AutoReframe.build/Debug-iphonesimulator/AutoReframe-80d5b118fb95dbd414767e04e4966aee-VFS-iphonesimulator/all-product-headers.yaml -Xcc -iquote -Xcc /Users/runner/work/Reframe/Reframe/App/build/Build/Intermediates.noindex/AutoReframe.build/Debug-iphonesimulator/AutoReframe.build/AutoReframe-project-headers.hmap -Xcc -I/Users/runner/work/Reframe/Reframe/App/build/Build/Products/Debug-iphonesimulator/include -Xcc -I/Users/runner/work/Reframe/Reframe/App/build/Build/Intermediates.noindex/AutoReframe.build/Debug-iphonesimulator/AutoReframe.build/DerivedSources-normal/x86_64 -Xcc -I/Users/runner/work/Reframe/Reframe/App/build/Build/Intermediates.noindex/AutoReframe.build/Debug-iphonesimulator/AutoReframe.build/DerivedSources/x86_64 -Xcc -I/Users/runner/work/Reframe/Reframe/App/build/Build/Intermediates.noindex/AutoReframe.build/Debug-iphonesimulator/AutoReframe.build/DerivedSources -Xcc -DDEBUG\=1 -module-name AutoReframe -frontend-parseable-output -disable-clang-spi -target-sdk-version 18.2 -target-sdk-name iphonesimulator18.2 -external-plugin-path /Applications/Xcode_16.2.app/Contents/Developer/Platforms/iPhoneOS.platform/Developer/usr/lib/swift/host/plugins\#/Applications/Xcode_16.2.app/Contents/Developer/Platforms/iPhoneOS.platform/Developer/usr/bin/swift-plugin-server -external-plugin-path /Applications/Xcode_16.2.app/Contents/Developer/Platforms/iPhoneOS.platform/Developer/usr/local/lib/swift/host/plugins\#/Applications/Xcode_16.2.app/Contents/Developer/Platforms/iPhoneOS.platform/Developer/usr/bin/swift-plugin-server -plugin-path /Applications/Xcode_16.2.app/Contents/Developer/Toolchains/XcodeDefault.xctoolchain/usr/lib/swift/host/plugins -plugin-path /Applications/Xcode_16.2.app/Contents/Developer/Toolchains/XcodeDefault.xctoolchain/usr/local/lib/swift/host/plugins -o /Users/runner/work/Reframe/Reframe/App/build/Build/Intermediates.noindex/AutoReframe.build/Debug-iphonesimulator/AutoReframe.build/Objects-normal/x86_64/ContentView.o -o /Users/runner/work/Reframe/Reframe/App/build/Build/Intermediates.noindex/AutoReframe.build/Debug-iphonesimulator/AutoReframe.build/Objects-normal/x86_64/Options.o -index-unit-output-path /AutoReframe.build/Debug-iphonesimulator/AutoReframe.build/Objects-normal/x86_64/ContentView.o -index-unit-output-path /AutoReframe.build/Debug-iphonesimulator/AutoReframe.build/Objects-normal/x86_64/Options.o -index-store-path /Users/runner/work/Reframe/Reframe/App/build/Index.noindex/DataStore -index-system-modules
SwiftCompile normal x86_64 /Users/runner/work/Reframe/Reframe/App/AutoReframe/ContentView.swift (in target 'AutoReframe' from project 'AutoReframe')
    cd /Users/runner/work/Reframe/Reframe/App
    /Applications/Xcode_16.2.app/Contents/Developer/Toolchains/XcodeDefault.xctoolchain/usr/bin/swift-frontend -c /Users/runner/work/Reframe/Reframe/App/AutoReframe/AutoReframeApp.swift /Users/runner/work/Reframe/Reframe/App/AutoReframe/CameraService.swift /Users/runner/work/Reframe/Reframe/App/AutoReframe/CameraView.swift -primary-file /Users/runner/work/Reframe/Reframe/App/AutoReframe/ContentView.swift -primary-file /Users/runner/work/Reframe/Reframe/App/AutoReframe/Options.swift /Users/runner/work/Reframe/Reframe/App/AutoReframe/ProcessingModel.swift /Users/runner/work/Reframe/Reframe/App/AutoReframe/VideoFile.swift -emit-dependencies-path /Users/runner/work/Reframe/Reframe/App/build/Build/Intermediates.noindex/AutoReframe.build/Debug-iphonesimulator/AutoReframe.build/Objects-normal/x86_64/ContentView.d -emit-const-values-path /Users/runner/work/Reframe/Reframe/App/build/Build/Intermediates.noindex/AutoReframe.build/Debug-iphonesimulator/AutoReframe.build/Objects-normal/x86_64/ContentView.swiftconstvalues -emit-reference-dependencies-path /Users/runner/work/Reframe/Reframe/App/build/Build/Intermediates.noindex/AutoReframe.build/Debug-iphonesimulator/AutoReframe.build/Objects-normal/x86_64/ContentView.swiftdeps -serialize-diagnostics-path /Users/runner/work/Reframe/Reframe/App/build/Build/Intermediates.noindex/AutoReframe.build/Debug-iphonesimulator/AutoReframe.build/Objects-normal/x86_64/ContentView.dia -emit-dependencies-path /Users/runner/work/Reframe/Reframe/App/build/Build/Intermediates.noindex/AutoReframe.build/Debug-iphonesimulator/AutoReframe.build/Objects-normal/x86_64/Options.d -emit-const-values-path /Users/runner/work/Reframe/Reframe/App/build/Build/Intermediates.noindex/AutoReframe.build/Debug-iphonesimulator/AutoReframe.build/Objects-normal/x86_64/Options.swiftconstvalues -emit-reference-dependencies-path /Users/runner/work/Reframe/Reframe/App/build/Build/Intermediates.noindex/AutoReframe.build/Debug-iphonesimulator/AutoReframe.build/Objects-normal/x86_64/Options.swiftdeps -serialize-diagnostics-path /Users/runner/work/Reframe/Reframe/App/build/Build/Intermediates.noindex/AutoReframe.build/Debug-iphonesimulator/AutoReframe.build/Objects-normal/x86_64/Options.dia -target x86_64-apple-ios16.0-simulator -enable-objc-interop -sdk /Applications/Xcode_16.2.app/Contents/Developer/Platforms/iPhoneSimulator.platform/Developer/SDKs/iPhoneSimulator18.2.sdk -I /Users/runner/work/Reframe/Reframe/App/build/Build/Products/Debug-iphonesimulator -F /Users/runner/work/Reframe/Reframe/App/build/Build/Products/Debug-iphonesimulator/PackageFrameworks -F /Users/runner/work/Reframe/Reframe/App/build/Build/Products/Debug-iphonesimulator/PackageFrameworks -F /Users/runner/work/Reframe/Reframe/App/build/Build/Products/Debug-iphonesimulator -no-color-diagnostics -enable-testing -g -debug-info-format\=dwarf -dwarf-version\=4 -module-cache-path /Users/runner/work/Reframe/Reframe/App/build/ModuleCache.noindex -swift-version 5 -enforce-exclusivity\=checked -Onone -D DEBUG -serialize-debugging-options -const-gather-protocols-file /Users/runner/work/Reframe/Reframe/App/build/Build/Intermediates.noindex/AutoReframe.build/Debug-iphonesimulator/AutoReframe.build/Objects-normal/x86_64/AutoReframe_const_extract_protocols.json -enable-experimental-feature DebugDescriptionMacro -enable-experimental-feature OpaqueTypeErasure -enable-bare-slash-regex -empty-abi-descriptor -validate-clang-modules-once -clang-build-session-file /Users/runner/work/Reframe/Reframe/App/build/ModuleCache.noindex/Session.modulevalidation -Xcc -working-directory -Xcc /Users/runner/work/Reframe/Reframe/App -resource-dir /Applications/Xcode_16.2.app/Contents/Developer/Toolchains/XcodeDefault.xctoolchain/usr/lib/swift -enable-anonymous-context-mangled-names -file-compilation-dir /Users/runner/work/Reframe/Reframe/App -Xcc -D_LIBCPP_HARDENING_MODE\=_LIBCPP_HARDENING_MODE_DEBUG -Xcc -ivfsstatcache -Xcc /Users/runner/work/Reframe/Reframe/App/build/SDKStatCaches.noindex/iphonesimulator18.2-22C146-16b5fc1f628d844b188c57a1ba9d6a81.sdkstatcache -Xcc -I/Users/runner/work/Reframe/Reframe/App/build/Build/Intermediates.noindex/AutoReframe.build/Debug-iphonesimulator/AutoReframe.build/swift-overrides.hmap -Xcc -iquote -Xcc /Users/runner/work/Reframe/Reframe/App/build/Build/Intermediates.noindex/AutoReframe.build/Debug-iphonesimulator/AutoReframe.build/AutoReframe-generated-files.hmap -Xcc -I/Users/runner/work/Reframe/Reframe/App/build/Build/Intermediates.noindex/AutoReframe.build/Debug-iphonesimulator/AutoReframe.build/AutoReframe-own-target-headers.hmap -Xcc -I/Users/runner/work/Reframe/Reframe/App/build/Build/Intermediates.noindex/AutoReframe.build/Debug-iphonesimulator/AutoReframe.build/AutoReframe-all-non-framework-target-headers.hmap -Xcc -ivfsoverlay -Xcc /Users/runner/work/Reframe/Reframe/App/build/Build/Intermediates.noindex/AutoReframe.build/Debug-iphonesimulator/AutoReframe-80d5b118fb95dbd414767e04e4966aee-VFS-iphonesimulator/all-product-headers.yaml -Xcc -iquote -Xcc /Users/runner/work/Reframe/Reframe/App/build/Build/Intermediates.noindex/AutoReframe.build/Debug-iphonesimulator/AutoReframe.build/AutoReframe-project-headers.hmap -Xcc -I/Users/runner/work/Reframe/Reframe/App/build/Build/Products/Debug-iphonesimulator/include -Xcc -I/Users/runner/work/Reframe/Reframe/App/build/Build/Intermediates.noindex/AutoReframe.build/Debug-iphonesimulator/AutoReframe.build/DerivedSources-normal/x86_64 -Xcc -I/Users/runner/work/Reframe/Reframe/App/build/Build/Intermediates.noindex/AutoReframe.build/Debug-iphonesimulator/AutoReframe.build/DerivedSources/x86_64 -Xcc -I/Users/runner/work/Reframe/Reframe/App/build/Build/Intermediates.noindex/AutoReframe.build/Debug-iphonesimulator/AutoReframe.build/DerivedSources -Xcc -DDEBUG\=1 -module-name AutoReframe -frontend-parseable-output -disable-clang-spi -target-sdk-version 18.2 -target-sdk-name iphonesimulator18.2 -external-plugin-path /Applications/Xcode_16.2.app/Contents/Developer/Platforms/iPhoneOS.platform/Developer/usr/lib/swift/host/plugins\#/Applications/Xcode_16.2.app/Contents/Developer/Platforms/iPhoneOS.platform/Developer/usr/bin/swift-plugin-server -external-plugin-path /Applications/Xcode_16.2.app/Contents/Developer/Platforms/iPhoneOS.platform/Developer/usr/local/lib/swift/host/plugins\#/Applications/Xcode_16.2.app/Contents/Developer/Platforms/iPhoneOS.platform/Developer/usr/bin/swift-plugin-server -plugin-path /Applications/Xcode_16.2.app/Contents/Developer/Toolchains/XcodeDefault.xctoolchain/usr/lib/swift/host/plugins -plugin-path /Applications/Xcode_16.2.app/Contents/Developer/Toolchains/XcodeDefault.xctoolchain/usr/local/lib/swift/host/plugins -o /Users/runner/work/Reframe/Reframe/App/build/Build/Intermediates.noindex/AutoReframe.build/Debug-iphonesimulator/AutoReframe.build/Objects-normal/x86_64/ContentView.o -o /Users/runner/work/Reframe/Reframe/App/build/Build/Intermediates.noindex/AutoReframe.build/Debug-iphonesimulator/AutoReframe.build/Objects-normal/x86_64/Options.o -index-unit-output-path /AutoReframe.build/Debug-iphonesimulator/AutoReframe.build/Objects-normal/x86_64/ContentView.o -index-unit-output-path /AutoReframe.build/Debug-iphonesimulator/AutoReframe.build/Objects-normal/x86_64/Options.o -index-store-path /Users/runner/work/Reframe/Reframe/App/build/Index.noindex/DataStore -index-system-modules

SwiftCompile normal x86_64 /Users/runner/work/Reframe/Reframe/App/AutoReframe/Options.swift (in target 'AutoReframe' from project 'AutoReframe')
    cd /Users/runner/work/Reframe/Reframe/App
    /Applications/Xcode_16.2.app/Contents/Developer/Toolchains/XcodeDefault.xctoolchain/usr/bin/swift-frontend -c /Users/runner/work/Reframe/Reframe/App/AutoReframe/AutoReframeApp.swift /Users/runner/work/Reframe/Reframe/App/AutoReframe/CameraService.swift /Users/runner/work/Reframe/Reframe/App/AutoReframe/CameraView.swift -primary-file /Users/runner/work/Reframe/Reframe/App/AutoReframe/ContentView.swift -primary-file /Users/runner/work/Reframe/Reframe/App/AutoReframe/Options.swift /Users/runner/work/Reframe/Reframe/App/AutoReframe/ProcessingModel.swift /Users/runner/work/Reframe/Reframe/App/AutoReframe/VideoFile.swift -emit-dependencies-path /Users/runner/work/Reframe/Reframe/App/build/Build/Intermediates.noindex/AutoReframe.build/Debug-iphonesimulator/AutoReframe.build/Objects-normal/x86_64/ContentView.d -emit-const-values-path /Users/runner/work/Reframe/Reframe/App/build/Build/Intermediates.noindex/AutoReframe.build/Debug-iphonesimulator/AutoReframe.build/Objects-normal/x86_64/ContentView.swiftconstvalues -emit-reference-dependencies-path /Users/runner/work/Reframe/Reframe/App/build/Build/Intermediates.noindex/AutoReframe.build/Debug-iphonesimulator/AutoReframe.build/Objects-normal/x86_64/ContentView.swiftdeps -serialize-diagnostics-path /Users/runner/work/Reframe/Reframe/App/build/Build/Intermediates.noindex/AutoReframe.build/Debug-iphonesimulator/AutoReframe.build/Objects-normal/x86_64/ContentView.dia -emit-dependencies-path /Users/runner/work/Reframe/Reframe/App/build/Build/Intermediates.noindex/AutoReframe.build/Debug-iphonesimulator/AutoReframe.build/Objects-normal/x86_64/Options.d -emit-const-values-path /Users/runner/work/Reframe/Reframe/App/build/Build/Intermediates.noindex/AutoReframe.build/Debug-iphonesimulator/AutoReframe.build/Objects-normal/x86_64/Options.swiftconstvalues -emit-reference-dependencies-path /Users/runner/work/Reframe/Reframe/App/build/Build/Intermediates.noindex/AutoReframe.build/Debug-iphonesimulator/AutoReframe.build/Objects-normal/x86_64/Options.swiftdeps -serialize-diagnostics-path /Users/runner/work/Reframe/Reframe/App/build/Build/Intermediates.noindex/AutoReframe.build/Debug-iphonesimulator/AutoReframe.build/Objects-normal/x86_64/Options.dia -target x86_64-apple-ios16.0-simulator -enable-objc-interop -sdk /Applications/Xcode_16.2.app/Contents/Developer/Platforms/iPhoneSimulator.platform/Developer/SDKs/iPhoneSimulator18.2.sdk -I /Users/runner/work/Reframe/Reframe/App/build/Build/Products/Debug-iphonesimulator -F /Users/runner/work/Reframe/Reframe/App/build/Build/Products/Debug-iphonesimulator/PackageFrameworks -F /Users/runner/work/Reframe/Reframe/App/build/Build/Products/Debug-iphonesimulator/PackageFrameworks -F /Users/runner/work/Reframe/Reframe/App/build/Build/Products/Debug-iphonesimulator -no-color-diagnostics -enable-testing -g -debug-info-format\=dwarf -dwarf-version\=4 -module-cache-path /Users/runner/work/Reframe/Reframe/App/build/ModuleCache.noindex -swift-version 5 -enforce-exclusivity\=checked -Onone -D DEBUG -serialize-debugging-options -const-gather-protocols-file /Users/runner/work/Reframe/Reframe/App/build/Build/Intermediates.noindex/AutoReframe.build/Debug-iphonesimulator/AutoReframe.build/Objects-normal/x86_64/AutoReframe_const_extract_protocols.json -enable-experimental-feature DebugDescriptionMacro -enable-experimental-feature OpaqueTypeErasure -enable-bare-slash-regex -empty-abi-descriptor -validate-clang-modules-once -clang-build-session-file /Users/runner/work/Reframe/Reframe/App/build/ModuleCache.noindex/Session.modulevalidation -Xcc -working-directory -Xcc /Users/runner/work/Reframe/Reframe/App -resource-dir /Applications/Xcode_16.2.app/Contents/Developer/Toolchains/XcodeDefault.xctoolchain/usr/lib/swift -enable-anonymous-context-mangled-names -file-compilation-dir /Users/runner/work/Reframe/Reframe/App -Xcc -D_LIBCPP_HARDENING_MODE\=_LIBCPP_HARDENING_MODE_DEBUG -Xcc -ivfsstatcache -Xcc /Users/runner/work/Reframe/Reframe/App/build/SDKStatCaches.noindex/iphonesimulator18.2-22C146-16b5fc1f628d844b188c57a1ba9d6a81.sdkstatcache -Xcc -I/Users/runner/work/Reframe/Reframe/App/build/Build/Intermediates.noindex/AutoReframe.build/Debug-iphonesimulator/AutoReframe.build/swift-overrides.hmap -Xcc -iquote -Xcc /Users/runner/work/Reframe/Reframe/App/build/Build/Intermediates.noindex/AutoReframe.build/Debug-iphonesimulator/AutoReframe.build/AutoReframe-generated-files.hmap -Xcc -I/Users/runner/work/Reframe/Reframe/App/build/Build/Intermediates.noindex/AutoReframe.build/Debug-iphonesimulator/AutoReframe.build/AutoReframe-own-target-headers.hmap -Xcc -I/Users/runner/work/Reframe/Reframe/App/build/Build/Intermediates.noindex/AutoReframe.build/Debug-iphonesimulator/AutoReframe.build/AutoReframe-all-non-framework-target-headers.hmap -Xcc -ivfsoverlay -Xcc /Users/runner/work/Reframe/Reframe/App/build/Build/Intermediates.noindex/AutoReframe.build/Debug-iphonesimulator/AutoReframe-80d5b118fb95dbd414767e04e4966aee-VFS-iphonesimulator/all-product-headers.yaml -Xcc -iquote -Xcc /Users/runner/work/Reframe/Reframe/App/build/Build/Intermediates.noindex/AutoReframe.build/Debug-iphonesimulator/AutoReframe.build/AutoReframe-project-headers.hmap -Xcc -I/Users/runner/work/Reframe/Reframe/App/build/Build/Products/Debug-iphonesimulator/include -Xcc -I/Users/runner/work/Reframe/Reframe/App/build/Build/Intermediates.noindex/AutoReframe.build/Debug-iphonesimulator/AutoReframe.build/DerivedSources-normal/x86_64 -Xcc -I/Users/runner/work/Reframe/Reframe/App/build/Build/Intermediates.noindex/AutoReframe.build/Debug-iphonesimulator/AutoReframe.build/DerivedSources/x86_64 -Xcc -I/Users/runner/work/Reframe/Reframe/App/build/Build/Intermediates.noindex/AutoReframe.build/Debug-iphonesimulator/AutoReframe.build/DerivedSources -Xcc -DDEBUG\=1 -module-name AutoReframe -frontend-parseable-output -disable-clang-spi -target-sdk-version 18.2 -target-sdk-name iphonesimulator18.2 -external-plugin-path /Applications/Xcode_16.2.app/Contents/Developer/Platforms/iPhoneOS.platform/Developer/usr/lib/swift/host/plugins\#/Applications/Xcode_16.2.app/Contents/Developer/Platforms/iPhoneOS.platform/Developer/usr/bin/swift-plugin-server -external-plugin-path /Applications/Xcode_16.2.app/Contents/Developer/Platforms/iPhoneOS.platform/Developer/usr/local/lib/swift/host/plugins\#/Applications/Xcode_16.2.app/Contents/Developer/Platforms/iPhoneOS.platform/Developer/usr/bin/swift-plugin-server -plugin-path /Applications/Xcode_16.2.app/Contents/Developer/Toolchains/XcodeDefault.xctoolchain/usr/lib/swift/host/plugins -plugin-path /Applications/Xcode_16.2.app/Contents/Developer/Toolchains/XcodeDefault.xctoolchain/usr/local/lib/swift/host/plugins -o /Users/runner/work/Reframe/Reframe/App/build/Build/Intermediates.noindex/AutoReframe.build/Debug-iphonesimulator/AutoReframe.build/Objects-normal/x86_64/ContentView.o -o /Users/runner/work/Reframe/Reframe/App/build/Build/Intermediates.noindex/AutoReframe.build/Debug-iphonesimulator/AutoReframe.build/Objects-normal/x86_64/Options.o -index-unit-output-path /AutoReframe.build/Debug-iphonesimulator/AutoReframe.build/Objects-normal/x86_64/ContentView.o -index-unit-output-path /AutoReframe.build/Debug-iphonesimulator/AutoReframe.build/Objects-normal/x86_64/Options.o -index-store-path /Users/runner/work/Reframe/Reframe/App/build/Index.noindex/DataStore -index-system-modules

SwiftDriverJobDiscovery normal arm64 Compiling AutoReframeApp.swift, CameraService.swift, CameraView.swift (in target 'AutoReframe' from project 'AutoReframe')

SwiftDriverJobDiscovery normal arm64 Compiling ProcessingModel.swift, VideoFile.swift (in target 'AutoReframe' from project 'AutoReframe')

SwiftCompile normal arm64 Compiling\ ContentView.swift,\ Options.swift /Users/runner/work/Reframe/Reframe/App/AutoReframe/ContentView.swift /Users/runner/work/Reframe/Reframe/App/AutoReframe/Options.swift (in target 'AutoReframe' from project 'AutoReframe')
    cd /Users/runner/work/Reframe/Reframe/App
    builtin-swiftTaskExecution -- /Applications/Xcode_16.2.app/Contents/Developer/Toolchains/XcodeDefault.xctoolchain/usr/bin/swift-frontend -frontend -c /Users/runner/work/Reframe/Reframe/App/AutoReframe/AutoReframeApp.swift /Users/runner/work/Reframe/Reframe/App/AutoReframe/CameraService.swift /Users/runner/work/Reframe/Reframe/App/AutoReframe/CameraView.swift -primary-file /Users/runner/work/Reframe/Reframe/App/AutoReframe/ContentView.swift -primary-file /Users/runner/work/Reframe/Reframe/App/AutoReframe/Options.swift /Users/runner/work/Reframe/Reframe/App/AutoReframe/ProcessingModel.swift /Users/runner/work/Reframe/Reframe/App/AutoReframe/VideoFile.swift -emit-dependencies-path /Users/runner/work/Reframe/Reframe/App/build/Build/Intermediates.noindex/AutoReframe.build/Debug-iphonesimulator/AutoReframe.build/Objects-normal/arm64/ContentView.d -emit-const-values-path /Users/runner/work/Reframe/Reframe/App/build/Build/Intermediates.noindex/AutoReframe.build/Debug-iphonesimulator/AutoReframe.build/Objects-normal/arm64/ContentView.swiftconstvalues -emit-reference-dependencies-path /Users/runner/work/Reframe/Reframe/App/build/Build/Intermediates.noindex/AutoReframe.build/Debug-iphonesimulator/AutoReframe.build/Objects-normal/arm64/ContentView.swiftdeps -serialize-diagnostics-path /Users/runner/work/Reframe/Reframe/App/build/Build/Intermediates.noindex/AutoReframe.build/Debug-iphonesimulator/AutoReframe.build/Objects-normal/arm64/ContentView.dia -emit-dependencies-path /Users/runner/work/Reframe/Reframe/App/build/Build/Intermediates.noindex/AutoReframe.build/Debug-iphonesimulator/AutoReframe.build/Objects-normal/arm64/Options.d -emit-const-values-path /Users/runner/work/Reframe/Reframe/App/build/Build/Intermediates.noindex/AutoReframe.build/Debug-iphonesimulator/AutoReframe.build/Objects-normal/arm64/Options.swiftconstvalues -emit-reference-dependencies-path /Users/runner/work/Reframe/Reframe/App/build/Build/Intermediates.noindex/AutoReframe.build/Debug-iphonesimulator/AutoReframe.build/Objects-normal/arm64/Options.swiftdeps -serialize-diagnostics-path /Users/runner/work/Reframe/Reframe/App/build/Build/Intermediates.noindex/AutoReframe.build/Debug-iphonesimulator/AutoReframe.build/Objects-normal/arm64/Options.dia -target arm64-apple-ios16.0-simulator -Xllvm -aarch64-use-tbi -enable-objc-interop -sdk /Applications/Xcode_16.2.app/Contents/Developer/Platforms/iPhoneSimulator.platform/Developer/SDKs/iPhoneSimulator18.2.sdk -I /Users/runner/work/Reframe/Reframe/App/build/Build/Products/Debug-iphonesimulator -F /Users/runner/work/Reframe/Reframe/App/build/Build/Products/Debug-iphonesimulator/PackageFrameworks -F /Users/runner/work/Reframe/Reframe/App/build/Build/Products/Debug-iphonesimulator/PackageFrameworks -F /Users/runner/work/Reframe/Reframe/App/build/Build/Products/Debug-iphonesimulator -no-color-diagnostics -enable-testing -g -debug-info-format\=dwarf -dwarf-version\=4 -module-cache-path /Users/runner/work/Reframe/Reframe/App/build/ModuleCache.noindex -swift-version 5 -enforce-exclusivity\=checked -Onone -D DEBUG -serialize-debugging-options -const-gather-protocols-file /Users/runner/work/Reframe/Reframe/App/build/Build/Intermediates.noindex/AutoReframe.build/Debug-iphonesimulator/AutoReframe.build/Objects-normal/arm64/AutoReframe_const_extract_protocols.json -enable-experimental-feature DebugDescriptionMacro -enable-experimental-feature OpaqueTypeErasure -enable-bare-slash-regex -empty-abi-descriptor -validate-clang-modules-once -clang-build-session-file /Users/runner/work/Reframe/Reframe/App/build/ModuleCache.noindex/Session.modulevalidation -Xcc -working-directory -Xcc /Users/runner/work/Reframe/Reframe/App -resource-dir /Applications/Xcode_16.2.app/Contents/Developer/Toolchains/XcodeDefault.xctoolchain/usr/lib/swift -enable-anonymous-context-mangled-names -file-compilation-dir /Users/runner/work/Reframe/Reframe/App -Xcc -D_LIBCPP_HARDENING_MODE\=_LIBCPP_HARDENING_MODE_DEBUG -Xcc -ivfsstatcache -Xcc /Users/runner/work/Reframe/Reframe/App/build/SDKStatCaches.noindex/iphonesimulator18.2-22C146-16b5fc1f628d844b188c57a1ba9d6a81.sdkstatcache -Xcc -I/Users/runner/work/Reframe/Reframe/App/build/Build/Intermediates.noindex/AutoReframe.build/Debug-iphonesimulator/AutoReframe.build/swift-overrides.hmap -Xcc -iquote -Xcc /Users/runner/work/Reframe/Reframe/App/build/Build/Intermediates.noindex/AutoReframe.build/Debug-iphonesimulator/AutoReframe.build/AutoReframe-generated-files.hmap -Xcc -I/Users/runner/work/Reframe/Reframe/App/build/Build/Intermediates.noindex/AutoReframe.build/Debug-iphonesimulator/AutoReframe.build/AutoReframe-own-target-headers.hmap -Xcc -I/Users/runner/work/Reframe/Reframe/App/build/Build/Intermediates.noindex/AutoReframe.build/Debug-iphonesimulator/AutoReframe.build/AutoReframe-all-non-framework-target-headers.hmap -Xcc -ivfsoverlay -Xcc /Users/runner/work/Reframe/Reframe/App/build/Build/Intermediates.noindex/AutoReframe.build/Debug-iphonesimulator/AutoReframe-80d5b118fb95dbd414767e04e4966aee-VFS-iphonesimulator/all-product-headers.yaml -Xcc -iquote -Xcc /Users/runner/work/Reframe/Reframe/App/build/Build/Intermediates.noindex/AutoReframe.build/Debug-iphonesimulator/AutoReframe.build/AutoReframe-project-headers.hmap -Xcc -I/Users/runner/work/Reframe/Reframe/App/build/Build/Products/Debug-iphonesimulator/include -Xcc -I/Users/runner/work/Reframe/Reframe/App/build/Build/Intermediates.noindex/AutoReframe.build/Debug-iphonesimulator/AutoReframe.build/DerivedSources-normal/arm64 -Xcc -I/Users/runner/work/Reframe/Reframe/App/build/Build/Intermediates.noindex/AutoReframe.build/Debug-iphonesimulator/AutoReframe.build/DerivedSources/arm64 -Xcc -I/Users/runner/work/Reframe/Reframe/App/build/Build/Intermediates.noindex/AutoReframe.build/Debug-iphonesimulator/AutoReframe.build/DerivedSources -Xcc -DDEBUG\=1 -module-name AutoReframe -frontend-parseable-output -disable-clang-spi -target-sdk-version 18.2 -target-sdk-name iphonesimulator18.2 -external-plugin-path /Applications/Xcode_16.2.app/Contents/Developer/Platforms/iPhoneOS.platform/Developer/usr/lib/swift/host/plugins\#/Applications/Xcode_16.2.app/Contents/Developer/Platforms/iPhoneOS.platform/Developer/usr/bin/swift-plugin-server -external-plugin-path /Applications/Xcode_16.2.app/Contents/Developer/Platforms/iPhoneOS.platform/Developer/usr/local/lib/swift/host/plugins\#/Applications/Xcode_16.2.app/Contents/Developer/Platforms/iPhoneOS.platform/Developer/usr/bin/swift-plugin-server -plugin-path /Applications/Xcode_16.2.app/Contents/Developer/Toolchains/XcodeDefault.xctoolchain/usr/lib/swift/host/plugins -plugin-path /Applications/Xcode_16.2.app/Contents/Developer/Toolchains/XcodeDefault.xctoolchain/usr/local/lib/swift/host/plugins -o /Users/runner/work/Reframe/Reframe/App/build/Build/Intermediates.noindex/AutoReframe.build/Debug-iphonesimulator/AutoReframe.build/Objects-normal/arm64/ContentView.o -o /Users/runner/work/Reframe/Reframe/App/build/Build/Intermediates.noindex/AutoReframe.build/Debug-iphonesimulator/AutoReframe.build/Objects-normal/arm64/Options.o -index-unit-output-path /AutoReframe.build/Debug-iphonesimulator/AutoReframe.build/Objects-normal/arm64/ContentView.o -index-unit-output-path /AutoReframe.build/Debug-iphonesimulator/AutoReframe.build/Objects-normal/arm64/Options.o -index-store-path /Users/runner/work/Reframe/Reframe/App/build/Index.noindex/DataStore -index-system-modules
SwiftCompile normal arm64 /Users/runner/work/Reframe/Reframe/App/AutoReframe/ContentView.swift (in target 'AutoReframe' from project 'AutoReframe')
    cd /Users/runner/work/Reframe/Reframe/App
    /Applications/Xcode_16.2.app/Contents/Developer/Toolchains/XcodeDefault.xctoolchain/usr/bin/swift-frontend -c /Users/runner/work/Reframe/Reframe/App/AutoReframe/AutoReframeApp.swift /Users/runner/work/Reframe/Reframe/App/AutoReframe/CameraService.swift /Users/runner/work/Reframe/Reframe/App/AutoReframe/CameraView.swift -primary-file /Users/runner/work/Reframe/Reframe/App/AutoReframe/ContentView.swift -primary-file /Users/runner/work/Reframe/Reframe/App/AutoReframe/Options.swift /Users/runner/work/Reframe/Reframe/App/AutoReframe/ProcessingModel.swift /Users/runner/work/Reframe/Reframe/App/AutoReframe/VideoFile.swift -emit-dependencies-path /Users/runner/work/Reframe/Reframe/App/build/Build/Intermediates.noindex/AutoReframe.build/Debug-iphonesimulator/AutoReframe.build/Objects-normal/arm64/ContentView.d -emit-const-values-path /Users/runner/work/Reframe/Reframe/App/build/Build/Intermediates.noindex/AutoReframe.build/Debug-iphonesimulator/AutoReframe.build/Objects-normal/arm64/ContentView.swiftconstvalues -emit-reference-dependencies-path /Users/runner/work/Reframe/Reframe/App/build/Build/Intermediates.noindex/AutoReframe.build/Debug-iphonesimulator/AutoReframe.build/Objects-normal/arm64/ContentView.swiftdeps -serialize-diagnostics-path /Users/runner/work/Reframe/Reframe/App/build/Build/Intermediates.noindex/AutoReframe.build/Debug-iphonesimulator/AutoReframe.build/Objects-normal/arm64/ContentView.dia -emit-dependencies-path /Users/runner/work/Reframe/Reframe/App/build/Build/Intermediates.noindex/AutoReframe.build/Debug-iphonesimulator/AutoReframe.build/Objects-normal/arm64/Options.d -emit-const-values-path /Users/runner/work/Reframe/Reframe/App/build/Build/Intermediates.noindex/AutoReframe.build/Debug-iphonesimulator/AutoReframe.build/Objects-normal/arm64/Options.swiftconstvalues -emit-reference-dependencies-path /Users/runner/work/Reframe/Reframe/App/build/Build/Intermediates.noindex/AutoReframe.build/Debug-iphonesimulator/AutoReframe.build/Objects-normal/arm64/Options.swiftdeps -serialize-diagnostics-path /Users/runner/work/Reframe/Reframe/App/build/Build/Intermediates.noindex/AutoReframe.build/Debug-iphonesimulator/AutoReframe.build/Objects-normal/arm64/Options.dia -target arm64-apple-ios16.0-simulator -Xllvm -aarch64-use-tbi -enable-objc-interop -sdk /Applications/Xcode_16.2.app/Contents/Developer/Platforms/iPhoneSimulator.platform/Developer/SDKs/iPhoneSimulator18.2.sdk -I /Users/runner/work/Reframe/Reframe/App/build/Build/Products/Debug-iphonesimulator -F /Users/runner/work/Reframe/Reframe/App/build/Build/Products/Debug-iphonesimulator/PackageFrameworks -F /Users/runner/work/Reframe/Reframe/App/build/Build/Products/Debug-iphonesimulator/PackageFrameworks -F /Users/runner/work/Reframe/Reframe/App/build/Build/Products/Debug-iphonesimulator -no-color-diagnostics -enable-testing -g -debug-info-format\=dwarf -dwarf-version\=4 -module-cache-path /Users/runner/work/Reframe/Reframe/App/build/ModuleCache.noindex -swift-version 5 -enforce-exclusivity\=checked -Onone -D DEBUG -serialize-debugging-options -const-gather-protocols-file /Users/runner/work/Reframe/Reframe/App/build/Build/Intermediates.noindex/AutoReframe.build/Debug-iphonesimulator/AutoReframe.build/Objects-normal/arm64/AutoReframe_const_extract_protocols.json -enable-experimental-feature DebugDescriptionMacro -enable-experimental-feature OpaqueTypeErasure -enable-bare-slash-regex -empty-abi-descriptor -validate-clang-modules-once -clang-build-session-file /Users/runner/work/Reframe/Reframe/App/build/ModuleCache.noindex/Session.modulevalidation -Xcc -working-directory -Xcc /Users/runner/work/Reframe/Reframe/App -resource-dir /Applications/Xcode_16.2.app/Contents/Developer/Toolchains/XcodeDefault.xctoolchain/usr/lib/swift -enable-anonymous-context-mangled-names -file-compilation-dir /Users/runner/work/Reframe/Reframe/App -Xcc -D_LIBCPP_HARDENING_MODE\=_LIBCPP_HARDENING_MODE_DEBUG -Xcc -ivfsstatcache -Xcc /Users/runner/work/Reframe/Reframe/App/build/SDKStatCaches.noindex/iphonesimulator18.2-22C146-16b5fc1f628d844b188c57a1ba9d6a81.sdkstatcache -Xcc -I/Users/runner/work/Reframe/Reframe/App/build/Build/Intermediates.noindex/AutoReframe.build/Debug-iphonesimulator/AutoReframe.build/swift-overrides.hmap -Xcc -iquote -Xcc /Users/runner/work/Reframe/Reframe/App/build/Build/Intermediates.noindex/AutoReframe.build/Debug-iphonesimulator/AutoReframe.build/AutoReframe-generated-files.hmap -Xcc -I/Users/runner/work/Reframe/Reframe/App/build/Build/Intermediates.noindex/AutoReframe.build/Debug-iphonesimulator/AutoReframe.build/AutoReframe-own-target-headers.hmap -Xcc -I/Users/runner/work/Reframe/Reframe/App/build/Build/Intermediates.noindex/AutoReframe.build/Debug-iphonesimulator/AutoReframe.build/AutoReframe-all-non-framework-target-headers.hmap -Xcc -ivfsoverlay -Xcc /Users/runner/work/Reframe/Reframe/App/build/Build/Intermediates.noindex/AutoReframe.build/Debug-iphonesimulator/AutoReframe-80d5b118fb95dbd414767e04e4966aee-VFS-iphonesimulator/all-product-headers.yaml -Xcc -iquote -Xcc /Users/runner/work/Reframe/Reframe/App/build/Build/Intermediates.noindex/AutoReframe.build/Debug-iphonesimulator/AutoReframe.build/AutoReframe-project-headers.hmap -Xcc -I/Users/runner/work/Reframe/Reframe/App/build/Build/Products/Debug-iphonesimulator/include -Xcc -I/Users/runner/work/Reframe/Reframe/App/build/Build/Intermediates.noindex/AutoReframe.build/Debug-iphonesimulator/AutoReframe.build/DerivedSources-normal/arm64 -Xcc -I/Users/runner/work/Reframe/Reframe/App/build/Build/Intermediates.noindex/AutoReframe.build/Debug-iphonesimulator/AutoReframe.build/DerivedSources/arm64 -Xcc -I/Users/runner/work/Reframe/Reframe/App/build/Build/Intermediates.noindex/AutoReframe.build/Debug-iphonesimulator/AutoReframe.build/DerivedSources -Xcc -DDEBUG\=1 -module-name AutoReframe -frontend-parseable-output -disable-clang-spi -target-sdk-version 18.2 -target-sdk-name iphonesimulator18.2 -external-plugin-path /Applications/Xcode_16.2.app/Contents/Developer/Platforms/iPhoneOS.platform/Developer/usr/lib/swift/host/plugins\#/Applications/Xcode_16.2.app/Contents/Developer/Platforms/iPhoneOS.platform/Developer/usr/bin/swift-plugin-server -external-plugin-path /Applications/Xcode_16.2.app/Contents/Developer/Platforms/iPhoneOS.platform/Developer/usr/local/lib/swift/host/plugins\#/Applications/Xcode_16.2.app/Contents/Developer/Platforms/iPhoneOS.platform/Developer/usr/bin/swift-plugin-server -plugin-path /Applications/Xcode_16.2.app/Contents/Developer/Toolchains/XcodeDefault.xctoolchain/usr/lib/swift/host/plugins -plugin-path /Applications/Xcode_16.2.app/Contents/Developer/Toolchains/XcodeDefault.xctoolchain/usr/local/lib/swift/host/plugins -o /Users/runner/work/Reframe/Reframe/App/build/Build/Intermediates.noindex/AutoReframe.build/Debug-iphonesimulator/AutoReframe.build/Objects-normal/arm64/ContentView.o -o /Users/runner/work/Reframe/Reframe/App/build/Build/Intermediates.noindex/AutoReframe.build/Debug-iphonesimulator/AutoReframe.build/Objects-normal/arm64/Options.o -index-unit-output-path /AutoReframe.build/Debug-iphonesimulator/AutoReframe.build/Objects-normal/arm64/ContentView.o -index-unit-output-path /AutoReframe.build/Debug-iphonesimulator/AutoReframe.build/Objects-normal/arm64/Options.o -index-store-path /Users/runner/work/Reframe/Reframe/App/build/Index.noindex/DataStore -index-system-modules

SwiftCompile normal arm64 /Users/runner/work/Reframe/Reframe/App/AutoReframe/Options.swift (in target 'AutoReframe' from project 'AutoReframe')
    cd /Users/runner/work/Reframe/Reframe/App
    /Applications/Xcode_16.2.app/Contents/Developer/Toolchains/XcodeDefault.xctoolchain/usr/bin/swift-frontend -c /Users/runner/work/Reframe/Reframe/App/AutoReframe/AutoReframeApp.swift /Users/runner/work/Reframe/Reframe/App/AutoReframe/CameraService.swift /Users/runner/work/Reframe/Reframe/App/AutoReframe/CameraView.swift -primary-file /Users/runner/work/Reframe/Reframe/App/AutoReframe/ContentView.swift -primary-file /Users/runner/work/Reframe/Reframe/App/AutoReframe/Options.swift /Users/runner/work/Reframe/Reframe/App/AutoReframe/ProcessingModel.swift /Users/runner/work/Reframe/Reframe/App/AutoReframe/VideoFile.swift -emit-dependencies-path /Users/runner/work/Reframe/Reframe/App/build/Build/Intermediates.noindex/AutoReframe.build/Debug-iphonesimulator/AutoReframe.build/Objects-normal/arm64/ContentView.d -emit-const-values-path /Users/runner/work/Reframe/Reframe/App/build/Build/Intermediates.noindex/AutoReframe.build/Debug-iphonesimulator/AutoReframe.build/Objects-normal/arm64/ContentView.swiftconstvalues -emit-reference-dependencies-path /Users/runner/work/Reframe/Reframe/App/build/Build/Intermediates.noindex/AutoReframe.build/Debug-iphonesimulator/AutoReframe.build/Objects-normal/arm64/ContentView.swiftdeps -serialize-diagnostics-path /Users/runner/work/Reframe/Reframe/App/build/Build/Intermediates.noindex/AutoReframe.build/Debug-iphonesimulator/AutoReframe.build/Objects-normal/arm64/ContentView.dia -emit-dependencies-path /Users/runner/work/Reframe/Reframe/App/build/Build/Intermediates.noindex/AutoReframe.build/Debug-iphonesimulator/AutoReframe.build/Objects-normal/arm64/Options.d -emit-const-values-path /Users/runner/work/Reframe/Reframe/App/build/Build/Intermediates.noindex/AutoReframe.build/Debug-iphonesimulator/AutoReframe.build/Objects-normal/arm64/Options.swiftconstvalues -emit-reference-dependencies-path /Users/runner/work/Reframe/Reframe/App/build/Build/Intermediates.noindex/AutoReframe.build/Debug-iphonesimulator/AutoReframe.build/Objects-normal/arm64/Options.swiftdeps -serialize-diagnostics-path /Users/runner/work/Reframe/Reframe/App/build/Build/Intermediates.noindex/AutoReframe.build/Debug-iphonesimulator/AutoReframe.build/Objects-normal/arm64/Options.dia -target arm64-apple-ios16.0-simulator -Xllvm -aarch64-use-tbi -enable-objc-interop -sdk /Applications/Xcode_16.2.app/Contents/Developer/Platforms/iPhoneSimulator.platform/Developer/SDKs/iPhoneSimulator18.2.sdk -I /Users/runner/work/Reframe/Reframe/App/build/Build/Products/Debug-iphonesimulator -F /Users/runner/work/Reframe/Reframe/App/build/Build/Products/Debug-iphonesimulator/PackageFrameworks -F /Users/runner/work/Reframe/Reframe/App/build/Build/Products/Debug-iphonesimulator/PackageFrameworks -F /Users/runner/work/Reframe/Reframe/App/build/Build/Products/Debug-iphonesimulator -no-color-diagnostics -enable-testing -g -debug-info-format\=dwarf -dwarf-version\=4 -module-cache-path /Users/runner/work/Reframe/Reframe/App/build/ModuleCache.noindex -swift-version 5 -enforce-exclusivity\=checked -Onone -D DEBUG -serialize-debugging-options -const-gather-protocols-file /Users/runner/work/Reframe/Reframe/App/build/Build/Intermediates.noindex/AutoReframe.build/Debug-iphonesimulator/AutoReframe.build/Objects-normal/arm64/AutoReframe_const_extract_protocols.json -enable-experimental-feature DebugDescriptionMacro -enable-experimental-feature OpaqueTypeErasure -enable-bare-slash-regex -empty-abi-descriptor -validate-clang-modules-once -clang-build-session-file /Users/runner/work/Reframe/Reframe/App/build/ModuleCache.noindex/Session.modulevalidation -Xcc -working-directory -Xcc /Users/runner/work/Reframe/Reframe/App -resource-dir /Applications/Xcode_16.2.app/Contents/Developer/Toolchains/XcodeDefault.xctoolchain/usr/lib/swift -enable-anonymous-context-mangled-names -file-compilation-dir /Users/runner/work/Reframe/Reframe/App -Xcc -D_LIBCPP_HARDENING_MODE\=_LIBCPP_HARDENING_MODE_DEBUG -Xcc -ivfsstatcache -Xcc /Users/runner/work/Reframe/Reframe/App/build/SDKStatCaches.noindex/iphonesimulator18.2-22C146-16b5fc1f628d844b188c57a1ba9d6a81.sdkstatcache -Xcc -I/Users/runner/work/Reframe/Reframe/App/build/Build/Intermediates.noindex/AutoReframe.build/Debug-iphonesimulator/AutoReframe.build/swift-overrides.hmap -Xcc -iquote -Xcc /Users/runner/work/Reframe/Reframe/App/build/Build/Intermediates.noindex/AutoReframe.build/Debug-iphonesimulator/AutoReframe.build/AutoReframe-generated-files.hmap -Xcc -I/Users/runner/work/Reframe/Reframe/App/build/Build/Intermediates.noindex/AutoReframe.build/Debug-iphonesimulator/AutoReframe.build/AutoReframe-own-target-headers.hmap -Xcc -I/Users/runner/work/Reframe/Reframe/App/build/Build/Intermediates.noindex/AutoReframe.build/Debug-iphonesimulator/AutoReframe.build/AutoReframe-all-non-framework-target-headers.hmap -Xcc -ivfsoverlay -Xcc /Users/runner/work/Reframe/Reframe/App/build/Build/Intermediates.noindex/AutoReframe.build/Debug-iphonesimulator/AutoReframe-80d5b118fb95dbd414767e04e4966aee-VFS-iphonesimulator/all-product-headers.yaml -Xcc -iquote -Xcc /Users/runner/work/Reframe/Reframe/App/build/Build/Intermediates.noindex/AutoReframe.build/Debug-iphonesimulator/AutoReframe.build/AutoReframe-project-headers.hmap -Xcc -I/Users/runner/work/Reframe/Reframe/App/build/Build/Products/Debug-iphonesimulator/include -Xcc -I/Users/runner/work/Reframe/Reframe/App/build/Build/Intermediates.noindex/AutoReframe.build/Debug-iphonesimulator/AutoReframe.build/DerivedSources-normal/arm64 -Xcc -I/Users/runner/work/Reframe/Reframe/App/build/Build/Intermediates.noindex/AutoReframe.build/Debug-iphonesimulator/AutoReframe.build/DerivedSources/arm64 -Xcc -I/Users/runner/work/Reframe/Reframe/App/build/Build/Intermediates.noindex/AutoReframe.build/Debug-iphonesimulator/AutoReframe.build/DerivedSources -Xcc -DDEBUG\=1 -module-name AutoReframe -frontend-parseable-output -disable-clang-spi -target-sdk-version 18.2 -target-sdk-name iphonesimulator18.2 -external-plugin-path /Applications/Xcode_16.2.app/Contents/Developer/Platforms/iPhoneOS.platform/Developer/usr/lib/swift/host/plugins\#/Applications/Xcode_16.2.app/Contents/Developer/Platforms/iPhoneOS.platform/Developer/usr/bin/swift-plugin-server -external-plugin-path /Applications/Xcode_16.2.app/Contents/Developer/Platforms/iPhoneOS.platform/Developer/usr/local/lib/swift/host/plugins\#/Applications/Xcode_16.2.app/Contents/Developer/Platforms/iPhoneOS.platform/Developer/usr/bin/swift-plugin-server -plugin-path /Applications/Xcode_16.2.app/Contents/Developer/Toolchains/XcodeDefault.xctoolchain/usr/lib/swift/host/plugins -plugin-path /Applications/Xcode_16.2.app/Contents/Developer/Toolchains/XcodeDefault.xctoolchain/usr/local/lib/swift/host/plugins -o /Users/runner/work/Reframe/Reframe/App/build/Build/Intermediates.noindex/AutoReframe.build/Debug-iphonesimulator/AutoReframe.build/Objects-normal/arm64/ContentView.o -o /Users/runner/work/Reframe/Reframe/App/build/Build/Intermediates.noindex/AutoReframe.build/Debug-iphonesimulator/AutoReframe.build/Objects-normal/arm64/Options.o -index-unit-output-path /AutoReframe.build/Debug-iphonesimulator/AutoReframe.build/Objects-normal/arm64/ContentView.o -index-unit-output-path /AutoReframe.build/Debug-iphonesimulator/AutoReframe.build/Objects-normal/arm64/Options.o -index-store-path /Users/runner/work/Reframe/Reframe/App/build/Index.noindex/DataStore -index-system-modules

SwiftDriverJobDiscovery normal x86_64 Compiling ProcessingModel.swift, VideoFile.swift (in target 'AutoReframe' from project 'AutoReframe')

SwiftCompile normal x86_64 Compiling\ AutoReframeApp.swift,\ CameraService.swift,\ CameraView.swift /Users/runner/work/Reframe/Reframe/App/AutoReframe/AutoReframeApp.swift /Users/runner/work/Reframe/Reframe/App/AutoReframe/CameraService.swift /Users/runner/work/Reframe/Reframe/App/AutoReframe/CameraView.swift (in target 'AutoReframe' from project 'AutoReframe')
    cd /Users/runner/work/Reframe/Reframe/App
    builtin-swiftTaskExecution -- /Applications/Xcode_16.2.app/Contents/Developer/Toolchains/XcodeDefault.xctoolchain/usr/bin/swift-frontend -frontend -c -primary-file /Users/runner/work/Reframe/Reframe/App/AutoReframe/AutoReframeApp.swift -primary-file /Users/runner/work/Reframe/Reframe/App/AutoReframe/CameraService.swift -primary-file /Users/runner/work/Reframe/Reframe/App/AutoReframe/CameraView.swift /Users/runner/work/Reframe/Reframe/App/AutoReframe/ContentView.swift /Users/runner/work/Reframe/Reframe/App/AutoReframe/Options.swift /Users/runner/work/Reframe/Reframe/App/AutoReframe/ProcessingModel.swift /Users/runner/work/Reframe/Reframe/App/AutoReframe/VideoFile.swift -supplementary-output-file-map /Users/runner/work/Reframe/Reframe/App/build/Build/Intermediates.noindex/AutoReframe.build/Debug-iphonesimulator/AutoReframe.build/Objects-normal/x86_64/supplementaryOutputs-25 -target x86_64-apple-ios16.0-simulator -enable-objc-interop -sdk /Applications/Xcode_16.2.app/Contents/Developer/Platforms/iPhoneSimulator.platform/Developer/SDKs/iPhoneSimulator18.2.sdk -I /Users/runner/work/Reframe/Reframe/App/build/Build/Products/Debug-iphonesimulator -F /Users/runner/work/Reframe/Reframe/App/build/Build/Products/Debug-iphonesimulator/PackageFrameworks -F /Users/runner/work/Reframe/Reframe/App/build/Build/Products/Debug-iphonesimulator/PackageFrameworks -F /Users/runner/work/Reframe/Reframe/App/build/Build/Products/Debug-iphonesimulator -no-color-diagnostics -enable-testing -g -debug-info-format\=dwarf -dwarf-version\=4 -module-cache-path /Users/runner/work/Reframe/Reframe/App/build/ModuleCache.noindex -swift-version 5 -enforce-exclusivity\=checked -Onone -D DEBUG -serialize-debugging-options -const-gather-protocols-file /Users/runner/work/Reframe/Reframe/App/build/Build/Intermediates.noindex/AutoReframe.build/Debug-iphonesimulator/AutoReframe.build/Objects-normal/x86_64/AutoReframe_const_extract_protocols.json -enable-experimental-feature DebugDescriptionMacro -enable-experimental-feature OpaqueTypeErasure -enable-bare-slash-regex -empty-abi-descriptor -validate-clang-modules-once -clang-build-session-file /Users/runner/work/Reframe/Reframe/App/build/ModuleCache.noindex/Session.modulevalidation -Xcc -working-directory -Xcc /Users/runner/work/Reframe/Reframe/App -resource-dir /Applications/Xcode_16.2.app/Contents/Developer/Toolchains/XcodeDefault.xctoolchain/usr/lib/swift -enable-anonymous-context-mangled-names -file-compilation-dir /Users/runner/work/Reframe/Reframe/App -Xcc -D_LIBCPP_HARDENING_MODE\=_LIBCPP_HARDENING_MODE_DEBUG -Xcc -ivfsstatcache -Xcc /Users/runner/work/Reframe/Reframe/App/build/SDKStatCaches.noindex/iphonesimulator18.2-22C146-16b5fc1f628d844b188c57a1ba9d6a81.sdkstatcache -Xcc -I/Users/runner/work/Reframe/Reframe/App/build/Build/Intermediates.noindex/AutoReframe.build/Debug-iphonesimulator/AutoReframe.build/swift-overrides.hmap -Xcc -iquote -Xcc /Users/runner/work/Reframe/Reframe/App/build/Build/Intermediates.noindex/AutoReframe.build/Debug-iphonesimulator/AutoReframe.build/AutoReframe-generated-files.hmap -Xcc -I/Users/runner/work/Reframe/Reframe/App/build/Build/Intermediates.noindex/AutoReframe.build/Debug-iphonesimulator/AutoReframe.build/AutoReframe-own-target-headers.hmap -Xcc -I/Users/runner/work/Reframe/Reframe/App/build/Build/Intermediates.noindex/AutoReframe.build/Debug-iphonesimulator/AutoReframe.build/AutoReframe-all-non-framework-target-headers.hmap -Xcc -ivfsoverlay -Xcc /Users/runner/work/Reframe/Reframe/App/build/Build/Intermediates.noindex/AutoReframe.build/Debug-iphonesimulator/AutoReframe-80d5b118fb95dbd414767e04e4966aee-VFS-iphonesimulator/all-product-headers.yaml -Xcc -iquote -Xcc /Users/runner/work/Reframe/Reframe/App/build/Build/Intermediates.noindex/AutoReframe.build/Debug-iphonesimulator/AutoReframe.build/AutoReframe-project-headers.hmap -Xcc -I/Users/runner/work/Reframe/Reframe/App/build/Build/Products/Debug-iphonesimulator/include -Xcc -I/Users/runner/work/Reframe/Reframe/App/build/Build/Intermediates.noindex/AutoReframe.build/Debug-iphonesimulator/AutoReframe.build/DerivedSources-normal/x86_64 -Xcc -I/Users/runner/work/Reframe/Reframe/App/build/Build/Intermediates.noindex/AutoReframe.build/Debug-iphonesimulator/AutoReframe.build/DerivedSources/x86_64 -Xcc -I/Users/runner/work/Reframe/Reframe/App/build/Build/Intermediates.noindex/AutoReframe.build/Debug-iphonesimulator/AutoReframe.build/DerivedSources -Xcc -DDEBUG\=1 -module-name AutoReframe -frontend-parseable-output -disable-clang-spi -target-sdk-version 18.2 -target-sdk-name iphonesimulator18.2 -external-plugin-path /Applications/Xcode_16.2.app/Contents/Developer/Platforms/iPhoneOS.platform/Developer/usr/lib/swift/host/plugins\#/Applications/Xcode_16.2.app/Contents/Developer/Platforms/iPhoneOS.platform/Developer/usr/bin/swift-plugin-server -external-plugin-path /Applications/Xcode_16.2.app/Contents/Developer/Platforms/iPhoneOS.platform/Developer/usr/local/lib/swift/host/plugins\#/Applications/Xcode_16.2.app/Contents/Developer/Platforms/iPhoneOS.platform/Developer/usr/bin/swift-plugin-server -plugin-path /Applications/Xcode_16.2.app/Contents/Developer/Toolchains/XcodeDefault.xctoolchain/usr/lib/swift/host/plugins -plugin-path /Applications/Xcode_16.2.app/Contents/Developer/Toolchains/XcodeDefault.xctoolchain/usr/local/lib/swift/host/plugins -o /Users/runner/work/Reframe/Reframe/App/build/Build/Intermediates.noindex/AutoReframe.build/Debug-iphonesimulator/AutoReframe.build/Objects-normal/x86_64/AutoReframeApp.o -o /Users/runner/work/Reframe/Reframe/App/build/Build/Intermediates.noindex/AutoReframe.build/Debug-iphonesimulator/AutoReframe.build/Objects-normal/x86_64/CameraService.o -o /Users/runner/work/Reframe/Reframe/App/build/Build/Intermediates.noindex/AutoReframe.build/Debug-iphonesimulator/AutoReframe.build/Objects-normal/x86_64/CameraView.o -index-unit-output-path /AutoReframe.build/Debug-iphonesimulator/AutoReframe.build/Objects-normal/x86_64/AutoReframeApp.o -index-unit-output-path /AutoReframe.build/Debug-iphonesimulator/AutoReframe.build/Objects-normal/x86_64/CameraService.o -index-unit-output-path /AutoReframe.build/Debug-iphonesimulator/AutoReframe.build/Objects-normal/x86_64/CameraView.o -index-store-path /Users/runner/work/Reframe/Reframe/App/build/Index.noindex/DataStore -index-system-modules
SwiftCompile normal x86_64 /Users/runner/work/Reframe/Reframe/App/AutoReframe/AutoReframeApp.swift (in target 'AutoReframe' from project 'AutoReframe')
    cd /Users/runner/work/Reframe/Reframe/App
    /Applications/Xcode_16.2.app/Contents/Developer/Toolchains/XcodeDefault.xctoolchain/usr/bin/swift-frontend -c -primary-file /Users/runner/work/Reframe/Reframe/App/AutoReframe/AutoReframeApp.swift -primary-file /Users/runner/work/Reframe/Reframe/App/AutoReframe/CameraService.swift -primary-file /Users/runner/work/Reframe/Reframe/App/AutoReframe/CameraView.swift /Users/runner/work/Reframe/Reframe/App/AutoReframe/ContentView.swift /Users/runner/work/Reframe/Reframe/App/AutoReframe/Options.swift /Users/runner/work/Reframe/Reframe/App/AutoReframe/ProcessingModel.swift /Users/runner/work/Reframe/Reframe/App/AutoReframe/VideoFile.swift -supplementary-output-file-map /Users/runner/work/Reframe/Reframe/App/build/Build/Intermediates.noindex/AutoReframe.build/Debug-iphonesimulator/AutoReframe.build/Objects-normal/x86_64/supplementaryOutputs-25 -target x86_64-apple-ios16.0-simulator -enable-objc-interop -sdk /Applications/Xcode_16.2.app/Contents/Developer/Platforms/iPhoneSimulator.platform/Developer/SDKs/iPhoneSimulator18.2.sdk -I /Users/runner/work/Reframe/Reframe/App/build/Build/Products/Debug-iphonesimulator -F /Users/runner/work/Reframe/Reframe/App/build/Build/Products/Debug-iphonesimulator/PackageFrameworks -F /Users/runner/work/Reframe/Reframe/App/build/Build/Products/Debug-iphonesimulator/PackageFrameworks -F /Users/runner/work/Reframe/Reframe/App/build/Build/Products/Debug-iphonesimulator -no-color-diagnostics -enable-testing -g -debug-info-format\=dwarf -dwarf-version\=4 -module-cache-path /Users/runner/work/Reframe/Reframe/App/build/ModuleCache.noindex -swift-version 5 -enforce-exclusivity\=checked -Onone -D DEBUG -serialize-debugging-options -const-gather-protocols-file /Users/runner/work/Reframe/Reframe/App/build/Build/Intermediates.noindex/AutoReframe.build/Debug-iphonesimulator/AutoReframe.build/Objects-normal/x86_64/AutoReframe_const_extract_protocols.json -enable-experimental-feature DebugDescriptionMacro -enable-experimental-feature OpaqueTypeErasure -enable-bare-slash-regex -empty-abi-descriptor -validate-clang-modules-once -clang-build-session-file /Users/runner/work/Reframe/Reframe/App/build/ModuleCache.noindex/Session.modulevalidation -Xcc -working-directory -Xcc /Users/runner/work/Reframe/Reframe/App -resource-dir /Applications/Xcode_16.2.app/Contents/Developer/Toolchains/XcodeDefault.xctoolchain/usr/lib/swift -enable-anonymous-context-mangled-names -file-compilation-dir /Users/runner/work/Reframe/Reframe/App -Xcc -D_LIBCPP_HARDENING_MODE\=_LIBCPP_HARDENING_MODE_DEBUG -Xcc -ivfsstatcache -Xcc /Users/runner/work/Reframe/Reframe/App/build/SDKStatCaches.noindex/iphonesimulator18.2-22C146-16b5fc1f628d844b188c57a1ba9d6a81.sdkstatcache -Xcc -I/Users/runner/work/Reframe/Reframe/App/build/Build/Intermediates.noindex/AutoReframe.build/Debug-iphonesimulator/AutoReframe.build/swift-overrides.hmap -Xcc -iquote -Xcc /Users/runner/work/Reframe/Reframe/App/build/Build/Intermediates.noindex/AutoReframe.build/Debug-iphonesimulator/AutoReframe.build/AutoReframe-generated-files.hmap -Xcc -I/Users/runner/work/Reframe/Reframe/App/build/Build/Intermediates.noindex/AutoReframe.build/Debug-iphonesimulator/AutoReframe.build/AutoReframe-own-target-headers.hmap -Xcc -I/Users/runner/work/Reframe/Reframe/App/build/Build/Intermediates.noindex/AutoReframe.build/Debug-iphonesimulator/AutoReframe.build/AutoReframe-all-non-framework-target-headers.hmap -Xcc -ivfsoverlay -Xcc /Users/runner/work/Reframe/Reframe/App/build/Build/Intermediates.noindex/AutoReframe.build/Debug-iphonesimulator/AutoReframe-80d5b118fb95dbd414767e04e4966aee-VFS-iphonesimulator/all-product-headers.yaml -Xcc -iquote -Xcc /Users/runner/work/Reframe/Reframe/App/build/Build/Intermediates.noindex/AutoReframe.build/Debug-iphonesimulator/AutoReframe.build/AutoReframe-project-headers.hmap -Xcc -I/Users/runner/work/Reframe/Reframe/App/build/Build/Products/Debug-iphonesimulator/include -Xcc -I/Users/runner/work/Reframe/Reframe/App/build/Build/Intermediates.noindex/AutoReframe.build/Debug-iphonesimulator/AutoReframe.build/DerivedSources-normal/x86_64 -Xcc -I/Users/runner/work/Reframe/Reframe/App/build/Build/Intermediates.noindex/AutoReframe.build/Debug-iphonesimulator/AutoReframe.build/DerivedSources/x86_64 -Xcc -I/Users/runner/work/Reframe/Reframe/App/build/Build/Intermediates.noindex/AutoReframe.build/Debug-iphonesimulator/AutoReframe.build/DerivedSources -Xcc -DDEBUG\=1 -module-name AutoReframe -frontend-parseable-output -disable-clang-spi -target-sdk-version 18.2 -target-sdk-name iphonesimulator18.2 -external-plugin-path /Applications/Xcode_16.2.app/Contents/Developer/Platforms/iPhoneOS.platform/Developer/usr/lib/swift/host/plugins\#/Applications/Xcode_16.2.app/Contents/Developer/Platforms/iPhoneOS.platform/Developer/usr/bin/swift-plugin-server -external-plugin-path /Applications/Xcode_16.2.app/Contents/Developer/Platforms/iPhoneOS.platform/Developer/usr/local/lib/swift/host/plugins\#/Applications/Xcode_16.2.app/Contents/Developer/Platforms/iPhoneOS.platform/Developer/usr/bin/swift-plugin-server -plugin-path /Applications/Xcode_16.2.app/Contents/Developer/Toolchains/XcodeDefault.xctoolchain/usr/lib/swift/host/plugins -plugin-path /Applications/Xcode_16.2.app/Contents/Developer/Toolchains/XcodeDefault.xctoolchain/usr/local/lib/swift/host/plugins -o /Users/runner/work/Reframe/Reframe/App/build/Build/Intermediates.noindex/AutoReframe.build/Debug-iphonesimulator/AutoReframe.build/Objects-normal/x86_64/AutoReframeApp.o -o /Users/runner/work/Reframe/Reframe/App/build/Build/Intermediates.noindex/AutoReframe.build/Debug-iphonesimulator/AutoReframe.build/Objects-normal/x86_64/CameraService.o -o /Users/runner/work/Reframe/Reframe/App/build/Build/Intermediates.noindex/AutoReframe.build/Debug-iphonesimulator/AutoReframe.build/Objects-normal/x86_64/CameraView.o -index-unit-output-path /AutoReframe.build/Debug-iphonesimulator/AutoReframe.build/Objects-normal/x86_64/AutoReframeApp.o -index-unit-output-path /AutoReframe.build/Debug-iphonesimulator/AutoReframe.build/Objects-normal/x86_64/CameraService.o -index-unit-output-path /AutoReframe.build/Debug-iphonesimulator/AutoReframe.build/Objects-normal/x86_64/CameraView.o -index-store-path /Users/runner/work/Reframe/Reframe/App/build/Index.noindex/DataStore -index-system-modules

SwiftCompile normal x86_64 /Users/runner/work/Reframe/Reframe/App/AutoReframe/CameraService.swift (in target 'AutoReframe' from project 'AutoReframe')
    cd /Users/runner/work/Reframe/Reframe/App
    /Applications/Xcode_16.2.app/Contents/Developer/Toolchains/XcodeDefault.xctoolchain/usr/bin/swift-frontend -c -primary-file /Users/runner/work/Reframe/Reframe/App/AutoReframe/AutoReframeApp.swift -primary-file /Users/runner/work/Reframe/Reframe/App/AutoReframe/CameraService.swift -primary-file /Users/runner/work/Reframe/Reframe/App/AutoReframe/CameraView.swift /Users/runner/work/Reframe/Reframe/App/AutoReframe/ContentView.swift /Users/runner/work/Reframe/Reframe/App/AutoReframe/Options.swift /Users/runner/work/Reframe/Reframe/App/AutoReframe/ProcessingModel.swift /Users/runner/work/Reframe/Reframe/App/AutoReframe/VideoFile.swift -supplementary-output-file-map /Users/runner/work/Reframe/Reframe/App/build/Build/Intermediates.noindex/AutoReframe.build/Debug-iphonesimulator/AutoReframe.build/Objects-normal/x86_64/supplementaryOutputs-25 -target x86_64-apple-ios16.0-simulator -enable-objc-interop -sdk /Applications/Xcode_16.2.app/Contents/Developer/Platforms/iPhoneSimulator.platform/Developer/SDKs/iPhoneSimulator18.2.sdk -I /Users/runner/work/Reframe/Reframe/App/build/Build/Products/Debug-iphonesimulator -F /Users/runner/work/Reframe/Reframe/App/build/Build/Products/Debug-iphonesimulator/PackageFrameworks -F /Users/runner/work/Reframe/Reframe/App/build/Build/Products/Debug-iphonesimulator/PackageFrameworks -F /Users/runner/work/Reframe/Reframe/App/build/Build/Products/Debug-iphonesimulator -no-color-diagnostics -enable-testing -g -debug-info-format\=dwarf -dwarf-version\=4 -module-cache-path /Users/runner/work/Reframe/Reframe/App/build/ModuleCache.noindex -swift-version 5 -enforce-exclusivity\=checked -Onone -D DEBUG -serialize-debugging-options -const-gather-protocols-file /Users/runner/work/Reframe/Reframe/App/build/Build/Intermediates.noindex/AutoReframe.build/Debug-iphonesimulator/AutoReframe.build/Objects-normal/x86_64/AutoReframe_const_extract_protocols.json -enable-experimental-feature DebugDescriptionMacro -enable-experimental-feature OpaqueTypeErasure -enable-bare-slash-regex -empty-abi-descriptor -validate-clang-modules-once -clang-build-session-file /Users/runner/work/Reframe/Reframe/App/build/ModuleCache.noindex/Session.modulevalidation -Xcc -working-directory -Xcc /Users/runner/work/Reframe/Reframe/App -resource-dir /Applications/Xcode_16.2.app/Contents/Developer/Toolchains/XcodeDefault.xctoolchain/usr/lib/swift -enable-anonymous-context-mangled-names -file-compilation-dir /Users/runner/work/Reframe/Reframe/App -Xcc -D_LIBCPP_HARDENING_MODE\=_LIBCPP_HARDENING_MODE_DEBUG -Xcc -ivfsstatcache -Xcc /Users/runner/work/Reframe/Reframe/App/build/SDKStatCaches.noindex/iphonesimulator18.2-22C146-16b5fc1f628d844b188c57a1ba9d6a81.sdkstatcache -Xcc -I/Users/runner/work/Reframe/Reframe/App/build/Build/Intermediates.noindex/AutoReframe.build/Debug-iphonesimulator/AutoReframe.build/swift-overrides.hmap -Xcc -iquote -Xcc /Users/runner/work/Reframe/Reframe/App/build/Build/Intermediates.noindex/AutoReframe.build/Debug-iphonesimulator/AutoReframe.build/AutoReframe-generated-files.hmap -Xcc -I/Users/runner/work/Reframe/Reframe/App/build/Build/Intermediates.noindex/AutoReframe.build/Debug-iphonesimulator/AutoReframe.build/AutoReframe-own-target-headers.hmap -Xcc -I/Users/runner/work/Reframe/Reframe/App/build/Build/Intermediates.noindex/AutoReframe.build/Debug-iphonesimulator/AutoReframe.build/AutoReframe-all-non-framework-target-headers.hmap -Xcc -ivfsoverlay -Xcc /Users/runner/work/Reframe/Reframe/App/build/Build/Intermediates.noindex/AutoReframe.build/Debug-iphonesimulator/AutoReframe-80d5b118fb95dbd414767e04e4966aee-VFS-iphonesimulator/all-product-headers.yaml -Xcc -iquote -Xcc /Users/runner/work/Reframe/Reframe/App/build/Build/Intermediates.noindex/AutoReframe.build/Debug-iphonesimulator/AutoReframe.build/AutoReframe-project-headers.hmap -Xcc -I/Users/runner/work/Reframe/Reframe/App/build/Build/Products/Debug-iphonesimulator/include -Xcc -I/Users/runner/work/Reframe/Reframe/App/build/Build/Intermediates.noindex/AutoReframe.build/Debug-iphonesimulator/AutoReframe.build/DerivedSources-normal/x86_64 -Xcc -I/Users/runner/work/Reframe/Reframe/App/build/Build/Intermediates.noindex/AutoReframe.build/Debug-iphonesimulator/AutoReframe.build/DerivedSources/x86_64 -Xcc -I/Users/runner/work/Reframe/Reframe/App/build/Build/Intermediates.noindex/AutoReframe.build/Debug-iphonesimulator/AutoReframe.build/DerivedSources -Xcc -DDEBUG\=1 -module-name AutoReframe -frontend-parseable-output -disable-clang-spi -target-sdk-version 18.2 -target-sdk-name iphonesimulator18.2 -external-plugin-path /Applications/Xcode_16.2.app/Contents/Developer/Platforms/iPhoneOS.platform/Developer/usr/lib/swift/host/plugins\#/Applications/Xcode_16.2.app/Contents/Developer/Platforms/iPhoneOS.platform/Developer/usr/bin/swift-plugin-server -external-plugin-path /Applications/Xcode_16.2.app/Contents/Developer/Platforms/iPhoneOS.platform/Developer/usr/local/lib/swift/host/plugins\#/Applications/Xcode_16.2.app/Contents/Developer/Platforms/iPhoneOS.platform/Developer/usr/bin/swift-plugin-server -plugin-path /Applications/Xcode_16.2.app/Contents/Developer/Toolchains/XcodeDefault.xctoolchain/usr/lib/swift/host/plugins -plugin-path /Applications/Xcode_16.2.app/Contents/Developer/Toolchains/XcodeDefault.xctoolchain/usr/local/lib/swift/host/plugins -o /Users/runner/work/Reframe/Reframe/App/build/Build/Intermediates.noindex/AutoReframe.build/Debug-iphonesimulator/AutoReframe.build/Objects-normal/x86_64/AutoReframeApp.o -o /Users/runner/work/Reframe/Reframe/App/build/Build/Intermediates.noindex/AutoReframe.build/Debug-iphonesimulator/AutoReframe.build/Objects-normal/x86_64/CameraService.o -o /Users/runner/work/Reframe/Reframe/App/build/Build/Intermediates.noindex/AutoReframe.build/Debug-iphonesimulator/AutoReframe.build/Objects-normal/x86_64/CameraView.o -index-unit-output-path /AutoReframe.build/Debug-iphonesimulator/AutoReframe.build/Objects-normal/x86_64/AutoReframeApp.o -index-unit-output-path /AutoReframe.build/Debug-iphonesimulator/AutoReframe.build/Objects-normal/x86_64/CameraService.o -index-unit-output-path /AutoReframe.build/Debug-iphonesimulator/AutoReframe.build/Objects-normal/x86_64/CameraView.o -index-store-path /Users/runner/work/Reframe/Reframe/App/build/Index.noindex/DataStore -index-system-modules
/Users/runner/work/Reframe/Reframe/App/AutoReframe/CameraService.swift:48:32: warning: capture of 'self' with non-sendable type 'CameraService' in a `@Sendable` closure
            self.queue.async { self.configureAndStart() }
                               ^
/Users/runner/work/Reframe/Reframe/App/AutoReframe/CameraService.swift:6:13: note: class 'CameraService' does not conform to the 'Sendable' protocol
final class CameraService: NSObject, ObservableObject, AVCaptureFileOutputRecordingDelegate {
            ^

SwiftCompile normal x86_64 /Users/runner/work/Reframe/Reframe/App/AutoReframe/CameraView.swift (in target 'AutoReframe' from project 'AutoReframe')
    cd /Users/runner/work/Reframe/Reframe/App
    /Applications/Xcode_16.2.app/Contents/Developer/Toolchains/XcodeDefault.xctoolchain/usr/bin/swift-frontend -c -primary-file /Users/runner/work/Reframe/Reframe/App/AutoReframe/AutoReframeApp.swift -primary-file /Users/runner/work/Reframe/Reframe/App/AutoReframe/CameraService.swift -primary-file /Users/runner/work/Reframe/Reframe/App/AutoReframe/CameraView.swift /Users/runner/work/Reframe/Reframe/App/AutoReframe/ContentView.swift /Users/runner/work/Reframe/Reframe/App/AutoReframe/Options.swift /Users/runner/work/Reframe/Reframe/App/AutoReframe/ProcessingModel.swift /Users/runner/work/Reframe/Reframe/App/AutoReframe/VideoFile.swift -supplementary-output-file-map /Users/runner/work/Reframe/Reframe/App/build/Build/Intermediates.noindex/AutoReframe.build/Debug-iphonesimulator/AutoReframe.build/Objects-normal/x86_64/supplementaryOutputs-25 -target x86_64-apple-ios16.0-simulator -enable-objc-interop -sdk /Applications/Xcode_16.2.app/Contents/Developer/Platforms/iPhoneSimulator.platform/Developer/SDKs/iPhoneSimulator18.2.sdk -I /Users/runner/work/Reframe/Reframe/App/build/Build/Products/Debug-iphonesimulator -F /Users/runner/work/Reframe/Reframe/App/build/Build/Products/Debug-iphonesimulator/PackageFrameworks -F /Users/runner/work/Reframe/Reframe/App/build/Build/Products/Debug-iphonesimulator/PackageFrameworks -F /Users/runner/work/Reframe/Reframe/App/build/Build/Products/Debug-iphonesimulator -no-color-diagnostics -enable-testing -g -debug-info-format\=dwarf -dwarf-version\=4 -module-cache-path /Users/runner/work/Reframe/Reframe/App/build/ModuleCache.noindex -swift-version 5 -enforce-exclusivity\=checked -Onone -D DEBUG -serialize-debugging-options -const-gather-protocols-file /Users/runner/work/Reframe/Reframe/App/build/Build/Intermediates.noindex/AutoReframe.build/Debug-iphonesimulator/AutoReframe.build/Objects-normal/x86_64/AutoReframe_const_extract_protocols.json -enable-experimental-feature DebugDescriptionMacro -enable-experimental-feature OpaqueTypeErasure -enable-bare-slash-regex -empty-abi-descriptor -validate-clang-modules-once -clang-build-session-file /Users/runner/work/Reframe/Reframe/App/build/ModuleCache.noindex/Session.modulevalidation -Xcc -working-directory -Xcc /Users/runner/work/Reframe/Reframe/App -resource-dir /Applications/Xcode_16.2.app/Contents/Developer/Toolchains/XcodeDefault.xctoolchain/usr/lib/swift -enable-anonymous-context-mangled-names -file-compilation-dir /Users/runner/work/Reframe/Reframe/App -Xcc -D_LIBCPP_HARDENING_MODE\=_LIBCPP_HARDENING_MODE_DEBUG -Xcc -ivfsstatcache -Xcc /Users/runner/work/Reframe/Reframe/App/build/SDKStatCaches.noindex/iphonesimulator18.2-22C146-16b5fc1f628d844b188c57a1ba9d6a81.sdkstatcache -Xcc -I/Users/runner/work/Reframe/Reframe/App/build/Build/Intermediates.noindex/AutoReframe.build/Debug-iphonesimulator/AutoReframe.build/swift-overrides.hmap -Xcc -iquote -Xcc /Users/runner/work/Reframe/Reframe/App/build/Build/Intermediates.noindex/AutoReframe.build/Debug-iphonesimulator/AutoReframe.build/AutoReframe-generated-files.hmap -Xcc -I/Users/runner/work/Reframe/Reframe/App/build/Build/Intermediates.noindex/AutoReframe.build/Debug-iphonesimulator/AutoReframe.build/AutoReframe-own-target-headers.hmap -Xcc -I/Users/runner/work/Reframe/Reframe/App/build/Build/Intermediates.noindex/AutoReframe.build/Debug-iphonesimulator/AutoReframe.build/AutoReframe-all-non-framework-target-headers.hmap -Xcc -ivfsoverlay -Xcc /Users/runner/work/Reframe/Reframe/App/build/Build/Intermediates.noindex/AutoReframe.build/Debug-iphonesimulator/AutoReframe-80d5b118fb95dbd414767e04e4966aee-VFS-iphonesimulator/all-product-headers.yaml -Xcc -iquote -Xcc /Users/runner/work/Reframe/Reframe/App/build/Build/Intermediates.noindex/AutoReframe.build/Debug-iphonesimulator/AutoReframe.build/AutoReframe-project-headers.hmap -Xcc -I/Users/runner/work/Reframe/Reframe/App/build/Build/Products/Debug-iphonesimulator/include -Xcc -I/Users/runner/work/Reframe/Reframe/App/build/Build/Intermediates.noindex/AutoReframe.build/Debug-iphonesimulator/AutoReframe.build/DerivedSources-normal/x86_64 -Xcc -I/Users/runner/work/Reframe/Reframe/App/build/Build/Intermediates.noindex/AutoReframe.build/Debug-iphonesimulator/AutoReframe.build/DerivedSources/x86_64 -Xcc -I/Users/runner/work/Reframe/Reframe/App/build/Build/Intermediates.noindex/AutoReframe.build/Debug-iphonesimulator/AutoReframe.build/DerivedSources -Xcc -DDEBUG\=1 -module-name AutoReframe -frontend-parseable-output -disable-clang-spi -target-sdk-version 18.2 -target-sdk-name iphonesimulator18.2 -external-plugin-path /Applications/Xcode_16.2.app/Contents/Developer/Platforms/iPhoneOS.platform/Developer/usr/lib/swift/host/plugins\#/Applications/Xcode_16.2.app/Contents/Developer/Platforms/iPhoneOS.platform/Developer/usr/bin/swift-plugin-server -external-plugin-path /Applications/Xcode_16.2.app/Contents/Developer/Platforms/iPhoneOS.platform/Developer/usr/local/lib/swift/host/plugins\#/Applications/Xcode_16.2.app/Contents/Developer/Platforms/iPhoneOS.platform/Developer/usr/bin/swift-plugin-server -plugin-path /Applications/Xcode_16.2.app/Contents/Developer/Toolchains/XcodeDefault.xctoolchain/usr/lib/swift/host/plugins -plugin-path /Applications/Xcode_16.2.app/Contents/Developer/Toolchains/XcodeDefault.xctoolchain/usr/local/lib/swift/host/plugins -o /Users/runner/work/Reframe/Reframe/App/build/Build/Intermediates.noindex/AutoReframe.build/Debug-iphonesimulator/AutoReframe.build/Objects-normal/x86_64/AutoReframeApp.o -o /Users/runner/work/Reframe/Reframe/App/build/Build/Intermediates.noindex/AutoReframe.build/Debug-iphonesimulator/AutoReframe.build/Objects-normal/x86_64/CameraService.o -o /Users/runner/work/Reframe/Reframe/App/build/Build/Intermediates.noindex/AutoReframe.build/Debug-iphonesimulator/AutoReframe.build/Objects-normal/x86_64/CameraView.o -index-unit-output-path /AutoReframe.build/Debug-iphonesimulator/AutoReframe.build/Objects-normal/x86_64/AutoReframeApp.o -index-unit-output-path /AutoReframe.build/Debug-iphonesimulator/AutoReframe.build/Objects-normal/x86_64/CameraService.o -index-unit-output-path /AutoReframe.build/Debug-iphonesimulator/AutoReframe.build/Objects-normal/x86_64/CameraView.o -index-store-path /Users/runner/work/Reframe/Reframe/App/build/Index.noindex/DataStore -index-system-modules

SwiftDriverJobDiscovery normal x86_64 Compiling ContentView.swift, Options.swift (in target 'AutoReframe' from project 'AutoReframe')

Ld /Users/runner/work/Reframe/Reframe/App/build/Build/Intermediates.noindex/ReframeCore.build/Debug-iphonesimulator/TrackingKit.build/Objects-normal/x86_64/Binary/TrackingKit.o normal x86_64 (in target 'TrackingKit' from project 'ReframeCore')
    cd /Users/runner/work/Reframe/Reframe/Packages/ReframeCore
    /Applications/Xcode_16.2.app/Contents/Developer/Toolchains/XcodeDefault.xctoolchain/usr/bin/clang -Xlinker -reproducible -target x86_64-apple-ios16.0-simulator -r -isysroot /Applications/Xcode_16.2.app/Contents/Developer/Platforms/iPhoneSimulator.platform/Developer/SDKs/iPhoneSimulator18.2.sdk -O0 -L/Users/runner/work/Reframe/Reframe/App/build/Build/Intermediates.noindex/EagerLinkingTBDs/Debug-iphonesimulator -L/Users/runner/work/Reframe/Reframe/App/build/Build/Products/Debug-iphonesimulator -L/Applications/Xcode_16.2.app/Contents/Developer/Platforms/iPhoneSimulator.platform/Developer/usr/lib -F/Users/runner/work/Reframe/Reframe/App/build/Build/Intermediates.noindex/EagerLinkingTBDs/Debug-iphonesimulator -F/Users/runner/work/Reframe/Reframe/App/build/Build/Products/Debug-iphonesimulator/PackageFrameworks -F/Users/runner/work/Reframe/Reframe/App/build/Build/Products/Debug-iphonesimulator -iframework /Applications/Xcode_16.2.app/Contents/Developer/Platforms/iPhoneSimulator.platform/Developer/Library/Frameworks -iframework /Applications/Xcode_16.2.app/Contents/Developer/Platforms/iPhoneSimulator.platform/Developer/SDKs/iPhoneSimulator18.2.sdk/Developer/Library/Frameworks -filelist /Users/runner/work/Reframe/Reframe/App/build/Build/Intermediates.noindex/ReframeCore.build/Debug-iphonesimulator/TrackingKit.build/Objects-normal/x86_64/TrackingKit.LinkFileList -nostdlib -Xlinker -object_path_lto -Xlinker /Users/runner/work/Reframe/Reframe/App/build/Build/Intermediates.noindex/ReframeCore.build/Debug-iphonesimulator/TrackingKit.build/Objects-normal/x86_64/TrackingKit_lto.o -Xlinker -export_dynamic -Xlinker -no_deduplicate -Xlinker -objc_abi_version -Xlinker 2 -fobjc-link-runtime -L/Applications/Xcode_16.2.app/Contents/Developer/Toolchains/XcodeDefault.xctoolchain/usr/lib/swift/iphonesimulator -L/usr/lib/swift -Xlinker -add_ast_path -Xlinker /Users/runner/work/Reframe/Reframe/App/build/Build/Intermediates.noindex/ReframeCore.build/Debug-iphonesimulator/TrackingKit.build/Objects-normal/x86_64/TrackingKit.swiftmodule -Xlinker -dependency_info -Xlinker /Users/runner/work/Reframe/Reframe/App/build/Build/Intermediates.noindex/ReframeCore.build/Debug-iphonesimulator/TrackingKit.build/Objects-normal/x86_64/TrackingKit_dependency_info.dat -o /Users/runner/work/Reframe/Reframe/App/build/Build/Intermediates.noindex/ReframeCore.build/Debug-iphonesimulator/TrackingKit.build/Objects-normal/x86_64/Binary/TrackingKit.o

Ld /Users/runner/work/Reframe/Reframe/App/build/Build/Intermediates.noindex/ReframeCore.build/Debug-iphonesimulator/TrackingKit.build/Objects-normal/arm64/Binary/TrackingKit.o normal arm64 (in target 'TrackingKit' from project 'ReframeCore')
    cd /Users/runner/work/Reframe/Reframe/Packages/ReframeCore
    /Applications/Xcode_16.2.app/Contents/Developer/Toolchains/XcodeDefault.xctoolchain/usr/bin/clang -Xlinker -reproducible -target arm64-apple-ios16.0-simulator -r -isysroot /Applications/Xcode_16.2.app/Contents/Developer/Platforms/iPhoneSimulator.platform/Developer/SDKs/iPhoneSimulator18.2.sdk -O0 -L/Users/runner/work/Reframe/Reframe/App/build/Build/Intermediates.noindex/EagerLinkingTBDs/Debug-iphonesimulator -L/Users/runner/work/Reframe/Reframe/App/build/Build/Products/Debug-iphonesimulator -L/Applications/Xcode_16.2.app/Contents/Developer/Platforms/iPhoneSimulator.platform/Developer/usr/lib -F/Users/runner/work/Reframe/Reframe/App/build/Build/Intermediates.noindex/EagerLinkingTBDs/Debug-iphonesimulator -F/Users/runner/work/Reframe/Reframe/App/build/Build/Products/Debug-iphonesimulator/PackageFrameworks -F/Users/runner/work/Reframe/Reframe/App/build/Build/Products/Debug-iphonesimulator -iframework /Applications/Xcode_16.2.app/Contents/Developer/Platforms/iPhoneSimulator.platform/Developer/Library/Frameworks -iframework /Applications/Xcode_16.2.app/Contents/Developer/Platforms/iPhoneSimulator.platform/Developer/SDKs/iPhoneSimulator18.2.sdk/Developer/Library/Frameworks -filelist /Users/runner/work/Reframe/Reframe/App/build/Build/Intermediates.noindex/ReframeCore.build/Debug-iphonesimulator/TrackingKit.build/Objects-normal/arm64/TrackingKit.LinkFileList -nostdlib -Xlinker -object_path_lto -Xlinker /Users/runner/work/Reframe/Reframe/App/build/Build/Intermediates.noindex/ReframeCore.build/Debug-iphonesimulator/TrackingKit.build/Objects-normal/arm64/TrackingKit_lto.o -Xlinker -export_dynamic -Xlinker -no_deduplicate -Xlinker -objc_abi_version -Xlinker 2 -fobjc-link-runtime -L/Applications/Xcode_16.2.app/Contents/Developer/Toolchains/XcodeDefault.xctoolchain/usr/lib/swift/iphonesimulator -L/usr/lib/swift -Xlinker -add_ast_path -Xlinker /Users/runner/work/Reframe/Reframe/App/build/Build/Intermediates.noindex/ReframeCore.build/Debug-iphonesimulator/TrackingKit.build/Objects-normal/arm64/TrackingKit.swiftmodule -Xlinker -dependency_info -Xlinker /Users/runner/work/Reframe/Reframe/App/build/Build/Intermediates.noindex/ReframeCore.build/Debug-iphonesimulator/TrackingKit.build/Objects-normal/arm64/TrackingKit_dependency_info.dat -o /Users/runner/work/Reframe/Reframe/App/build/Build/Intermediates.noindex/ReframeCore.build/Debug-iphonesimulator/TrackingKit.build/Objects-normal/arm64/Binary/TrackingKit.o

CreateUniversalBinary /Users/runner/work/Reframe/Reframe/App/build/Build/Products/Debug-iphonesimulator/TrackingKit.o normal arm64\ x86_64 (in target 'TrackingKit' from project 'ReframeCore')
    cd /Users/runner/work/Reframe/Reframe/Packages/ReframeCore
    /Applications/Xcode_16.2.app/Contents/Developer/Toolchains/XcodeDefault.xctoolchain/usr/bin/lipo -create /Users/runner/work/Reframe/Reframe/App/build/Build/Intermediates.noindex/ReframeCore.build/Debug-iphonesimulator/TrackingKit.build/Objects-normal/arm64/Binary/TrackingKit.o /Users/runner/work/Reframe/Reframe/App/build/Build/Intermediates.noindex/ReframeCore.build/Debug-iphonesimulator/TrackingKit.build/Objects-normal/x86_64/Binary/TrackingKit.o -output /Users/runner/work/Reframe/Reframe/App/build/Build/Products/Debug-iphonesimulator/TrackingKit.o

RegisterExecutionPolicyException /Users/runner/work/Reframe/Reframe/App/build/Build/Products/Debug-iphonesimulator/TrackingKit.o (in target 'TrackingKit' from project 'ReframeCore')
    cd /Users/runner/work/Reframe/Reframe/Packages/ReframeCore
    builtin-RegisterExecutionPolicyException /Users/runner/work/Reframe/Reframe/App/build/Build/Products/Debug-iphonesimulator/TrackingKit.o

ProcessInfoPlistFile /Users/runner/work/Reframe/Reframe/App/build/Build/Products/Debug-iphonesimulator/AutoReframe.app/Info.plist /Users/runner/work/Reframe/Reframe/App/AutoReframe/Info.plist (in target 'AutoReframe' from project 'AutoReframe')
    cd /Users/runner/work/Reframe/Reframe/App
    builtin-infoPlistUtility /Users/runner/work/Reframe/Reframe/App/AutoReframe/Info.plist -producttype com.apple.product-type.application -genpkginfo /Users/runner/work/Reframe/Reframe/App/build/Build/Products/Debug-iphonesimulator/AutoReframe.app/PkgInfo -expandbuildsettings -format binary -platform iphonesimulator -o /Users/runner/work/Reframe/Reframe/App/build/Build/Products/Debug-iphonesimulator/AutoReframe.app/Info.plist

Ld /Users/runner/work/Reframe/Reframe/App/build/Build/Intermediates.noindex/AutoReframe.build/Debug-iphonesimulator/AutoReframe.build/Objects-normal/x86_64/Binary/__preview.dylib normal x86_64 (in target 'AutoReframe' from project 'AutoReframe')
    cd /Users/runner/work/Reframe/Reframe/App
    /Applications/Xcode_16.2.app/Contents/Developer/Toolchains/XcodeDefault.xctoolchain/usr/bin/clang -Xlinker -reproducible -target x86_64-apple-ios16.0-simulator -dynamiclib -isysroot /Applications/Xcode_16.2.app/Contents/Developer/Platforms/iPhoneSimulator.platform/Developer/SDKs/iPhoneSimulator18.2.sdk -O0 -L/Users/runner/work/Reframe/Reframe/App/build/Build/Products/Debug-iphonesimulator -F/Users/runner/work/Reframe/Reframe/App/build/Build/Products/Debug-iphonesimulator/PackageFrameworks -F/Users/runner/work/Reframe/Reframe/App/build/Build/Products/Debug-iphonesimulator/PackageFrameworks -F/Users/runner/work/Reframe/Reframe/App/build/Build/Products/Debug-iphonesimulator -install_name @rpath/AutoReframe.debug.dylib -dead_strip -Xlinker -export_dynamic -Xlinker -no_deduplicate -Xlinker -objc_abi_version -Xlinker 2 -o /Users/runner/work/Reframe/Reframe/App/build/Build/Intermediates.noindex/AutoReframe.build/Debug-iphonesimulator/AutoReframe.build/Objects-normal/x86_64/Binary/__preview.dylib

Ld /Users/runner/work/Reframe/Reframe/App/build/Build/Intermediates.noindex/AutoReframe.build/Debug-iphonesimulator/AutoReframe.build/Objects-normal/arm64/Binary/__preview.dylib normal arm64 (in target 'AutoReframe' from project 'AutoReframe')
    cd /Users/runner/work/Reframe/Reframe/App
    /Applications/Xcode_16.2.app/Contents/Developer/Toolchains/XcodeDefault.xctoolchain/usr/bin/clang -Xlinker -reproducible -target arm64-apple-ios16.0-simulator -dynamiclib -isysroot /Applications/Xcode_16.2.app/Contents/Developer/Platforms/iPhoneSimulator.platform/Developer/SDKs/iPhoneSimulator18.2.sdk -O0 -L/Users/runner/work/Reframe/Reframe/App/build/Build/Products/Debug-iphonesimulator -F/Users/runner/work/Reframe/Reframe/App/build/Build/Products/Debug-iphonesimulator/PackageFrameworks -F/Users/runner/work/Reframe/Reframe/App/build/Build/Products/Debug-iphonesimulator/PackageFrameworks -F/Users/runner/work/Reframe/Reframe/App/build/Build/Products/Debug-iphonesimulator -install_name @rpath/AutoReframe.debug.dylib -dead_strip -Xlinker -export_dynamic -Xlinker -no_deduplicate -Xlinker -objc_abi_version -Xlinker 2 -o /Users/runner/work/Reframe/Reframe/App/build/Build/Intermediates.noindex/AutoReframe.build/Debug-iphonesimulator/AutoReframe.build/Objects-normal/arm64/Binary/__preview.dylib

SwiftDriverJobDiscovery normal arm64 Compiling ContentView.swift, Options.swift (in target 'AutoReframe' from project 'AutoReframe')

SwiftDriver\ Compilation AutoReframe normal arm64 com.apple.xcode.tools.swift.compiler (in target 'AutoReframe' from project 'AutoReframe')
    cd /Users/runner/work/Reframe/Reframe/App
    builtin-Swift-Compilation -- /Applications/Xcode_16.2.app/Contents/Developer/Toolchains/XcodeDefault.xctoolchain/usr/bin/swiftc -module-name AutoReframe -Onone -enforce-exclusivity\=checked @/Users/runner/work/Reframe/Reframe/App/build/Build/Intermediates.noindex/AutoReframe.build/Debug-iphonesimulator/AutoReframe.build/Objects-normal/arm64/AutoReframe.SwiftFileList -DDEBUG -enable-bare-slash-regex -enable-experimental-feature DebugDescriptionMacro -sdk /Applications/Xcode_16.2.app/Contents/Developer/Platforms/iPhoneSimulator.platform/Developer/SDKs/iPhoneSimulator18.2.sdk -target arm64-apple-ios16.0-simulator -g -module-cache-path /Users/runner/work/Reframe/Reframe/App/build/ModuleCache.noindex -Xfrontend -serialize-debugging-options -enable-testing -index-store-path /Users/runner/work/Reframe/Reframe/App/build/Index.noindex/DataStore -enable-experimental-feature OpaqueTypeErasure -Xcc -D_LIBCPP_HARDENING_MODE\=_LIBCPP_HARDENING_MODE_DEBUG -swift-version 5 -I /Users/runner/work/Reframe/Reframe/App/build/Build/Products/Debug-iphonesimulator -F /Users/runner/work/Reframe/Reframe/App/build/Build/Products/Debug-iphonesimulator/PackageFrameworks -F /Users/runner/work/Reframe/Reframe/App/build/Build/Products/Debug-iphonesimulator/PackageFrameworks -F /Users/runner/work/Reframe/Reframe/App/build/Build/Products/Debug-iphonesimulator -c -j3 -enable-batch-mode -incremental -Xcc -ivfsstatcache -Xcc /Users/runner/work/Reframe/Reframe/App/build/SDKStatCaches.noindex/iphonesimulator18.2-22C146-16b5fc1f628d844b188c57a1ba9d6a81.sdkstatcache -output-file-map /Users/runner/work/Reframe/Reframe/App/build/Build/Intermediates.noindex/AutoReframe.build/Debug-iphonesimulator/AutoReframe.build/Objects-normal/arm64/AutoReframe-OutputFileMap.json -use-frontend-parseable-output -save-temps -no-color-diagnostics -serialize-diagnostics -emit-dependencies -emit-module -emit-module-path /Users/runner/work/Reframe/Reframe/App/build/Build/Intermediates.noindex/AutoReframe.build/Debug-iphonesimulator/AutoReframe.build/Objects-normal/arm64/AutoReframe.swiftmodule -validate-clang-modules-once -clang-build-session-file /Users/runner/work/Reframe/Reframe/App/build/ModuleCache.noindex/Session.modulevalidation -Xcc -I/Users/runner/work/Reframe/Reframe/App/build/Build/Intermediates.noindex/AutoReframe.build/Debug-iphonesimulator/AutoReframe.build/swift-overrides.hmap -emit-const-values -Xfrontend -const-gather-protocols-file -Xfrontend /Users/runner/work/Reframe/Reframe/App/build/Build/Intermediates.noindex/AutoReframe.build/Debug-iphonesimulator/AutoReframe.build/Objects-normal/arm64/AutoReframe_const_extract_protocols.json -Xcc -iquote -Xcc /Users/runner/work/Reframe/Reframe/App/build/Build/Intermediates.noindex/AutoReframe.build/Debug-iphonesimulator/AutoReframe.build/AutoReframe-generated-files.hmap -Xcc -I/Users/runner/work/Reframe/Reframe/App/build/Build/Intermediates.noindex/AutoReframe.build/Debug-iphonesimulator/AutoReframe.build/AutoReframe-own-target-headers.hmap -Xcc -I/Users/runner/work/Reframe/Reframe/App/build/Build/Intermediates.noindex/AutoReframe.build/Debug-iphonesimulator/AutoReframe.build/AutoReframe-all-non-framework-target-headers.hmap -Xcc -ivfsoverlay -Xcc /Users/runner/work/Reframe/Reframe/App/build/Build/Intermediates.noindex/AutoReframe.build/Debug-iphonesimulator/AutoReframe-80d5b118fb95dbd414767e04e4966aee-VFS-iphonesimulator/all-product-headers.yaml -Xcc -iquote -Xcc /Users/runner/work/Reframe/Reframe/App/build/Build/Intermediates.noindex/AutoReframe.build/Debug-iphonesimulator/AutoReframe.build/AutoReframe-project-headers.hmap -Xcc -I/Users/runner/work/Reframe/Reframe/App/build/Build/Products/Debug-iphonesimulator/include -Xcc -I/Users/runner/work/Reframe/Reframe/App/build/Build/Intermediates.noindex/AutoReframe.build/Debug-iphonesimulator/AutoReframe.build/DerivedSources-normal/arm64 -Xcc -I/Users/runner/work/Reframe/Reframe/App/build/Build/Intermediates.noindex/AutoReframe.build/Debug-iphonesimulator/AutoReframe.build/DerivedSources/arm64 -Xcc -I/Users/runner/work/Reframe/Reframe/App/build/Build/Intermediates.noindex/AutoReframe.build/Debug-iphonesimulator/AutoReframe.build/DerivedSources -Xcc -DDEBUG\=1 -emit-objc-header -emit-objc-header-path /Users/runner/work/Reframe/Reframe/App/build/Build/Intermediates.noindex/AutoReframe.build/Debug-iphonesimulator/AutoReframe.build/Objects-normal/arm64/AutoReframe-Swift.h -working-directory /Users/runner/work/Reframe/Reframe/App -experimental-emit-module-separately -disable-cmo

Ld /Users/runner/work/Reframe/Reframe/App/build/Build/Intermediates.noindex/AutoReframe.build/Debug-iphonesimulator/AutoReframe.build/Objects-normal/arm64/Binary/AutoReframe.debug.dylib normal arm64 (in target 'AutoReframe' from project 'AutoReframe')
    cd /Users/runner/work/Reframe/Reframe/App
    /Applications/Xcode_16.2.app/Contents/Developer/Toolchains/XcodeDefault.xctoolchain/usr/bin/clang -Xlinker -reproducible -target arm64-apple-ios16.0-simulator -dynamiclib -isysroot /Applications/Xcode_16.2.app/Contents/Developer/Platforms/iPhoneSimulator.platform/Developer/SDKs/iPhoneSimulator18.2.sdk -O0 -L/Users/runner/work/Reframe/Reframe/App/build/Build/Intermediates.noindex/EagerLinkingTBDs/Debug-iphonesimulator -L/Users/runner/work/Reframe/Reframe/App/build/Build/Products/Debug-iphonesimulator -F/Users/runner/work/Reframe/Reframe/App/build/Build/Intermediates.noindex/EagerLinkingTBDs/Debug-iphonesimulator -F/Users/runner/work/Reframe/Reframe/App/build/Build/Products/Debug-iphonesimulator/PackageFrameworks -F/Users/runner/work/Reframe/Reframe/App/build/Build/Products/Debug-iphonesimulator/PackageFrameworks -F/Users/runner/work/Reframe/Reframe/App/build/Build/Products/Debug-iphonesimulator -filelist /Users/runner/work/Reframe/Reframe/App/build/Build/Intermediates.noindex/AutoReframe.build/Debug-iphonesimulator/AutoReframe.build/Objects-normal/arm64/AutoReframe.LinkFileList -install_name @rpath/AutoReframe.debug.dylib -Xlinker -rpath -Xlinker /Users/runner/work/Reframe/Reframe/App/build/Build/Products/Debug-iphonesimulator/PackageFrameworks -Xlinker -rpath -Xlinker @executable_path/Frameworks -dead_strip -Xlinker -object_path_lto -Xlinker /Users/runner/work/Reframe/Reframe/App/build/Build/Intermediates.noindex/AutoReframe.build/Debug-iphonesimulator/AutoReframe.build/Objects-normal/arm64/AutoReframe_lto.o -Xlinker -export_dynamic -Xlinker -no_deduplicate -Xlinker -objc_abi_version -Xlinker 2 -fobjc-link-runtime -L/Applications/Xcode_16.2.app/Contents/Developer/Toolchains/XcodeDefault.xctoolchain/usr/lib/swift/iphonesimulator -L/usr/lib/swift -Xlinker -add_ast_path -Xlinker /Users/runner/work/Reframe/Reframe/App/build/Build/Intermediates.noindex/AutoReframe.build/Debug-iphonesimulator/AutoReframe.build/Objects-normal/arm64/AutoReframe.swiftmodule -Wl,-no_warn_duplicate_libraries -Wl,-no_warn_duplicate_libraries -Xlinker -alias -Xlinker _main -Xlinker ___debug_main_executable_dylib_entry_point -Xlinker -dependency_info -Xlinker /Users/runner/work/Reframe/Reframe/App/build/Build/Intermediates.noindex/AutoReframe.build/Debug-iphonesimulator/AutoReframe.build/Objects-normal/arm64/AutoReframe_dependency_info.dat -o /Users/runner/work/Reframe/Reframe/App/build/Build/Intermediates.noindex/AutoReframe.build/Debug-iphonesimulator/AutoReframe.build/Objects-normal/arm64/Binary/AutoReframe.debug.dylib -Xlinker -add_ast_path -Xlinker /Users/runner/work/Reframe/Reframe/App/build/Build/Intermediates.noindex/ReframeCore.build/Debug-iphonesimulator/TrackingKit.build/Objects-normal/arm64/TrackingKit.swiftmodule -Xlinker -add_ast_path -Xlinker /Users/runner/work/Reframe/Reframe/App/build/Build/Intermediates.noindex/ReframeCore.build/Debug-iphonesimulator/ReframeCore.build/Objects-normal/arm64/ReframeCore.swiftmodule

CreateUniversalBinary /Users/runner/work/Reframe/Reframe/App/build/Build/Products/Debug-iphonesimulator/AutoReframe.app/__preview.dylib normal arm64\ x86_64 (in target 'AutoReframe' from project 'AutoReframe')
    cd /Users/runner/work/Reframe/Reframe/App
    /Applications/Xcode_16.2.app/Contents/Developer/Toolchains/XcodeDefault.xctoolchain/usr/bin/lipo -create /Users/runner/work/Reframe/Reframe/App/build/Build/Intermediates.noindex/AutoReframe.build/Debug-iphonesimulator/AutoReframe.build/Objects-normal/arm64/Binary/__preview.dylib /Users/runner/work/Reframe/Reframe/App/build/Build/Intermediates.noindex/AutoReframe.build/Debug-iphonesimulator/AutoReframe.build/Objects-normal/x86_64/Binary/__preview.dylib -output /Users/runner/work/Reframe/Reframe/App/build/Build/Products/Debug-iphonesimulator/AutoReframe.app/__preview.dylib

SwiftDriverJobDiscovery normal x86_64 Compiling AutoReframeApp.swift, CameraService.swift, CameraView.swift (in target 'AutoReframe' from project 'AutoReframe')

SwiftDriver\ Compilation AutoReframe normal x86_64 com.apple.xcode.tools.swift.compiler (in target 'AutoReframe' from project 'AutoReframe')
    cd /Users/runner/work/Reframe/Reframe/App
    builtin-Swift-Compilation -- /Applications/Xcode_16.2.app/Contents/Developer/Toolchains/XcodeDefault.xctoolchain/usr/bin/swiftc -module-name AutoReframe -Onone -enforce-exclusivity\=checked @/Users/runner/work/Reframe/Reframe/App/build/Build/Intermediates.noindex/AutoReframe.build/Debug-iphonesimulator/AutoReframe.build/Objects-normal/x86_64/AutoReframe.SwiftFileList -DDEBUG -enable-bare-slash-regex -enable-experimental-feature DebugDescriptionMacro -sdk /Applications/Xcode_16.2.app/Contents/Developer/Platforms/iPhoneSimulator.platform/Developer/SDKs/iPhoneSimulator18.2.sdk -target x86_64-apple-ios16.0-simulator -g -module-cache-path /Users/runner/work/Reframe/Reframe/App/build/ModuleCache.noindex -Xfrontend -serialize-debugging-options -enable-testing -index-store-path /Users/runner/work/Reframe/Reframe/App/build/Index.noindex/DataStore -enable-experimental-feature OpaqueTypeErasure -Xcc -D_LIBCPP_HARDENING_MODE\=_LIBCPP_HARDENING_MODE_DEBUG -swift-version 5 -I /Users/runner/work/Reframe/Reframe/App/build/Build/Products/Debug-iphonesimulator -F /Users/runner/work/Reframe/Reframe/App/build/Build/Products/Debug-iphonesimulator/PackageFrameworks -F /Users/runner/work/Reframe/Reframe/App/build/Build/Products/Debug-iphonesimulator/PackageFrameworks -F /Users/runner/work/Reframe/Reframe/App/build/Build/Products/Debug-iphonesimulator -c -j3 -enable-batch-mode -incremental -Xcc -ivfsstatcache -Xcc /Users/runner/work/Reframe/Reframe/App/build/SDKStatCaches.noindex/iphonesimulator18.2-22C146-16b5fc1f628d844b188c57a1ba9d6a81.sdkstatcache -output-file-map /Users/runner/work/Reframe/Reframe/App/build/Build/Intermediates.noindex/AutoReframe.build/Debug-iphonesimulator/AutoReframe.build/Objects-normal/x86_64/AutoReframe-OutputFileMap.json -use-frontend-parseable-output -save-temps -no-color-diagnostics -serialize-diagnostics -emit-dependencies -emit-module -emit-module-path /Users/runner/work/Reframe/Reframe/App/build/Build/Intermediates.noindex/AutoReframe.build/Debug-iphonesimulator/AutoReframe.build/Objects-normal/x86_64/AutoReframe.swiftmodule -validate-clang-modules-once -clang-build-session-file /Users/runner/work/Reframe/Reframe/App/build/ModuleCache.noindex/Session.modulevalidation -Xcc -I/Users/runner/work/Reframe/Reframe/App/build/Build/Intermediates.noindex/AutoReframe.build/Debug-iphonesimulator/AutoReframe.build/swift-overrides.hmap -emit-const-values -Xfrontend -const-gather-protocols-file -Xfrontend /Users/runner/work/Reframe/Reframe/App/build/Build/Intermediates.noindex/AutoReframe.build/Debug-iphonesimulator/AutoReframe.build/Objects-normal/x86_64/AutoReframe_const_extract_protocols.json -Xcc -iquote -Xcc /Users/runner/work/Reframe/Reframe/App/build/Build/Intermediates.noindex/AutoReframe.build/Debug-iphonesimulator/AutoReframe.build/AutoReframe-generated-files.hmap -Xcc -I/Users/runner/work/Reframe/Reframe/App/build/Build/Intermediates.noindex/AutoReframe.build/Debug-iphonesimulator/AutoReframe.build/AutoReframe-own-target-headers.hmap -Xcc -I/Users/runner/work/Reframe/Reframe/App/build/Build/Intermediates.noindex/AutoReframe.build/Debug-iphonesimulator/AutoReframe.build/AutoReframe-all-non-framework-target-headers.hmap -Xcc -ivfsoverlay -Xcc /Users/runner/work/Reframe/Reframe/App/build/Build/Intermediates.noindex/AutoReframe.build/Debug-iphonesimulator/AutoReframe-80d5b118fb95dbd414767e04e4966aee-VFS-iphonesimulator/all-product-headers.yaml -Xcc -iquote -Xcc /Users/runner/work/Reframe/Reframe/App/build/Build/Intermediates.noindex/AutoReframe.build/Debug-iphonesimulator/AutoReframe.build/AutoReframe-project-headers.hmap -Xcc -I/Users/runner/work/Reframe/Reframe/App/build/Build/Products/Debug-iphonesimulator/include -Xcc -I/Users/runner/work/Reframe/Reframe/App/build/Build/Intermediates.noindex/AutoReframe.build/Debug-iphonesimulator/AutoReframe.build/DerivedSources-normal/x86_64 -Xcc -I/Users/runner/work/Reframe/Reframe/App/build/Build/Intermediates.noindex/AutoReframe.build/Debug-iphonesimulator/AutoReframe.build/DerivedSources/x86_64 -Xcc -I/Users/runner/work/Reframe/Reframe/App/build/Build/Intermediates.noindex/AutoReframe.build/Debug-iphonesimulator/AutoReframe.build/DerivedSources -Xcc -DDEBUG\=1 -emit-objc-header -emit-objc-header-path /Users/runner/work/Reframe/Reframe/App/build/Build/Intermediates.noindex/AutoReframe.build/Debug-iphonesimulator/AutoReframe.build/Objects-normal/x86_64/AutoReframe-Swift.h -working-directory /Users/runner/work/Reframe/Reframe/App -experimental-emit-module-separately -disable-cmo

Ld /Users/runner/work/Reframe/Reframe/App/build/Build/Intermediates.noindex/AutoReframe.build/Debug-iphonesimulator/AutoReframe.build/Objects-normal/x86_64/Binary/AutoReframe.debug.dylib normal x86_64 (in target 'AutoReframe' from project 'AutoReframe')
    cd /Users/runner/work/Reframe/Reframe/App
    /Applications/Xcode_16.2.app/Contents/Developer/Toolchains/XcodeDefault.xctoolchain/usr/bin/clang -Xlinker -reproducible -target x86_64-apple-ios16.0-simulator -dynamiclib -isysroot /Applications/Xcode_16.2.app/Contents/Developer/Platforms/iPhoneSimulator.platform/Developer/SDKs/iPhoneSimulator18.2.sdk -O0 -L/Users/runner/work/Reframe/Reframe/App/build/Build/Intermediates.noindex/EagerLinkingTBDs/Debug-iphonesimulator -L/Users/runner/work/Reframe/Reframe/App/build/Build/Products/Debug-iphonesimulator -F/Users/runner/work/Reframe/Reframe/App/build/Build/Intermediates.noindex/EagerLinkingTBDs/Debug-iphonesimulator -F/Users/runner/work/Reframe/Reframe/App/build/Build/Products/Debug-iphonesimulator/PackageFrameworks -F/Users/runner/work/Reframe/Reframe/App/build/Build/Products/Debug-iphonesimulator/PackageFrameworks -F/Users/runner/work/Reframe/Reframe/App/build/Build/Products/Debug-iphonesimulator -filelist /Users/runner/work/Reframe/Reframe/App/build/Build/Intermediates.noindex/AutoReframe.build/Debug-iphonesimulator/AutoReframe.build/Objects-normal/x86_64/AutoReframe.LinkFileList -install_name @rpath/AutoReframe.debug.dylib -Xlinker -rpath -Xlinker /Users/runner/work/Reframe/Reframe/App/build/Build/Products/Debug-iphonesimulator/PackageFrameworks -Xlinker -rpath -Xlinker @executable_path/Frameworks -dead_strip -Xlinker -object_path_lto -Xlinker /Users/runner/work/Reframe/Reframe/App/build/Build/Intermediates.noindex/AutoReframe.build/Debug-iphonesimulator/AutoReframe.build/Objects-normal/x86_64/AutoReframe_lto.o -Xlinker -export_dynamic -Xlinker -no_deduplicate -Xlinker -objc_abi_version -Xlinker 2 -fobjc-link-runtime -L/Applications/Xcode_16.2.app/Contents/Developer/Toolchains/XcodeDefault.xctoolchain/usr/lib/swift/iphonesimulator -L/usr/lib/swift -Xlinker -add_ast_path -Xlinker /Users/runner/work/Reframe/Reframe/App/build/Build/Intermediates.noindex/AutoReframe.build/Debug-iphonesimulator/AutoReframe.build/Objects-normal/x86_64/AutoReframe.swiftmodule -Wl,-no_warn_duplicate_libraries -Wl,-no_warn_duplicate_libraries -Xlinker -alias -Xlinker _main -Xlinker ___debug_main_executable_dylib_entry_point -Xlinker -dependency_info -Xlinker /Users/runner/work/Reframe/Reframe/App/build/Build/Intermediates.noindex/AutoReframe.build/Debug-iphonesimulator/AutoReframe.build/Objects-normal/x86_64/AutoReframe_dependency_info.dat -o /Users/runner/work/Reframe/Reframe/App/build/Build/Intermediates.noindex/AutoReframe.build/Debug-iphonesimulator/AutoReframe.build/Objects-normal/x86_64/Binary/AutoReframe.debug.dylib -Xlinker -add_ast_path -Xlinker /Users/runner/work/Reframe/Reframe/App/build/Build/Intermediates.noindex/ReframeCore.build/Debug-iphonesimulator/TrackingKit.build/Objects-normal/x86_64/TrackingKit.swiftmodule -Xlinker -add_ast_path -Xlinker /Users/runner/work/Reframe/Reframe/App/build/Build/Intermediates.noindex/ReframeCore.build/Debug-iphonesimulator/ReframeCore.build/Objects-normal/x86_64/ReframeCore.swiftmodule

ConstructStubExecutorLinkFileList /Users/runner/work/Reframe/Reframe/App/build/Build/Intermediates.noindex/AutoReframe.build/Debug-iphonesimulator/AutoReframe.build/AutoReframe-ExecutorLinkFileList-normal-arm64.txt (in target 'AutoReframe' from project 'AutoReframe')
    cd /Users/runner/work/Reframe/Reframe/App
    construct-stub-executor-link-file-list /Users/runner/work/Reframe/Reframe/App/build/Build/Intermediates.noindex/AutoReframe.build/Debug-iphonesimulator/AutoReframe.build/Objects-normal/arm64/Binary/AutoReframe.debug.dylib /Applications/Xcode_16.2.app/Contents/Developer/Platforms/iPhoneSimulator.platform/Developer/usr/lib/libPreviewsJITStubExecutor_no_swift_entry_point.a /Applications/Xcode_16.2.app/Contents/Developer/Platforms/iPhoneSimulator.platform/Developer/usr/lib/libPreviewsJITStubExecutor.a --output /Users/runner/work/Reframe/Reframe/App/build/Build/Intermediates.noindex/AutoReframe.build/Debug-iphonesimulator/AutoReframe.build/AutoReframe-ExecutorLinkFileList-normal-arm64.txt
note: Using stub executor library with Swift entry point. (in target 'AutoReframe' from project 'AutoReframe')

Ld /Users/runner/work/Reframe/Reframe/App/build/Build/Intermediates.noindex/AutoReframe.build/Debug-iphonesimulator/AutoReframe.build/Objects-normal/arm64/Binary/AutoReframe normal arm64 (in target 'AutoReframe' from project 'AutoReframe')
    cd /Users/runner/work/Reframe/Reframe/App
    /Applications/Xcode_16.2.app/Contents/Developer/Toolchains/XcodeDefault.xctoolchain/usr/bin/clang -Xlinker -reproducible -target arm64-apple-ios16.0-simulator -isysroot /Applications/Xcode_16.2.app/Contents/Developer/Platforms/iPhoneSimulator.platform/Developer/SDKs/iPhoneSimulator18.2.sdk -O0 -L/Users/runner/work/Reframe/Reframe/App/build/Build/Products/Debug-iphonesimulator -F/Users/runner/work/Reframe/Reframe/App/build/Build/Products/Debug-iphonesimulator/PackageFrameworks -F/Users/runner/work/Reframe/Reframe/App/build/Build/Products/Debug-iphonesimulator/PackageFrameworks -F/Users/runner/work/Reframe/Reframe/App/build/Build/Products/Debug-iphonesimulator -Xlinker -rpath -Xlinker @executable_path -Xlinker -rpath -Xlinker /Users/runner/work/Reframe/Reframe/App/build/Build/Products/Debug-iphonesimulator/PackageFrameworks -Xlinker -rpath -Xlinker @executable_path/Frameworks -Xlinker -export_dynamic -Xlinker -no_deduplicate -Xlinker -objc_abi_version -Xlinker 2 -e ___debug_blank_executor_main -Xlinker -sectcreate -Xlinker __TEXT -Xlinker __debug_dylib -Xlinker /Users/runner/work/Reframe/Reframe/App/build/Build/Intermediates.noindex/AutoReframe.build/Debug-iphonesimulator/AutoReframe.build/AutoReframe-DebugDylibPath-normal-arm64.txt -Xlinker -sectcreate -Xlinker __TEXT -Xlinker __debug_instlnm -Xlinker /Users/runner/work/Reframe/Reframe/App/build/Build/Intermediates.noindex/AutoReframe.build/Debug-iphonesimulator/AutoReframe.build/AutoReframe-DebugDylibInstallName-normal-arm64.txt -Xlinker -filelist -Xlinker /Users/runner/work/Reframe/Reframe/App/build/Build/Intermediates.noindex/AutoReframe.build/Debug-iphonesimulator/AutoReframe.build/AutoReframe-ExecutorLinkFileList-normal-arm64.txt /Users/runner/work/Reframe/Reframe/App/build/Build/Intermediates.noindex/AutoReframe.build/Debug-iphonesimulator/AutoReframe.build/Objects-normal/arm64/Binary/AutoReframe.debug.dylib -o /Users/runner/work/Reframe/Reframe/App/build/Build/Intermediates.noindex/AutoReframe.build/Debug-iphonesimulator/AutoReframe.build/Objects-normal/arm64/Binary/AutoReframe

CreateUniversalBinary /Users/runner/work/Reframe/Reframe/App/build/Build/Products/Debug-iphonesimulator/AutoReframe.app/AutoReframe.debug.dylib normal arm64\ x86_64 (in target 'AutoReframe' from project 'AutoReframe')
    cd /Users/runner/work/Reframe/Reframe/App
    /Applications/Xcode_16.2.app/Contents/Developer/Toolchains/XcodeDefault.xctoolchain/usr/bin/lipo -create /Users/runner/work/Reframe/Reframe/App/build/Build/Intermediates.noindex/AutoReframe.build/Debug-iphonesimulator/AutoReframe.build/Objects-normal/arm64/Binary/AutoReframe.debug.dylib /Users/runner/work/Reframe/Reframe/App/build/Build/Intermediates.noindex/AutoReframe.build/Debug-iphonesimulator/AutoReframe.build/Objects-normal/x86_64/Binary/AutoReframe.debug.dylib -output /Users/runner/work/Reframe/Reframe/App/build/Build/Products/Debug-iphonesimulator/AutoReframe.app/AutoReframe.debug.dylib

ConstructStubExecutorLinkFileList /Users/runner/work/Reframe/Reframe/App/build/Build/Intermediates.noindex/AutoReframe.build/Debug-iphonesimulator/AutoReframe.build/AutoReframe-ExecutorLinkFileList-normal-x86_64.txt (in target 'AutoReframe' from project 'AutoReframe')
    cd /Users/runner/work/Reframe/Reframe/App
    construct-stub-executor-link-file-list /Users/runner/work/Reframe/Reframe/App/build/Build/Intermediates.noindex/AutoReframe.build/Debug-iphonesimulator/AutoReframe.build/Objects-normal/x86_64/Binary/AutoReframe.debug.dylib /Applications/Xcode_16.2.app/Contents/Developer/Platforms/iPhoneSimulator.platform/Developer/usr/lib/libPreviewsJITStubExecutor_no_swift_entry_point.a /Applications/Xcode_16.2.app/Contents/Developer/Platforms/iPhoneSimulator.platform/Developer/usr/lib/libPreviewsJITStubExecutor.a --output /Users/runner/work/Reframe/Reframe/App/build/Build/Intermediates.noindex/AutoReframe.build/Debug-iphonesimulator/AutoReframe.build/AutoReframe-ExecutorLinkFileList-normal-x86_64.txt
note: Using stub executor library with Swift entry point. (in target 'AutoReframe' from project 'AutoReframe')

Ld /Users/runner/work/Reframe/Reframe/App/build/Build/Intermediates.noindex/AutoReframe.build/Debug-iphonesimulator/AutoReframe.build/Objects-normal/x86_64/Binary/AutoReframe normal x86_64 (in target 'AutoReframe' from project 'AutoReframe')
    cd /Users/runner/work/Reframe/Reframe/App
    /Applications/Xcode_16.2.app/Contents/Developer/Toolchains/XcodeDefault.xctoolchain/usr/bin/clang -Xlinker -reproducible -target x86_64-apple-ios16.0-simulator -isysroot /Applications/Xcode_16.2.app/Contents/Developer/Platforms/iPhoneSimulator.platform/Developer/SDKs/iPhoneSimulator18.2.sdk -O0 -L/Users/runner/work/Reframe/Reframe/App/build/Build/Products/Debug-iphonesimulator -F/Users/runner/work/Reframe/Reframe/App/build/Build/Products/Debug-iphonesimulator/PackageFrameworks -F/Users/runner/work/Reframe/Reframe/App/build/Build/Products/Debug-iphonesimulator/PackageFrameworks -F/Users/runner/work/Reframe/Reframe/App/build/Build/Products/Debug-iphonesimulator -Xlinker -rpath -Xlinker @executable_path -Xlinker -rpath -Xlinker /Users/runner/work/Reframe/Reframe/App/build/Build/Products/Debug-iphonesimulator/PackageFrameworks -Xlinker -rpath -Xlinker @executable_path/Frameworks -Xlinker -export_dynamic -Xlinker -no_deduplicate -Xlinker -objc_abi_version -Xlinker 2 -e ___debug_blank_executor_main -Xlinker -sectcreate -Xlinker __TEXT -Xlinker __debug_dylib -Xlinker /Users/runner/work/Reframe/Reframe/App/build/Build/Intermediates.noindex/AutoReframe.build/Debug-iphonesimulator/AutoReframe.build/AutoReframe-DebugDylibPath-normal-x86_64.txt -Xlinker -sectcreate -Xlinker __TEXT -Xlinker __debug_instlnm -Xlinker /Users/runner/work/Reframe/Reframe/App/build/Build/Intermediates.noindex/AutoReframe.build/Debug-iphonesimulator/AutoReframe.build/AutoReframe-DebugDylibInstallName-normal-x86_64.txt -Xlinker -filelist -Xlinker /Users/runner/work/Reframe/Reframe/App/build/Build/Intermediates.noindex/AutoReframe.build/Debug-iphonesimulator/AutoReframe.build/AutoReframe-ExecutorLinkFileList-normal-x86_64.txt /Users/runner/work/Reframe/Reframe/App/build/Build/Intermediates.noindex/AutoReframe.build/Debug-iphonesimulator/AutoReframe.build/Objects-normal/x86_64/Binary/AutoReframe.debug.dylib -o /Users/runner/work/Reframe/Reframe/App/build/Build/Intermediates.noindex/AutoReframe.build/Debug-iphonesimulator/AutoReframe.build/Objects-normal/x86_64/Binary/AutoReframe

CreateUniversalBinary /Users/runner/work/Reframe/Reframe/App/build/Build/Products/Debug-iphonesimulator/AutoReframe.app/AutoReframe normal arm64\ x86_64 (in target 'AutoReframe' from project 'AutoReframe')
    cd /Users/runner/work/Reframe/Reframe/App
    /Applications/Xcode_16.2.app/Contents/Developer/Toolchains/XcodeDefault.xctoolchain/usr/bin/lipo -create /Users/runner/work/Reframe/Reframe/App/build/Build/Intermediates.noindex/AutoReframe.build/Debug-iphonesimulator/AutoReframe.build/Objects-normal/arm64/Binary/AutoReframe /Users/runner/work/Reframe/Reframe/App/build/Build/Intermediates.noindex/AutoReframe.build/Debug-iphonesimulator/AutoReframe.build/Objects-normal/x86_64/Binary/AutoReframe -output /Users/runner/work/Reframe/Reframe/App/build/Build/Products/Debug-iphonesimulator/AutoReframe.app/AutoReframe

ExtractAppIntentsMetadata (in target 'AutoReframe' from project 'AutoReframe')
    cd /Users/runner/work/Reframe/Reframe/App
    /Applications/Xcode_16.2.app/Contents/Developer/Toolchains/XcodeDefault.xctoolchain/usr/bin/appintentsmetadataprocessor --output /Users/runner/work/Reframe/Reframe/App/build/Build/Products/Debug-iphonesimulator/AutoReframe.app --toolchain-dir /Applications/Xcode_16.2.app/Contents/Developer/Toolchains/XcodeDefault.xctoolchain --module-name AutoReframe --sdk-root /Applications/Xcode_16.2.app/Contents/Developer/Platforms/iPhoneSimulator.platform/Developer/SDKs/iPhoneSimulator18.2.sdk --xcode-version 16C5032a --platform-family iOS --deployment-target 16.0 --bundle-identifier app.autoreframe.AutoReframe --target-triple arm64-apple-ios16.0-simulator --target-triple x86_64-apple-ios16.0-simulator --binary-file /Users/runner/work/Reframe/Reframe/App/build/Build/Products/Debug-iphonesimulator/AutoReframe.app/AutoReframe --dependency-file /Users/runner/work/Reframe/Reframe/App/build/Build/Intermediates.noindex/AutoReframe.build/Debug-iphonesimulator/AutoReframe.build/Objects-normal/arm64/AutoReframe_dependency_info.dat --dependency-file /Users/runner/work/Reframe/Reframe/App/build/Build/Intermediates.noindex/AutoReframe.build/Debug-iphonesimulator/AutoReframe.build/Objects-normal/x86_64/AutoReframe_dependency_info.dat --stringsdata-file /Users/runner/work/Reframe/Reframe/App/build/Build/Intermediates.noindex/AutoReframe.build/Debug-iphonesimulator/AutoReframe.build/Objects-normal/arm64/ExtractedAppShortcutsMetadata.stringsdata --stringsdata-file /Users/runner/work/Reframe/Reframe/App/build/Build/Intermediates.noindex/AutoReframe.build/Debug-iphonesimulator/AutoReframe.build/Objects-normal/x86_64/ExtractedAppShortcutsMetadata.stringsdata --source-file-list /Users/runner/work/Reframe/Reframe/App/build/Build/Intermediates.noindex/AutoReframe.build/Debug-iphonesimulator/AutoReframe.build/Objects-normal/arm64/AutoReframe.SwiftFileList --source-file-list /Users/runner/work/Reframe/Reframe/App/build/Build/Intermediates.noindex/AutoReframe.build/Debug-iphonesimulator/AutoReframe.build/Objects-normal/x86_64/AutoReframe.SwiftFileList --metadata-file-list /Users/runner/work/Reframe/Reframe/App/build/Build/Intermediates.noindex/AutoReframe.build/Debug-iphonesimulator/AutoReframe.build/AutoReframe.DependencyMetadataFileList --swift-const-vals-list /Users/runner/work/Reframe/Reframe/App/build/Build/Intermediates.noindex/AutoReframe.build/Debug-iphonesimulator/AutoReframe.build/Objects-normal/arm64/AutoReframe.SwiftConstValuesFileList --swift-const-vals-list /Users/runner/work/Reframe/Reframe/App/build/Build/Intermediates.noindex/AutoReframe.build/Debug-iphonesimulator/AutoReframe.build/Objects-normal/x86_64/AutoReframe.SwiftConstValuesFileList --compile-time-extraction --deployment-aware-processing --validate-assistant-intents
note: Metadata extraction skipped. No AppIntents.framework dependency found. (in target 'AutoReframe' from project 'AutoReframe')

CopySwiftLibs /Users/runner/work/Reframe/Reframe/App/build/Build/Products/Debug-iphonesimulator/AutoReframe.app (in target 'AutoReframe' from project 'AutoReframe')
    cd /Users/runner/work/Reframe/Reframe/App
    builtin-swiftStdLibTool --copy --verbose --scan-executable /Users/runner/work/Reframe/Reframe/App/build/Build/Products/Debug-iphonesimulator/AutoReframe.app/AutoReframe.debug.dylib --scan-folder /Users/runner/work/Reframe/Reframe/App/build/Build/Products/Debug-iphonesimulator/AutoReframe.app/Frameworks --scan-folder /Users/runner/work/Reframe/Reframe/App/build/Build/Products/Debug-iphonesimulator/AutoReframe.app/PlugIns --scan-folder /Users/runner/work/Reframe/Reframe/App/build/Build/Products/Debug-iphonesimulator/AutoReframe.app/SystemExtensions --scan-folder /Users/runner/work/Reframe/Reframe/App/build/Build/Products/Debug-iphonesimulator/AutoReframe.app/Extensions --platform iphonesimulator --toolchain /Applications/Xcode_16.2.app/Contents/Developer/Toolchains/XcodeDefault.xctoolchain --destination /Users/runner/work/Reframe/Reframe/App/build/Build/Products/Debug-iphonesimulator/AutoReframe.app/Frameworks --strip-bitcode --strip-bitcode-tool /Applications/Xcode_16.2.app/Contents/Developer/Toolchains/XcodeDefault.xctoolchain/usr/bin/bitcode_strip --emit-dependency-info /Users/runner/work/Reframe/Reframe/App/build/Build/Intermediates.noindex/AutoReframe.build/Debug-iphonesimulator/AutoReframe.build/SwiftStdLibToolInputDependencies.dep --filter-for-swift-os
Ignoring --strip-bitcode because --sign was not passed

AppIntentsSSUTraining (in target 'AutoReframe' from project 'AutoReframe')
    cd /Users/runner/work/Reframe/Reframe/App
    /Applications/Xcode_16.2.app/Contents/Developer/Toolchains/XcodeDefault.xctoolchain/usr/bin/appintentsnltrainingprocessor --infoplist-path /Users/runner/work/Reframe/Reframe/App/build/Build/Products/Debug-iphonesimulator/AutoReframe.app/Info.plist --temp-dir-path /Users/runner/work/Reframe/Reframe/App/build/Build/Intermediates.noindex/AutoReframe.build/Debug-iphonesimulator/AutoReframe.build/ssu --bundle-id app.autoreframe.AutoReframe --product-path /Users/runner/work/Reframe/Reframe/App/build/Build/Products/Debug-iphonesimulator/AutoReframe.app --extracted-metadata-path /Users/runner/work/Reframe/Reframe/App/build/Build/Products/Debug-iphonesimulator/AutoReframe.app/Metadata.appintents --archive-ssu-assets
2026-10-09 09:38:10.736 appintentsnltrainingprocessor[3062:11754] Parsing options for appintentsnltrainingprocessor
2026-10-09 09:38:10.741 appintentsnltrainingprocessor[3062:11754] No AppShortcuts found - Skipping.

RegisterExecutionPolicyException /Users/runner/work/Reframe/Reframe/App/build/Build/Products/Debug-iphonesimulator/AutoReframe.app (in target 'AutoReframe' from project 'AutoReframe')
    cd /Users/runner/work/Reframe/Reframe/App
    builtin-RegisterExecutionPolicyException /Users/runner/work/Reframe/Reframe/App/build/Build/Products/Debug-iphonesimulator/AutoReframe.app

Validate /Users/runner/work/Reframe/Reframe/App/build/Build/Products/Debug-iphonesimulator/AutoReframe.app (in target 'AutoReframe' from project 'AutoReframe')
    cd /Users/runner/work/Reframe/Reframe/App
    builtin-validationUtility /Users/runner/work/Reframe/Reframe/App/build/Build/Products/Debug-iphonesimulator/AutoReframe.app -infoplist-subpath Info.plist

Touch /Users/runner/work/Reframe/Reframe/App/build/Build/Products/Debug-iphonesimulator/AutoReframe.app (in target 'AutoReframe' from project 'AutoReframe')
    cd /Users/runner/work/Reframe/Reframe/App
    /usr/bin/touch -c /Users/runner/work/Reframe/Reframe/App/build/Build/Products/Debug-iphonesimulator/AutoReframe.app

** BUILD SUCCEEDED **

